999
LibreDWG 0.14
  0
SECTION
  2
HEADER
  9
$ACADVER
  1
AC1032
  9
$ACADMAINTVER
 90
        0
  9
$DWGCODEPAGE
  3
ANSI_1252
  9
$LASTSAVEDBY
  1
z
  9
$REQUIREDVERSIONS
160
           0
  9
$INSBASE
 10
0.0
 20
0.0
 30
0.0
  9
$EXTMIN
 10
347.61437195245
 20
-51.10406724702534
 30
-0.5249024276441823
  9
$EXTMAX
 10
376.2993475371316
 20
-35.64325782969445
 30
0.6235920134885653
  9
$LIMMIN
 10
0.0
 20
0.0
  9
$LIMMAX
 10
12.0
 20
9.0
  9
$ORTHOMODE
 70
     1
  9
$REGENMODE
 70
     1
  9
$FILLMODE
 70
     1
  9
$QTEXTMODE
 70
     0
  9
$MIRRTEXT
 70
     0
  9
$LTSCALE
 40
0.4
  9
$ATTMODE
 70
     1
  9
$TEXTSIZE
 40
0.2
  9
$TRACEWID
 40
0.05
  9
$TEXTSTYLE
  7
Standard
  9
$CLAYER
  8
inne_gulv
  9
$CELTYPE
  6
ByLayer
  9
$CECOLOR
 62
     0
  9
$CELTSCALE
 40
1.0
  9
$DISPSILH
 70
     0
  9
$DIMSCALE
 40
1.0
  9
$DIMASZ
 40
0.18
  9
$DIMEXO
 40
0.3735
  9
$DIMDLI
 40
0.1500000000000128
  9
$DIMRND
 40
0.0
  9
$DIMDLE
 40
0.0
  9
$DIMEXE
 40
0.167
  9
$DIMTP
 40
0.0
  9
$DIMTM
 40
0.0
  9
$DIMTXT
 40
0.12
  9
$DIMCEN
 40
0.09
  9
$DIMTSZ
 40
0.0
  9
$DIMTOL
 70
     0
  9
$DIMLIM
 70
     0
  9
$DIMTIH
 70
     1
  9
$DIMTOH
 70
     1
  9
$DIMSE1
 70
     0
  9
$DIMSE2
 70
     0
  9
$DIMTAD
 70
     0
  9
$DIMZIN
 70
     0
  9
$DIMBLK
  1
_OBLIQUE
  9
$DIMASO
 70
     1
  9
$DIMSHO
 70
     1
  9
$DIMPOST
  1

  9
$DIMAPOST
  1

  9
$DIMALT
 70
     0
  9
$DIMALTD
 70
     2
  9
$DIMALTF
 40
25.4
  9
$DIMLFAC
 40
1.0
  9
$DIMTOFL
 70
     0
  9
$DIMTVP
 40
0.0
  9
$DIMTIX
 70
     1
  9
$DIMSOXD
 70
     0
  9
$DIMSAH
 70
     0
  9
$DIMBLK1
  1

  9
$DIMBLK2
  1

  9
$DIMSTYLE
  2
ENMA
  9
$DIMCLRD
 70
     0
  9
$DIMCLRE
 70
     0
  9
$DIMCLRT
 70
     0
  9
$DIMTFAC
 40
1.0
  9
$DIMGAP
 40
0.09
  9
$DIMJUST
 70
     0
  9
$DIMSD1
 70
     0
  9
$DIMSD2
 70
     0
  9
$DIMTOLJ
 70
     1
  9
$DIMTZIN
 70
     0
  9
$DIMALTZ
 70
     0
  9
$DIMALTTZ
 70
     0
  9
$DIMUPT
 70
     0
  9
$DIMDEC
 70
     2
  9
$DIMTDEC
 70
     2
  9
$DIMALTU
 70
     2
  9
$DIMALTTD
 70
     2
  9
$DIMTXSTY
  7
Tahoma
  9
$DIMAUNIT
 70
     0
  9
$DIMADEC
 70
     0
  9
$DIMALTRND
 40
0.0
  9
$DIMAZIN
 70
     0
  9
$DIMDSEP
 70
    46
  9
$DIMATFIT
 70
     3
  9
$DIMFRAC
 70
     0
  9
$DIMLDRBLK
  1
_OBLIQUE
  9
$DIMLUNIT
 70
     2
  9
$DIMLWD
 70
    -2
  9
$DIMLWE
 70
    -2
  9
$DIMTMOVE
 70
     0
  9
$DIMFXL
 40
0.9
  9
$DIMFXLON
 70
     1
  9
$DIMJOGANG
 40
0.7853981633974483
  9
$DIMTFILL
 70
     0
  9
$DIMTFILLCLR
 70
     0
  9
$DIMARCSYM
 70
     0
  9
$DIMLTYPE
  6

  9
$DIMLTEX1
  6

  9
$DIMLTEX2
  6

  9
$DIMTXTDIRECTION
 70
     0
  9
$LUNITS
 70
     2
  9
$LUPREC
 70
     4
  9
$AXISMODE
 70
     0
  9
$AXISUNIT
 10
0.0
 20
0.0
  9
$SKETCHINC
 40
0.1
  9
$FILLETRAD
 40
0.2
  9
$AUNITS
 70
     0
  9
$AUPREC
 70
     0
  9
$MENU
  1
.
  9
$ELEVATION
 40
0.0
  9
$PELEVATION
 40
0.0
  9
$THICKNESS
 40
0.0
  9
$LIMCHECK
 70
     0
  9
$CHAMFERA
 40
0.0
  9
$CHAMFERB
 40
0.0
  9
$CHAMFERC
 40
0.0
  9
$CHAMFERD
 40
0.0
  9
$SKPOLY
 70
     0
  9
$TDCREATE
 40
2457241.204079960
  9
$TDUCREATE
 40
2457241.006079960
  9
$TDUPDATE
 40
2458950.995470000
  9
$TDUUPDATE
 40
2458950.797470000
  9
$TDINDWG
 40
51.747259700
  9
$TDUSRTIMER
 40
51.747259670
  9
$USRTIMER
 70
     1
  9
$ANGBASE
 50
0.0
  9
$ANGDIR
 70
     0
  9
$PDMODE
 70
     0
  9
$PDSIZE
 40
0.0
  9
$PLINEWID
 40
0.0
  9
$SPLFRAME
 70
     0
  9
$SPLINETYPE
 70
     6
  9
$SPLINESEGS
 70
     8
  9
$HANDSEED
  5
8AD
  9
$SURFTAB1
 70
     6
  9
$SURFTAB2
 70
     6
  9
$SURFTYPE
 70
     6
  9
$SURFU
 70
     6
  9
$SURFV
 70
     6
  9
$UCSBASE
  2

  9
$UCSORG
 10
0.0
 20
0.0
 30
0.0
  9
$UCSXDIR
 10
1.0
 20
0.0
 30
0.0
  9
$UCSYDIR
 10
0.0
 20
1.0
 30
0.0
  9
$UCSORTHOREF
  2

  9
$UCSORTHOVIEW
 70
     0
  9
$UCSORGTOP
 10
0.0
 20
0.0
 30
0.0
  9
$UCSORGBOTTOM
 10
0.0
 20
0.0
 30
0.0
  9
$UCSORGLEFT
 10
0.0
 20
0.0
 30
0.0
  9
$UCSORGRIGHT
 10
0.0
 20
0.0
 30
0.0
  9
$UCSORGFRONT
 10
0.0
 20
0.0
 30
0.0
  9
$UCSORGBACK
 10
0.0
 20
0.0
 30
0.0
  9
$PUCSBASE
  2

  9
$PUCSORG
 10
0.0
 20
0.0
 30
0.0
  9
$PUCSXDIR
 10
1.0
 20
0.0
 30
0.0
  9
$PUCSYDIR
 10
0.0
 20
1.0
 30
0.0
  9
$PUCSORTHOREF
  2

  9
$PUCSORTHOVIEW
 70
     0
  9
$PUCSORGTOP
 10
0.0
 20
0.0
 30
0.0
  9
$PUCSORGBOTTOM
 10
0.0
 20
0.0
 30
0.0
  9
$PUCSORGLEFT
 10
0.0
 20
0.0
 30
0.0
  9
$PUCSORGRIGHT
 10
0.0
 20
0.0
 30
0.0
  9
$PUCSORGFRONT
 10
0.0
 20
0.0
 30
0.0
  9
$PUCSORGBACK
 10
0.0
 20
0.0
 30
0.0
  9
$USERI1
 70
     0
  9
$USERI2
 70
     0
  9
$USERI3
 70
     0
  9
$USERI4
 70
     0
  9
$USERI5
 70
     0
  9
$USERR1
 40
0.0
  9
$USERR2
 40
0.0
  9
$USERR3
 40
0.0
  9
$USERR4
 40
0.0
  9
$USERR5
 40
0.0
  9
$WORLDVIEW
 70
     1
  9
$SHADEDGE
 70
     3
  9
$SHADEDIF
 70
    70
  9
$TILEMODE
 70
     1
  9
$MAXACTVP
 70
    64
  9
$PINSBASE
 10
0.0
 20
0.0
 30
0.0
  9
$PLIMCHECK
 70
     0
  9
$PEXTMIN
 10
1.049999952316284
 20
0.7999999523162842
 30
0.0
  9
$PEXTMAX
 10
9.449999570846559
 20
7.199999570846559
 30
0.0
  9
$PLIMMIN
 10
-0.2500002402958907
 20
-0.2499999962453767
  9
$PLIMMAX
 10
10.74999951940822
 20
8.249999763458733
  9
$UNITMODE
 70
     0
  9
$VISRETAIN
 70
     1
  9
$PLINEGEN
 70
     0
  9
$PSLTSCALE
 70
     1
  9
$TREEDEPTH
 70
  3020
  9
$CMLSTYLE
  2
S
  9
$CMLJUST
 70
     0
  9
$CMLSCALE
 40
1.0
  9
$PROXYGRAPHICS
 70
     1
  9
$MEASUREMENT
 70
     0
  9
$CELWEIGHT
370
    -1
  9
$ENDCAPS
280
     0
  9
$JOINSTYLE
280
     0
  9
$LWDISPLAY
290
     0
  9
$INSUNITS
 70
     1
  9
$HYPERLINKBASE
  1

  9
$STYLESHEET
  1
monochrome.ctb
  9
$XEDIT
290
     1
  9
$CEPSNTYPE
380
     0
  9
$PSTYLEMODE
290
     1
  9
$FINGERPRINTGUID
  2
{2ADE3D57-0C09-4C43-B183-9ECE9D5F42C1}
  9
$VERSIONGUID
  2
{4B9ACD77-DF9F-F54D-9F84-E76BB4A4FD1B}
  9
$EXTNAMES
290
     1
  9
$PSVPSCALE
 40
0.0
  9
$OLESTARTUP
290
     0
  9
$SORTENTS
280
   127
  9
$INDEXCTL
280
     0
  9
$HIDETEXT
280
     1
  9
$XCLIPFRAME
280
     0
  9
$HALOGAP
280
     0
  9
$OBSCOLOR
 70
   257
  9
$OBSLTYPE
280
     0
  9
$INTERSECTIONDISPLAY
280
     0
  9
$INTERSECTIONCOLOR
 70
   257
  9
$DIMASSOC
280
     2
  9
$PROJECTNAME
  1

  9
$CAMERADISPLAY
290
     0
  9
$LENSLENGTH
 40
50.0
  9
$CAMERAHEIGHT
 40
0.0
  9
$STEPSPERSEC
 40
2.0
  9
$STEPSIZE
 40
6.0
  9
$3DDWFPREC
 40
2.0
  9
$PSOLWIDTH
 40
0.25
  9
$PSOLHEIGHT
 40
4.0
  9
$LOFTANG1
 40
1.570796326794897
  9
$LOFTANG2
 40
1.570796326794897
  9
$LOFTMAG1
 40
0.0
  9
$LOFTMAG2
 40
0.0
  9
$LOFTPARAM
 70
     7
  9
$LOFTNORMALS
280
     1
  9
$LATITUDE
 40
37.795
  9
$LONGITUDE
 40
-122.394
  9
$NORTHDIRECTION
 40
0.0
  9
$TIMEZONE
 70
 -8000
  9
$LIGHTGLYPHDISPLAY
280
     1
  9
$TILEMODELIGHTSYNCH
280
     1
  9
$CMATERIAL
347
51
  9
$SOLIDHIST
280
     1
  9
$SHOWHIST
280
     1
  9
$DWFFRAME
280
     2
  9
$DGNFRAME
280
     0
  9
$REALWORLDSCALE
290
     1
  9
$INTERFERECOLOR
 62
   256
  9
$INTERFEREOBJVS
345
60
  9
$INTERFEREVPVS
346
61
  9
$CSHADOW
280
     0
  9
$SHADOWPLANELOCATION
 40
0.0
  0
ENDSEC
  0
SECTION
  2
CLASSES
  0
CLASS
  1
ACDBDICTIONARYWDFLT
  2
AcDbDictionaryWithDefault
  3
ObjectDBX Classes
 90
        0
 91
        1
280
     0
281
     0
  0
CLASS
  1
DICTIONARYVAR
  2
AcDbDictionaryVar
  3
ObjectDBX Classes
 90
        0
 91
        9
280
     0
281
     0
  0
CLASS
  1
TABLESTYLE
  2
AcDbTableStyle
  3
ObjectDBX Classes
 90
     4095
 91
        1
280
     0
281
     0
  0
CLASS
  1
MATERIAL
  2
AcDbMaterial
  3
ObjectDBX Classes
 90
     1153
 91
        3
280
     0
281
     0
  0
CLASS
  1
VISUALSTYLE
  2
AcDbVisualStyle
  3
ObjectDBX Classes
 90
     4095
 91
       25
280
     0
281
     0
  0
CLASS
  1
SORTENTSTABLE
  2
AcDbSortentsTable
  3
ObjectDBX Classes
 90
        0
 91
       11
280
     0
281
     0
  0
CLASS
  1
DIMASSOC
  2
AcDbDimAssoc
  3
"AcDbDimAssoc|Product Desc:     AcDim ARX App For Dimension|Company:          Autodesk, Inc.|WEB Address:      www.autodesk.com"
 90
        0
 91
        1
280
     0
281
     0
  0
CLASS
  1
EXACXREFPANELOBJECT
  2
ExAcXREFPanelObject
  3
EXAC_ESW
 90
     1025
 91
        0
280
     1
281
     0
  0
CLASS
  1
NPOCOLLECTION
  2
AcDbImpNonPersistentObjectsCollection
  3
ObjectDBX Classes
 90
     1153
 91
        0
280
     0
281
     0
  0
CLASS
  1
OBJECT_PTR
  2
CAseDLPNTableRecord
  3
ASE-LPNTableRecord
 90
        1
 91
        0
280
     0
281
     0
  0
CLASS
  1
WIPEOUT
  2
AcDbWipeout
  3
WipeOut|Product Desc: Object Enabler for WipeOut entity | Company: Autodesk, Inc. | WEB Address: www.autodesk.com
 90
     2175
 91
        0
280
     0
281
     1
  0
CLASS
  1
WIPEOUTVARIABLES
  2
AcDbWipeoutVariables
  3
"WipeOut|Product Desc:     WipeOut Dbx Application|Company:          Autodesk, Inc.|WEB Address:      www.autodesk.com"
 90
        0
 91
        0
280
     0
281
     0
  0
CLASS
  1
SCALE
  2
AcDbScale
  3
ObjectDBX Classes
 90
     1153
 91
       17
280
     0
281
     0
  0
CLASS
  1
MLEADERSTYLE
  2
AcDbMLeaderStyle
  3
ACDB_MLEADERSTYLE_CLASS
 90
     4095
 91
        1
280
     0
281
     0
  0
CLASS
  1
ACDBSECTIONVIEWSTYLE
  2
AcDbSectionViewStyle
  3
ObjectDBX Classes
 90
     1025
 91
        1
280
     0
281
     0
  0
CLASS
  1
ACDBDETAILVIEWSTYLE
  2
AcDbDetailViewStyle
  3
ObjectDBX Classes
 90
     1025
 91
        1
280
     0
281
     0
  0
CLASS
  1
RAPIDRTRENDERSETTINGS
  2
AcDbRapidRTRenderSettings
  3
ObjectDBX Classes
 90
     1024
 91
        0
280
     0
281
     0
  0
CLASS
  1
ACARRAYJIGENTITY
  2
AcArrayJigEntity
  3
ACAD_ARRAY
 90
      129
 91
        0
280
     1
281
     1
  0
CLASS
  1
ACDBASSOCNETWORK
  2
AcDbAssocNetwork
  3
ObjectDBX Classes
 90
     1025
 91
        0
280
     0
281
     0
  0
CLASS
  1
ACDBASSOCACTION
  2
AcDbAssocAction
  3
ObjectDBX Classes
 90
     1025
 91
        0
280
     0
281
     0
  0
CLASS
  1
ACDBASSOCARRAYACTIONBODY
  2
AcDbAssocArrayActionBody
  3
ObjectDBX Classes
 90
     1025
 91
        0
280
     0
281
     0
  0
CLASS
  1
ACDBASSOCVERTEXACTIONPARAM
  2
AcDbAssocVertexActionParam
  3
ObjectDBX Classes
 90
     1025
 91
        0
280
     0
281
     0
  0
CLASS
  1
ACDBASSOCDEPENDENCY
  2
AcDbAssocDependency
  3
ObjectDBX Classes
 90
     1025
 91
        0
280
     0
281
     0
  0
CLASS
  1
ACDBASSOCARRAYRECTANGULARPARAMETERS
  2
AcDbAssocArrayRectangularParameters
  3
ObjectDBX Classes
 90
     1025
 91
        0
280
     0
281
     0
  0
CLASS
  1
MULTILEADER
  2
AcDbMLeader
  3
ACDB_MLEADER_CLASS
 90
     1025
 91
        0
280
     0
281
     1
  0
CLASS
  1
SOLID_BACKGROUND
  2
AcDbSolidBackground
  3
SCENEOE
 90
     4095
 91
        0
280
     0
281
     0
  0
CLASS
  1
AEC_REFEDIT_STATUS_TRACKER
  2
AecDbRefEditStatusTracker
  3
AecArchBase80|Product Desc: Autodesk Architectural Desktop 2007 |Company: Autodesk,Inc. |WEB Address: www.autodesk.com
 90
      129
 91
        0
280
     1
281
     0
  0
ENDSEC
  0
SECTION
  2
TABLES
  0
TABLE
  2
VPORT
  5
28
330
0
100
AcDbSymbolTable
 70
     1
  0
VPORT
  5
29
330
28
100
AcDbSymbolTableRecord
100
AcDbViewportTableRecord
  2
*Active
 70
     0
 10
0.0
 20
0.0
 11
1.0
 21
1.0
 12
363.3772718400872
 22
-43.54797392105608
 13
0.0
 23
0.0
 14
0.5
 24
0.5
 15
0.5
 25
0.5
 16
0.0
 26
0.0
 36
1.0
 17
0.0
 27
0.0
 37
0.0
 40
17.23625989239352
 41
2.26284348864994
 42
50.0
 43
0.0
 44
0.0
 50
0.0
 51
0.0
 71
     0
 72
  1000
 73
     1
 74
     3
 75
     0
 76
     0
 77
     0
 78
     0
281
     0
 65
     1
110
0.0
120
0.0
130
0.0
111
1.0
121
0.0
131
0.0
112
0.0
122
1.0
132
0.0
 79
     0
146
0.0
348
2A
 60
     2
 61
     5
292
     1
282
     1
141
0.0
142
0.0
 63
   250
421
-1036831949
1001
ACAD_NAV_VCDISPLAY
1070
     3
  0
ENDTAB
  0
TABLE
  2
LTYPE
  5
23
330
0
100
AcDbSymbolTable
 70
     4
  0
LTYPE
  5
24
330
23
100
AcDbSymbolTableRecord
100
AcDbLinetypeTableRecord
  2
ByBlock
 70
     0
  3

 72
    65
 73
     0
 40
0.0
  0
LTYPE
  5
25
330
23
100
AcDbSymbolTableRecord
100
AcDbLinetypeTableRecord
  2
ByLayer
 70
     0
  3

 72
    65
 73
     0
 40
0.0
  0
LTYPE
  5
10
330
23
100
AcDbSymbolTableRecord
100
AcDbLinetypeTableRecord
  2
Continuous
 70
     0
  3
Solid line
 72
    65
 73
     0
 40
0.0
  0
LTYPE
  5
517
330
23
100
AcDbSymbolTableRecord
100
AcDbLinetypeTableRecord
  2
DASHED
 70
     0
  3
__ __ __ __ __ __ __ __ __ __ __ __ __ __ __
 72
    65
 73
     2
 40
0.75
 49
0.5
 74
     0
 49
-0.25
 74
     0
  0
LTYPE
  5
513
330
23
100
AcDbSymbolTableRecord
100
AcDbLinetypeTableRecord
  2
Overhead
 70
     0
  3

 72
    65
 73
     2
 40
0.00396875
 49
0.00238125
 74
     0
 49
-0.0015875
 74
     0
  0
LTYPE
  5
3DF
330
23
100
AcDbSymbolTableRecord
100
AcDbLinetypeTableRecord
  2
HIDDEN
 70
     0
  3
Hidden __ __ __ __ __ __ __ __ __ __ __ __ __ __
 72
    65
 73
     2
 40
9.524999999999999
 49
6.35
 74
     0
 49
-3.175
 74
     0
  0
ENDTAB
  0
TABLE
  2
LAYER
  5
1A
102
{ACAD_XDICTIONARY
360
1B
102
}
330
0
100
AcDbSymbolTable
 70
    19
  0
LAYER
  5
6
102
{ACAD_XDICTIONARY
360
7
102
}
330
1A
100
AcDbSymbolTableRecord
100
AcDbLayerTableRecord
  2
0
 70
     0
 62
     7
  6
Continuous
370
    13
390
9
347
C
348
0
  0
LAYER
  5
13F
102
{ACAD_XDICTIONARY
360
140
102
}
330
1A
100
AcDbSymbolTableRecord
100
AcDbLayerTableRecord
  2
TEXTURA
 70
     0
 62
     7
  6
Continuous
370
     9
390
9
347
C
348
0
  0
LAYER
  5
132
102
{ACAD_XDICTIONARY
360
133
102
}
330
1A
100
AcDbSymbolTableRecord
100
AcDbLayerTableRecord
  2
PUERYVENTA
 70
     0
 62
    34
  6
Continuous
370
     5
390
9
347
C
348
0
  0
LAYER
  5
A2
102
{ACAD_XDICTIONARY
360
A3
102
}
330
1A
100
AcDbSymbolTableRecord
100
AcDbLayerTableRecord
  2
MOBILIARIO
 70
     0
 62
     4
  6
Continuous
370
     9
390
9
347
C
348
0
1001
AcAecLayerStandard
1000

1000

  0
LAYER
  5
74
102
{ACAD_XDICTIONARY
360
75
102
}
330
1A
100
AcDbSymbolTableRecord
100
AcDbLayerTableRecord
  2
A-WALL
 70
     0
 62
     7
  6
Continuous
370
    35
390
9
347
C
348
0
  0
LAYER
  5
312
102
{ACAD_XDICTIONARY
360
313
102
}
330
1A
100
AcDbSymbolTableRecord
100
AcDbLayerTableRecord
  2
MESETA
 70
     0
 62
    33
  6
Continuous
370
     5
390
9
347
C
348
0
1001
AcAecLayerStandard
1000

1000

  0
LAYER
  5
317
102
{ACAD_XDICTIONARY
360
318
102
}
330
1A
100
AcDbSymbolTableRecord
100
AcDbLayerTableRecord
  2
LINEA 7
 70
     0
 62
   149
  6
Continuous
370
     5
390
9
347
C
348
0
1001
AcAecLayerStandard
1000

1000

  0
LAYER
  5
5B
102
{ACAD_XDICTIONARY
360
5C
102
}
330
1A
100
AcDbSymbolTableRecord
100
AcDbLayerTableRecord
  2
inne_gulv
 70
     0
 62
   252
  6
Continuous
370
    15
390
9
347
C
348
0
  0
LAYER
  5
87
102
{ACAD_XDICTIONARY
360
88
102
}
330
1A
100
AcDbSymbolTableRecord
100
AcDbLayerTableRecord
  2
10-MUEBLES
 70
     0
 62
     4
  6
Continuous
390
9
347
C
348
0
  0
LAYER
  5
529
102
{ACAD_XDICTIONARY
360
52A
102
}
330
1A
100
AcDbSymbolTableRecord
100
AcDbLayerTableRecord
  2
A-FLORSTM
 70
     0
 62
     2
  6
Continuous
370
     9
390
9
347
C
348
0
  0
LAYER
  5
522
102
{ACAD_XDICTIONARY
360
523
102
}
330
1A
100
AcDbSymbolTableRecord
100
AcDbLayerTableRecord
  2
A-FLORHRM
 70
     0
 62
     1
  6
Continuous
370
     9
390
9
347
C
348
0
  0
LAYER
  5
510
102
{ACAD_XDICTIONARY
360
511
102
}
330
1A
100
AcDbSymbolTableRecord
100
AcDbLayerTableRecord
  2
A-SECTMBM
 70
     0
 62
     5
  6
Overhead
370
     9
390
9
347
C
348
0
  0
LAYER
  5
41F
102
{ACAD_XDICTIONARY
360
420
102
}
330
1A
100
AcDbSymbolTableRecord
100
AcDbLayerTableRecord
  2
muro
 70
     0
 62
     2
  6
Continuous
370
    30
390
9
347
C
348
0
  0
LAYER
  5
7C4
330
1A
100
AcDbSymbolTableRecord
100
AcDbLayerTableRecord
  2
Defpoints
 70
     0
 62
     7
  6
Continuous
290
     0
370
    -3
390
9
347
C
348
0
  0
LAYER
  5
33D
102
{ACAD_XDICTIONARY
360
33E
102
}
330
1A
100
AcDbSymbolTableRecord
100
AcDbLayerTableRecord
  2
CASCO
 70
     0
 62
    86
  6
Continuous
370
     5
390
9
347
C
348
0
1001
AcAecLayerStandard
1000

1000

  0
LAYER
  5
2F6
102
{ACAD_XDICTIONARY
360
2F7
102
}
330
1A
100
AcDbSymbolTableRecord
100
AcDbLayerTableRecord
  2
EQUIPOS COCINA
 70
     0
 62
   252
  6
Continuous
370
    13
390
9
347
C
348
0
  0
LAYER
  5
2EF
102
{ACAD_XDICTIONARY
360
2F0
102
}
330
1A
100
AcDbSymbolTableRecord
100
AcDbLayerTableRecord
  2
EQUIPOS COCINAS
 70
     0
 62
   253
  6
Continuous
370
     5
390
9
347
C
348
0
1001
AcAecLayerStandard
1000

1000

  0
LAYER
  5
4AF
102
{ACAD_XDICTIONARY
360
4B0
102
}
330
1A
100
AcDbSymbolTableRecord
100
AcDbLayerTableRecord
  2
DIM
 70
     0
 62
     6
  6
Continuous
370
     5
390
9
347
C
348
0
  0
LAYER
  5
427
102
{ACAD_XDICTIONARY
360
428
102
}
330
1A
100
AcDbSymbolTableRecord
100
AcDbLayerTableRecord
  2
casa
 70
     0
 62
     4
  6
Continuous
370
     5
390
9
347
C
348
0
  0
ENDTAB
  0
TABLE
  2
STYLE
  5
20
330
0
100
AcDbSymbolTable
 70
     4
  0
STYLE
  5
21
330
20
100
AcDbSymbolTableRecord
100
AcDbTextStyleTableRecord
  2
Standard
 70
     0
 40
0.0
 41
1.0
 50
0.0
 71
     0
 42
0.2
  3
txt
  4

  0
STYLE
  5
7A6
330
20
100
AcDbSymbolTableRecord
100
AcDbTextStyleTableRecord
  2
Arial
 70
     0
 40
0.0
 41
1.0
 50
0.0
 71
     0
 42
0.01888173751648825
  3
arial.ttf
  4

1001
ACAD
1000
Arial
1071
       34
  0
STYLE
  5
340
330
20
100
AcDbSymbolTableRecord
100
AcDbTextStyleTableRecord
  2
COTA50
 70
     0
 40
0.09
 41
1.0
 50
0.0
 71
     0
 42
0.09
  3
swissci.ttf
  4

1001
ACAD
1000
Swis721 Cn BT
1071
 16777250
  0
STYLE
  5
30
330
20
100
AcDbSymbolTableRecord
100
AcDbTextStyleTableRecord
  2
Tahoma
 70
     0
 40
0.0
 41
1.0
 50
0.0
 71
     0
 42
2.5
  3
arial.ttf
  4

1001
ACAD
1000
Arial
1071
       34
  0
ENDTAB
  0
TABLE
  2
VIEW
  5
26
330
0
100
AcDbSymbolTable
 70
     0
  0
ENDTAB
  0
TABLE
  2
UCS
  5
27
330
0
100
AcDbSymbolTable
 70
     0
  0
ENDTAB
  0
TABLE
  2
APPID
  5
2D
330
0
100
AcDbSymbolTable
 70
    13
  0
APPID
  5
1F
330
2D
100
AcDbSymbolTableRecord
100
AcDbRegAppTableRecord
  2
ACAD
 70
     0
  0
APPID
  5
19
330
2D
100
AcDbSymbolTableRecord
100
AcDbRegAppTableRecord
  2
ACAD_PSEXT
 70
     0
  0
APPID
  5
A5
330
2D
100
AcDbSymbolTableRecord
100
AcDbRegAppTableRecord
  2
AcAecLayerStandard
 70
     0
  0
APPID
  5
2F9
330
2D
100
AcDbSymbolTableRecord
100
AcDbRegAppTableRecord
  2
AcDbBlockRepETag
 70
     0
  0
APPID
  5
84
330
2D
100
AcDbSymbolTableRecord
100
AcDbRegAppTableRecord
  2
REVIT
 70
     0
  0
APPID
  5
310
330
2D
100
AcDbSymbolTableRecord
100
AcDbRegAppTableRecord
  2
AcDbDynamicBlockGUID
 70
     0
  0
APPID
  5
47
330
2D
100
AcDbSymbolTableRecord
100
AcDbRegAppTableRecord
  2
ACAD_DSTYLE_DIMJOGGED_JOGANGLE_SYMBOL
 70
     0
  0
APPID
  5
36
330
2D
100
AcDbSymbolTableRecord
100
AcDbRegAppTableRecord
  2
ACAD_DSTYLE_DIMJAG
 70
     0
  0
APPID
  5
37
330
2D
100
AcDbSymbolTableRecord
100
AcDbRegAppTableRecord
  2
ACAD_DSTYLE_DIMTALN
 70
     0
  0
APPID
  5
35
330
2D
100
AcDbSymbolTableRecord
100
AcDbRegAppTableRecord
  2
ACAD_DSTYLE_DIMBREAK
 70
     0
  0
APPID
  5
2C
330
2D
100
AcDbSymbolTableRecord
100
AcDbRegAppTableRecord
  2
ACAD_NAV_VCDISPLAY
 70
     0
  0
APPID
  5
842
330
2D
100
AcDbSymbolTableRecord
100
AcDbRegAppTableRecord
  2
DCO15
 70
     0
  0
APPID
  5
873
330
2D
100
AcDbSymbolTableRecord
100
AcDbRegAppTableRecord
  2
ACAD_EXEMPT_FROM_CAD_STANDARDS
 70
     0
  0
ENDTAB
  0
TABLE
  2
DIMSTYLE
  5
2E
330
0
100
AcDbSymbolTable
 70
     1
100
AcDbDimStyleTable
 71
     1
340
2F
  0
DIMSTYLE
105
2F
330
2E
100
AcDbSymbolTableRecord
100
AcDbDimStyleTableRecord
  2
ENMA
 70
     0
 41
0.18
 42
0.3735
 43
0.38
 44
0.167
 49
0.9
 50
45.0
 70
     0
290
     1
 73
     1
 74
     1
140
0.12
141
0.09
143
25.4
144
1.0
146
1.0
147
0.09
171
     2
174
     1
176
-1056964608
177
-1056964608
178
-1056964608
271
     2
272
     2
273
     2
274
     2
277
     2
278
    46
283
     1
289
     3
340
30
294
     0
371
    -2
372
    -2
341
31
342
31
343
0
344
0
345
0
346
0
347
0
1001
ACAD_DSTYLE_DIMBREAK
1070
   391
1040
3.75
1001
ACAD_DSTYLE_DIMJAG
1070
   388
1040
1.5
1001
ACAD_DSTYLE_DIMTALN
1070
   392
1070
     0
  0
ENDTAB
  0
TABLE
  2
BLOCK_RECORD
  5
1
330
0
100
AcDbSymbolTable
 70
    29
  0
BLOCK_RECORD
  5
2
102
{ACAD_XDICTIONARY
360
3
102
}
330
1
100
AcDbSymbolTableRecord
100
AcDbBlockTableRecord
  2
*Model_Space
340
12
310

 70
     0
280
     1
281
     0
  0
BLOCK_RECORD
  5
14
330
1
100
AcDbSymbolTableRecord
100
AcDbBlockTableRecord
  2
*Paper_Space
340
17
310

 70
     0
280
     1
281
     0
  0
BLOCK_RECORD
  5
135
102
{ACAD_XDICTIONARY
360
136
102
}
330
1
100
AcDbSymbolTableRecord
100
AcDbBlockTableRecord
  2
PUERTA
340
0
310
28000000200000002000000001000800000000000004000000000000000000000000000000000000000000004000000080000000FF000000002000004020000080200000FF200000004000004040000080400000FF400000006000004060000080600000FF600000008000004080000080800000FF80000000A0000040A000
310
0080A00000FFA0000000C0000040C0000080C00000FFC0000000FF000040FF000080FF0000FFFF0000000020004000200080002000FF002000002020004020200080202000FF202000004020004040200080402000FF402000006020004060200080602000FF602000008020004080200080802000FF80200000A0200040A0
310
200080A02000FFA0200000C0200040C0200080C02000FFC0200000FF200040FF200080FF2000FFFF2000000040004000400080004000FF004000002040004020400080204000FF204000004040004040400080404000FF404000006040004060400080604000FF604000008040004080400080804000FF80400000A0400040
310
A0400080A04000FFA0400000C0400040C0400080C04000FFC0400000FF400040FF400080FF4000FFFF4000000060004000600080006000FF006000002060004020600080206000FF206000004060004040600080406000FF406000006060004060600080606000FF606000008060004080600080806000FF80600000A06000
310
40A0600080A06000FFA0600000C0600040C0600080C06000FFC0600000FF600040FF600080FF6000FFFF6000000080004000800080008000FF008000002080004020800080208000FF208000004080004040800080408000FF408000006080004060800080608000FF608000008080004080800080808000FF80800000A080
310
0040A0800080A08000FFA0800000C0800040C0800080C08000FFC0800000FF800040FF800080FF8000FFFF80000000A0004000A0008000A000FF00A0000020A0004020A0008020A000FF20A0000040A0004040A0008040A000FF40A0000060A0004060A0008060A000FF60A0000080A0004080A0008080A000FF80A00000A0
310
A00040A0A00080A0A000FFA0A00000C0A00040C0A00080C0A000FFC0A00000FFA00040FFA00080FFA000FFFFA0000000C0004000C0008000C000FF00C0000020C0004020C0008020C000FF20C0000040C0004040C0008040C000FF40C0000060C0004060C0008060C000FF60C0000080C0004080C0008080C000FF80C00000
310
A0C00040A0C00080A0C000FFA0C00000C0C00040C0C00080C0C000FFC0C00000FFC00040FFC00080FFC000FFFFC0000000FF004000FF008000FF00FF00FF000020FF004020FF008020FF00FF20FF000040FF004040FF008040FF00FF40FF000060FF004060FF008060FF00FF60FF000080FF004080FF008080FF00FF80FF00
310
00A0FF0040A0FF0080A0FF00FFA0FF0000C0FF0040C0FF0080C0FF00FFC0FF0000FFFF0040FFFF0080FFFF00FFFFFF000000000000000000000000000000000000000000000000000000000000000000000000000000000000000000000000000000000000000000000000000000000000FFFFFFFF00000000000000000000
310
000000000000000000000000FFFFFFFF0000FFB6FFFF00000000000000000000000000000000000000000000FFFF00FF0000FF00FF000000000000000000000000000000000000000000000000FFB6FF0000FFFFFFFF0000000000000000000000000000000000000000000000FFFFFF00000000FFFF000000000000000000
310
0000000000000000000000000000B6000000000000FFFF0000000000000000000000000000000000000000000000B6000000000000FFFF0000000000000000000000000000000000000000000000B6000000000000FFFF0000000000000000000000000000000000000000000000B6000000000000FFFF0000000000000000
310
000000000000000000000000000000B6000000000000FFFF0000000000000000000000000000000000000000000000B6000000000000FFFF00000000000000000000000000000000000000000000B600000000000000FFFF00000000000000000000000000000000000000000000B600000000000000FFFF00000000000000
310
000000000000000000000000000000B600000000000000FFFF000000000000000000000000000000000000000000B60000000000000000FFFF000000000000000000000000000000000000000000B60000000000000000FFFF0000000000000000000000000000000000000000B6000000000000000000FFFF000000000000
310
00000000000000000000000000B600000000000000000000FFFF00000000000000000000000000000000000000B600000000000000000000FFFF000000000000000000000000000000000000B60000000000000000000000FFFF0000000000000000000000000000000000B6000000000000000000000000FFFF0000000000
310
0000000000000000000000B600000000000000000000000000FFFF000000000000000000000000000000B60000000000000000000000000000FFFF00000000000000000000000000B6B6000000000000000000000000000000FFFF0000000000000000000000B6B60000000000000000000000000000000000FFFF00000000
310
0000000000B6B600000000000000000000000000000000000000FFFF000000000000B6B6B6000000000000000000000000000000000000000000FFFF0000B6B6B6B6000000000000000000000000000000000000000000000000FFFFB6B6000000000000000000000000000000000000000000000000000000000000000000
310
0000000000000000000000000000000000000000000000000000000000000000000000000000000000000000000000000000000000000000
102
{BLKREFS
331
364
331
3B1
331
342
331
131
331
563
102
}
 70
     4
280
     1
281
     0
  0
BLOCK_RECORD
  5
A6
330
1
100
AcDbSymbolTableRecord
100
AcDbBlockTableRecord
  2
gazebo multifuncional plantas_dwg_2SAINVI1-127586-Level 1
340
0
310

102
{BLKREFS
331
362
331
A1
102
}
 70
     0
280
     1
281
     0
  0
BLOCK_RECORD
  5
D4
330
1
100
AcDbSymbolTableRecord
100
AcDbBlockTableRecord
  2
gazebo multifuncional plantas_dwg_2SALAVI2-127588-Level 1
340
0
310

102
{BLKREFS
331
363
331
D3
102
}
 70
     0
280
     1
281
     0
  0
BLOCK_RECORD
  5
3A7
330
1
100
AcDbSymbolTableRecord
100
AcDbBlockTableRecord
  2
t.v.
340
0
310
2800000020000000200000000100080000000000000400000000000000000000000000000000000000000000000080000080000000808000800000008000800080800000C0C0C000C0DCC000F0CAA6000020400000206000002080000020A0000020C0000020E00000400000004020000040400000406000004080000040A0
310
000040C0000040E00000600000006020000060400000606000006080000060A0000060C0000060E00000800000008020000080400000806000008080000080A0000080C0000080E00000A0000000A0200000A0400000A0600000A0800000A0A00000A0C00000A0E00000C0000000C0200000C0400000C0600000C0800000C0
310
A00000C0C00000C0E00000E0000000E0200000E0400000E0600000E0800000E0A00000E0C00000E0E00040000000400020004000400040006000400080004000A0004000C0004000E00040200000402020004020400040206000402080004020A0004020C0004020E000404000004040200040404000404060004040800040
310
40A0004040C0004040E00040600000406020004060400040606000406080004060A0004060C0004060E00040800000408020004080400040806000408080004080A0004080C0004080E00040A0000040A0200040A0400040A0600040A0800040A0A00040A0C00040A0E00040C0000040C0200040C0400040C0600040C08000
310
40C0A00040C0C00040C0E00040E0000040E0200040E0400040E0600040E0800040E0A00040E0C00040E0E00080000000800020008000400080006000800080008000A0008000C0008000E00080200000802020008020400080206000802080008020A0008020C0008020E00080400000804020008040400080406000804080
310
008040A0008040C0008040E00080600000806020008060400080606000806080008060A0008060C0008060E00080800000808020008080400080806000808080008080A0008080C0008080E00080A0000080A0200080A0400080A0600080A0800080A0A00080A0C00080A0E00080C0000080C0200080C0400080C0600080C0
310
800080C0A00080C0C00080C0E00080E0000080E0200080E0400080E0600080E0800080E0A00080E0C00080E0E000C0000000C0002000C0004000C0006000C0008000C000A000C000C000C000E000C0200000C0202000C0204000C0206000C0208000C020A000C020C000C020E000C0400000C0402000C0404000C0406000C0
310
408000C040A000C040C000C040E000C0600000C0602000C0604000C0606000C0608000C060A000C060C000C060E000C0800000C0802000C0804000C0806000C0808000C080A000C080C000C080E000C0A00000C0A02000C0A04000C0A06000C0A08000C0A0A000C0A0C000C0A0E000C0C00000C0C02000C0C04000C0C06000
310
C0C08000C0C0A000F0FBFF00A4A0A000808080000000FF0000FF000000FFFF00FF000000FF00FF00FFFF0000FFFFFF0000000000000000000000000000000000000000000000000000000000000000000000000000000000000000FEFEFEFEFEFEFEFEFEFE00000000000000000000000000000000000000000000FE000000
310
0000000000FE00000000000000000000000000000000000000000000FE0000000000000000FE00000000000000000000000000000000000000000000FE000000000000FEFEFE00000000000000000000000000000000000000000000FE000000000000FEFEFE00000000000000000000000000000000000000000000FE0000
310
00000000FEFEFE00000000000000000000000000000000000000000000FE000000000000FEFEFE00000000000000000000000000000000000000000000FE000000000000FEFEFE00000000000000000000000000000000000000000000FE000000000000FEFEFE00000000000000000000000000000000000000000000FE00
310
0000000000FEFEFE00000000000000000000000000000000000000000000FE000000000000FEFEFE00000000000000000000000000000000000000000000FE000000000000FEFEFE00000000000000000000000000000000000000000000FE000000000000FEFEFE00000000000000000000000000000000000000000000FE
310
0000000000FEFEFEFE00000000000000000000000000000000000000000000FE0000000000FEFEFEFE00000000000000000000000000000000000000000000FE000000000000FEFEFE00000000000000000000000000000000000000000000FE000000000000FEFEFE00000000000000000000000000000000000000000000
310
FE0000000000FEFEFEFE00000000000000000000000000000000000000000000FE0000000000FEFEFEFE00000000000000000000000000000000000000000000FE000000000000FEFEFE00000000000000000000000000000000000000000000FE000000000000FEFEFE000000000000000000000000000000000000000000
310
00FE000000000000FEFEFE00000000000000000000000000000000000000000000FE000000000000FEFEFE00000000000000000000000000000000000000000000FE000000000000FEFEFE00000000000000000000000000000000000000000000FE000000000000FEFEFE0000000000000000000000000000000000000000
310
0000FE000000000000FEFEFE00000000000000000000000000000000000000000000FE000000000000FEFEFE00000000000000000000000000000000000000000000FE0000000000000000FE00000000000000000000000000000000000000000000FE0000000000000000FE00000000000000000000000000000000000000
310
000000FEFEFEFEFEFEFEFEFEFE00000000000000000000000000000000000000000000000000000000000000000000000000000000000000
102
{BLKREFS
331
3A6
331
564
102
}
 70
     6
280
     1
281
     0
  0
BLOCK_RECORD
  5
3ED
330
1
100
AcDbSymbolTableRecord
100
AcDbBlockTableRecord
  2
freg
340
0
310
2800000020000000200000000100080000000000000400000000000000000000000000000000000000000000000080000080000000808000800000008000800080800000C0C0C000C0DCC000F0CAA6000020400000206000002080000020A0000020C0000020E00000400000004020000040400000406000004080000040A0
310
000040C0000040E00000600000006020000060400000606000006080000060A0000060C0000060E00000800000008020000080400000806000008080000080A0000080C0000080E00000A0000000A0200000A0400000A0600000A0800000A0A00000A0C00000A0E00000C0000000C0200000C0400000C0600000C0800000C0
310
A00000C0C00000C0E00000E0000000E0200000E0400000E0600000E0800000E0A00000E0C00000E0E00040000000400020004000400040006000400080004000A0004000C0004000E00040200000402020004020400040206000402080004020A0004020C0004020E000404000004040200040404000404060004040800040
310
40A0004040C0004040E00040600000406020004060400040606000406080004060A0004060C0004060E00040800000408020004080400040806000408080004080A0004080C0004080E00040A0000040A0200040A0400040A0600040A0800040A0A00040A0C00040A0E00040C0000040C0200040C0400040C0600040C08000
310
40C0A00040C0C00040C0E00040E0000040E0200040E0400040E0600040E0800040E0A00040E0C00040E0E00080000000800020008000400080006000800080008000A0008000C0008000E00080200000802020008020400080206000802080008020A0008020C0008020E00080400000804020008040400080406000804080
310
008040A0008040C0008040E00080600000806020008060400080606000806080008060A0008060C0008060E00080800000808020008080400080806000808080008080A0008080C0008080E00080A0000080A0200080A0400080A0600080A0800080A0A00080A0C00080A0E00080C0000080C0200080C0400080C0600080C0
310
800080C0A00080C0C00080C0E00080E0000080E0200080E0400080E0600080E0800080E0A00080E0C00080E0E000C0000000C0002000C0004000C0006000C0008000C000A000C000C000C000E000C0200000C0202000C0204000C0206000C0208000C020A000C020C000C020E000C0400000C0402000C0404000C0406000C0
310
408000C040A000C040C000C040E000C0600000C0602000C0604000C0606000C0608000C060A000C060C000C060E000C0800000C0802000C0804000C0806000C0808000C080A000C080C000C080E000C0A00000C0A02000C0A04000C0A06000C0A08000C0A0A000C0A0C000C0A0E000C0C00000C0C02000C0C04000C0C06000
310
C0C08000C0C0A000F0FBFF00A4A0A000808080000000FF0000FF000000FFFF00FF000000FF00FF00FFFF0000FFFFFF0000000000000000000000000000000000000000000000000000000000000000000000000000000000000000000000000000000000000000000000000000000000000000000000000000000000000000
310
000000000000000000000000000000000000000000000000000000000000000000000000000000000000000000000000000000000000000000000000000000000000000000000000000000000000000000000000000000000000000000000000000000000000000000000000000000000000FEFEFEFEFEFEFEFEFEFEFEFEFE
310
FEFEFEFEFEFEFEFEFEFEFEFEFEFEFEFEFE0000FEFEFEFEFEFEFEFEFEFEFEFEFEFEFEFEFEFEFEFEFEFEFEFEFEFEFEFEFEFE0000FEFE000000FEFEFEFEFEFEFE000000000000FEFEFEFEFEFEFE000000FEFE0000FEFE00FEFE00000000000000FEFE0000FEFE00000000000000FEFE00FEFE0000FEFEFE000000000000000000
310
0000FEFE0000000000000000000000FEFEFE0000FEFEFE0000000000000000000000FEFE0000000000000000000000FEFEFE0000FEFEFE0000000000000000000000FEFE0000000000000000000000FEFEFE0000FEFEFE0000000000000000000000FEFE0000000000000000000000FEFEFE0000FEFEFE00000000FEFEFE00
310
000000FEFE00000000FEFEFE00000000FEFEFE0000FEFEFE0000000000000000000000FEFE0000000000000000000000FEFEFE0000FEFEFE0000000000000000000000FEFE0000000000000000000000FEFEFE0000FEFEFE0000000000000000000000FEFE0000000000000000000000FEFEFE0000FEFEFE00000000000000
310
00000000FEFE0000000000000000000000FEFEFE0000FEFE00FE000000000000000000FE0000FEFE0000000000000000FE00FEFE0000FEFE0000FE00000000000000FE0000FEFEFE00000000000000FE0000FEFE0000FEFE000000FEFEFEFEFEFEFE000000FEFEFEFEFEFEFEFEFEFE000000FEFE0000FEFE00000000000000
310
00000000FEFEFEFE0000000000000000000000FEFE0000FEFE000000000000000000000000FEFE000000000000000000000000FEFE0000FEFEFEFEFEFEFEFEFEFEFEFEFEFEFEFEFEFEFEFEFEFEFEFEFEFEFEFEFEFE0000FEFEFEFEFEFEFEFEFEFEFEFEFEFEFEFEFEFEFEFEFEFEFEFEFEFEFEFEFEFE00000000000000000000
310
00000000000000000000000000000000000000000000000000000000000000000000000000000000000000000000000000000000000000000000000000000000000000000000000000000000000000000000000000000000000000000000000000000000000000000000000000000000000000000000000000000000000000
310
0000000000000000000000000000000000000000000000000000000000000000000000000000000000000000000000000000000000000000
102
{BLKREFS
331
3EC
102
}
 70
     1
280
     1
281
     0
  0
BLOCK_RECORD
  5
79C
102
{ACAD_XDICTIONARY
360
79D
102
}
330
1
100
AcDbSymbolTableRecord
100
AcDbBlockTableRecord
  2
flech
340
0
310
2800000020000000200000000100080000000000000400000000000000000000000000000000000000000000000080000080000000808000800000008000800080800000C0C0C000C0DCC000F0CAA6000020400000206000002080000020A0000020C0000020E00000400000004020000040400000406000004080000040A0
310
000040C0000040E00000600000006020000060400000606000006080000060A0000060C0000060E00000800000008020000080400000806000008080000080A0000080C0000080E00000A0000000A0200000A0400000A0600000A0800000A0A00000A0C00000A0E00000C0000000C0200000C0400000C0600000C0800000C0
310
A00000C0C00000C0E00000E0000000E0200000E0400000E0600000E0800000E0A00000E0C00000E0E00040000000400020004000400040006000400080004000A0004000C0004000E00040200000402020004020400040206000402080004020A0004020C0004020E000404000004040200040404000404060004040800040
310
40A0004040C0004040E00040600000406020004060400040606000406080004060A0004060C0004060E00040800000408020004080400040806000408080004080A0004080C0004080E00040A0000040A0200040A0400040A0600040A0800040A0A00040A0C00040A0E00040C0000040C0200040C0400040C0600040C08000
310
40C0A00040C0C00040C0E00040E0000040E0200040E0400040E0600040E0800040E0A00040E0C00040E0E00080000000800020008000400080006000800080008000A0008000C0008000E00080200000802020008020400080206000802080008020A0008020C0008020E00080400000804020008040400080406000804080
310
008040A0008040C0008040E00080600000806020008060400080606000806080008060A0008060C0008060E00080800000808020008080400080806000808080008080A0008080C0008080E00080A0000080A0200080A0400080A0600080A0800080A0A00080A0C00080A0E00080C0000080C0200080C0400080C0600080C0
310
800080C0A00080C0C00080C0E00080E0000080E0200080E0400080E0600080E0800080E0A00080E0C00080E0E000C0000000C0002000C0004000C0006000C0008000C000A000C000C000C000E000C0200000C0202000C0204000C0206000C0208000C020A000C020C000C020E000C0400000C0402000C0404000C0406000C0
310
408000C040A000C040C000C040E000C0600000C0602000C0604000C0606000C0608000C060A000C060C000C060E000C0800000C0802000C0804000C0806000C0808000C080A000C080C000C080E000C0A00000C0A02000C0A04000C0A06000C0A08000C0A0A000C0A0C000C0A0E000C0C00000C0C02000C0C04000C0C06000
310
C0C08000C0C0A000F0FBFF00A4A0A000808080000000FF0000FF000000FFFF00FF000000FF00FF00FFFF0000FFFFFF00000000000000000000000000000000000000000000000000000000000000000000000000000000000000000000000000FB000000000000000000000000000000000000000000000000000000000000
310
00FB00000000000000000000000000000000000000000000000000000000000000FB00000000000000000000000000000000000000000000000000000000000000FB00000000000000000000000000000000000000000000000000000000000000FB0000000000000000000000000000000000000000000000000000000000
310
0000FB00000000000000000000000000000000000000000000000000000000000000FB00000000000000000000000000000000000000000000000000000000000000FB00000000000000000000000000000000000000000000000000000000000000FB00000000000000000000000000000000000000000000000000000000
310
000000FB00000000000000000000000000000000000000000000000000000000000000FB00000000000000000000000000000000000000000000000000000000000000FB00000000000000000000000000000000000000000000000000000000000000FB000000000000000000000000000000000000000000000000000000
310
00000000FB00000000000000000000000000000000000000000000000000000000000000FB00000000000000000000000000000000000000000000000000000000000000FB00000000000000000000000000000000000000000000000000000000000000FB0000000000000000000000000000000000000000000000000000
310
0000000000FB00000000000000000000000000000000000000000000000000000000000000FB00000000000000000000000000000000000000000000000000000000000000FB00000000000000000000000000000000000000000000000000000000000000FB00000000000000000000000000000000000000000000000000
310
000000000000FB00000000000000000000000000000000000000000000000000000000000000FB00000000000000000000000000000000000000000000000000000000000000FB00000000000000000000000000000000000000000000000000000000000000FB000000000000000000000000000000000000000000000000
310
000000FB000000FB0000FB00000000000000000000000000000000000000000000000000FB0000FB00FB000000000000000000000000000000000000000000000000000000FB00FB00FB00000000000000000000000000000000000000000000000000000000FBFBFB00000000000000000000000000000000000000000000
310
0000000000000000FB0000000000000000000000000000000000000000000000000000000000000000000000000000000000000000000000
102
{BLKREFS
331
79B
331
7A8
102
}
 70
     6
280
     1
281
     0
  0
BLOCK_RECORD
  5
573
102
{ACAD_XDICTIONARY
360
574
102
}
330
1
100
AcDbSymbolTableRecord
100
AcDbBlockTableRecord
  2
isla kitc
340
0
310
2800000020000000200000000100080000000000000400000000000000000000000000000000000000000000000080000080000000808000800000008000800080800000C0C0C000C0DCC000F0CAA6000020400000206000002080000020A0000020C0000020E00000400000004020000040400000406000004080000040A0
310
000040C0000040E00000600000006020000060400000606000006080000060A0000060C0000060E00000800000008020000080400000806000008080000080A0000080C0000080E00000A0000000A0200000A0400000A0600000A0800000A0A00000A0C00000A0E00000C0000000C0200000C0400000C0600000C0800000C0
310
A00000C0C00000C0E00000E0000000E0200000E0400000E0600000E0800000E0A00000E0C00000E0E00040000000400020004000400040006000400080004000A0004000C0004000E00040200000402020004020400040206000402080004020A0004020C0004020E000404000004040200040404000404060004040800040
310
40A0004040C0004040E00040600000406020004060400040606000406080004060A0004060C0004060E00040800000408020004080400040806000408080004080A0004080C0004080E00040A0000040A0200040A0400040A0600040A0800040A0A00040A0C00040A0E00040C0000040C0200040C0400040C0600040C08000
310
40C0A00040C0C00040C0E00040E0000040E0200040E0400040E0600040E0800040E0A00040E0C00040E0E00080000000800020008000400080006000800080008000A0008000C0008000E00080200000802020008020400080206000802080008020A0008020C0008020E00080400000804020008040400080406000804080
310
008040A0008040C0008040E00080600000806020008060400080606000806080008060A0008060C0008060E00080800000808020008080400080806000808080008080A0008080C0008080E00080A0000080A0200080A0400080A0600080A0800080A0A00080A0C00080A0E00080C0000080C0200080C0400080C0600080C0
310
800080C0A00080C0C00080C0E00080E0000080E0200080E0400080E0600080E0800080E0A00080E0C00080E0E000C0000000C0002000C0004000C0006000C0008000C000A000C000C000C000E000C0200000C0202000C0204000C0206000C0208000C020A000C020C000C020E000C0400000C0402000C0404000C0406000C0
310
408000C040A000C040C000C040E000C0600000C0602000C0604000C0606000C0608000C060A000C060C000C060E000C0800000C0802000C0804000C0806000C0808000C080A000C080C000C080E000C0A00000C0A02000C0A04000C0A06000C0A08000C0A0A000C0A0C000C0A0E000C0C00000C0C02000C0C04000C0C06000
310
C0C08000C0C0A000F0FBFF00A4A0A000808080000000FF0000FF000000FFFF00FF000000FF00FF00FFFF0000FFFFFF0000000000000000000000000000000000000000000000000000000000000000000000000000000000000000000000000000000000000000000000000000000000000000000000FCFCFCFC0000000000
310
00000000000000FCFCFCFC0000000000000000FCFCFCFCFCFCFCFCFCFCFC000000000000FCFCFCFCFCFCFCFCFCFCFC00000000FC000000000000000000FC000000000000FC000000000000000000FC00000000FC000000000000000000FC000000000000FC000000000000000000FC00000000FC000000000000000000FCFC
310
0000000000FC000000000000000000FC00000000FC000000000000000000FCFC00000000FCFC000000000000000000FC000000FCFC000000000000000000FCFC00000000FCFC000000000000000000FCFC000000FC000000000000000000FCFC00000000FCFC000000000000000000FCFC000000FC000000000000000000FC
310
FC00000000FCFC000000000000000000FC00000000FC000000000000000000FCFC0000000000FC000000000000000000FC00000000FCFCFCFCFCFCFCFCFCFCFCFCFCFCFCFCFCFCFCFCFCFCFCFCFCFCFCFC00000000FC00000000000000000000000000FC0000000000000000000000FCFC00000000FC0000000000000000FC
310
FC0000FCFCFCFC000000000000000000FCFC00000000FC00000000000000FCFCFC00000000FCFCFC0000000000000000FC0000000000FC000000000000000000000000000000000000000000FCFCFC00FC0000000000FC00000000000000000000000000000000000000000000FCFC00FC0000000000FCFCFCFCFCFCFCFCFC
310
FCFCFCFCFCFCFCFCFCFCFCFCFCFCFCFCFCFC0000000000FC000000FCFCFCFCFCFCFCFCFCFCFCFCFCFCFC00000000000000FC0000000000FC000000FCFCFCFCFCFCFCFCFCFCFCFCFCFCFC00000000000000FC0000000000FC00000000000000000000000000000000000000000000000000FC0000000000FC00000000000000
310
000000000000000000000000000000000000FC0000000000FC00000000000000000000000000000000000000000000000000FC0000000000FC00000000000000000000000000000000000000000000000000FC0000000000FC00000000000000000000000000000000000000000000000000FC0000000000FC000000000000
310
00000000000000000000000000000000000000FC0000000000FC00000000000000000000000000000000000000000000000000FC0000000000FC00000000000000000000000000000000000000000000000000FC0000000000FCFCFCFCFCFCFCFCFCFCFCFCFCFCFCFCFCFCFCFCFCFCFCFCFCFCFC0000000000000000000000
310
0000000000000000000000000000000000000000000000000000000000000000000000000000000000000000000000000000000000000000
102
{BLKREFS
331
572
102
}
 70
     1
280
     1
281
     0
  0
BLOCK_RECORD
  5
15E
330
1
100
AcDbSymbolTableRecord
100
AcDbBlockTableRecord
  2
estufas
340
0
310
2800000020000000200000000100080000000000000400000000000000000000000000000000000000000000000080000080000000808000800000008000800080800000C0C0C000C0DCC000F0CAA6000020400000206000002080000020A0000020C0000020E00000400000004020000040400000406000004080000040A0
310
000040C0000040E00000600000006020000060400000606000006080000060A0000060C0000060E00000800000008020000080400000806000008080000080A0000080C0000080E00000A0000000A0200000A0400000A0600000A0800000A0A00000A0C00000A0E00000C0000000C0200000C0400000C0600000C0800000C0
310
A00000C0C00000C0E00000E0000000E0200000E0400000E0600000E0800000E0A00000E0C00000E0E00040000000400020004000400040006000400080004000A0004000C0004000E00040200000402020004020400040206000402080004020A0004020C0004020E000404000004040200040404000404060004040800040
310
40A0004040C0004040E00040600000406020004060400040606000406080004060A0004060C0004060E00040800000408020004080400040806000408080004080A0004080C0004080E00040A0000040A0200040A0400040A0600040A0800040A0A00040A0C00040A0E00040C0000040C0200040C0400040C0600040C08000
310
40C0A00040C0C00040C0E00040E0000040E0200040E0400040E0600040E0800040E0A00040E0C00040E0E00080000000800020008000400080006000800080008000A0008000C0008000E00080200000802020008020400080206000802080008020A0008020C0008020E00080400000804020008040400080406000804080
310
008040A0008040C0008040E00080600000806020008060400080606000806080008060A0008060C0008060E00080800000808020008080400080806000808080008080A0008080C0008080E00080A0000080A0200080A0400080A0600080A0800080A0A00080A0C00080A0E00080C0000080C0200080C0400080C0600080C0
310
800080C0A00080C0C00080C0E00080E0000080E0200080E0400080E0600080E0800080E0A00080E0C00080E0E000C0000000C0002000C0004000C0006000C0008000C000A000C000C000C000E000C0200000C0202000C0204000C0206000C0208000C020A000C020C000C020E000C0400000C0402000C0404000C0406000C0
310
408000C040A000C040C000C040E000C0600000C0602000C0604000C0606000C0608000C060A000C060C000C060E000C0800000C0802000C0804000C0806000C0808000C080A000C080C000C080E000C0A00000C0A02000C0A04000C0A06000C0A08000C0A0A000C0A0C000C0A0E000C0C00000C0C02000C0C04000C0C06000
310
C0C08000C0C0A000F0FBFF00A4A0A000808080000000FF0000FF000000FFFF00FF000000FF00FF00FFFF0000FFFFFF0000000000000000000000000000000000000000000000000000000000000000000000000000000000000000000000000000000000000000000000000000000000000000000000000000000000000000
310
0000000000000000000000000000000000000000000000000000000000000000000000000000000000000000000000000000000000FEFEFEFEFEFE000000FEFEFEFEFEFE000000FEFEFEFEFEFE0000000000FEFEFEFEFEFEFEFEFEFEFEFEFEFEFEFEFEFEFEFEFEFEFEFEFEFEFEFEFEFE0000FE00000000FEFE000000000000
310
00000000000000000000FEFE00000000FE0000FE0000FEFEFEFEFEFE000000FEFEFEFEFEFE000000FEFEFEFEFEFE0000FE0000FE0000FEFEFEFEFEFEFE00FE000000FE0000FE0000FEFE00FEFEFE0000FE0000FE0000FE00FEFEFEFEFE00FE000000000000FE00FEFE0000FEFE00FE00FE0000FE00FEFEFEFEFEFEFEFE00FE
310
000000000000FE00FEFEFEFE00FEFEFE00FE0000FE0000FEFEFEFEFEFEFE00FE000000000000FE0000FEFEFEFEFE00FE00FE0000FE0000FEFEFEFEFEFE0000FE000000000000FE0000FEFEFEFEFEFE0000FE0000FE00000000FEFEFE000000FE000000000000FE0000FEFEFEFEFEFE0000FE0000FE00000000000000000000
310
FE000000000000FE000000FEFEFEFE000000FE0000FE00000000FEFE00000000FE000000000000FE00000000000000000000FE0000FE0000FEFEFEFEFEFE0000FE000000000000FE00000000FEFE00000000FE0000FE0000FEFEFEFEFE00FE00FE000000000000FE0000FEFEFEFEFEFE0000FE0000FE00FEFE00FEFEFEFEFE
310
00FE000000000000FE0000FEFE00FEFEFEFE00FE0000FE00FEFEFE0000FEFEFE00FE000000000000FE00FEFEFEFEFEFEFEFE00FE0000FE0000FEFEFEFEFE00FE00FE000000000000FE0000FEFEFEFE00FEFE00FE0000FE0000FEFE00FE00FEFE00FE000000000000FE0000FEFEFEFEFEFE0000FE0000FE0000FEFEFEFEFE00
310
000000FEFEFEFEFEFE00000000FEFEFEFEFE0000FE0000FE00000000000000000000000000000000000000000000000000000000FE0000FE00000000000000000000000000000000000000000000000000000000FE0000FEFEFEFEFEFEFEFEFEFEFEFEFEFEFEFEFEFEFEFEFEFEFEFEFEFEFEFEFEFE0000FE00000000000000
310
000000000000000000000000000000000000FEFE00FE0000FEFEFEFEFEFEFEFEFEFEFEFEFEFEFEFEFEFEFEFEFEFEFEFEFEFEFEFEFEFE00000000000000000000000000000000000000000000000000000000000000000000000000000000000000000000000000000000000000000000000000000000000000000000000000
310
0000000000000000000000000000000000000000000000000000000000000000000000000000000000000000000000000000000000000000
102
{BLKREFS
331
15D
102
}
 70
     1
280
     1
281
     0
  0
BLOCK_RECORD
  5
324
102
{ACAD_XDICTIONARY
360
325
102
}
330
1
100
AcDbSymbolTableRecord
100
AcDbBlockTableRecord
  2
M-Rec 13 6p
340
0
310

102
{BLKREFS
331
323
102
}
 70
     0
280
     1
281
     0
  0
BLOCK_RECORD
  5
4CD
102
{ACAD_XDICTIONARY
360
4CE
102
}
330
1
100
AcDbSymbolTableRecord
100
AcDbBlockTableRecord
  2
mue
340
0
310
2800000020000000200000000100080000000000000400000000000000000000000000000000000000000000000080000080000000808000800000008000800080800000C0C0C000C0DCC000F0CAA6000020400000206000002080000020A0000020C0000020E00000400000004020000040400000406000004080000040A0
310
000040C0000040E00000600000006020000060400000606000006080000060A0000060C0000060E00000800000008020000080400000806000008080000080A0000080C0000080E00000A0000000A0200000A0400000A0600000A0800000A0A00000A0C00000A0E00000C0000000C0200000C0400000C0600000C0800000C0
310
A00000C0C00000C0E00000E0000000E0200000E0400000E0600000E0800000E0A00000E0C00000E0E00040000000400020004000400040006000400080004000A0004000C0004000E00040200000402020004020400040206000402080004020A0004020C0004020E000404000004040200040404000404060004040800040
310
40A0004040C0004040E00040600000406020004060400040606000406080004060A0004060C0004060E00040800000408020004080400040806000408080004080A0004080C0004080E00040A0000040A0200040A0400040A0600040A0800040A0A00040A0C00040A0E00040C0000040C0200040C0400040C0600040C08000
310
40C0A00040C0C00040C0E00040E0000040E0200040E0400040E0600040E0800040E0A00040E0C00040E0E00080000000800020008000400080006000800080008000A0008000C0008000E00080200000802020008020400080206000802080008020A0008020C0008020E00080400000804020008040400080406000804080
310
008040A0008040C0008040E00080600000806020008060400080606000806080008060A0008060C0008060E00080800000808020008080400080806000808080008080A0008080C0008080E00080A0000080A0200080A0400080A0600080A0800080A0A00080A0C00080A0E00080C0000080C0200080C0400080C0600080C0
310
800080C0A00080C0C00080C0E00080E0000080E0200080E0400080E0600080E0800080E0A00080E0C00080E0E000C0000000C0002000C0004000C0006000C0008000C000A000C000C000C000E000C0200000C0202000C0204000C0206000C0208000C020A000C020C000C020E000C0400000C0402000C0404000C0406000C0
310
408000C040A000C040C000C040E000C0600000C0602000C0604000C0606000C0608000C060A000C060C000C060E000C0800000C0802000C0804000C0806000C0808000C080A000C080C000C080E000C0A00000C0A02000C0A04000C0A06000C0A08000C0A0A000C0A0C000C0A0E000C0C00000C0C02000C0C04000C0C06000
310
C0C08000C0C0A000F0FBFF00A4A0A000808080000000FF0000FF000000FFFF00FF000000FF00FF00FFFF0000FFFFFF0000000000000000000000000000000000000000000000000000000000000000000000000000000000000000000000000000000000000000000000000000000000000000000000000000000000000000
310
00000000000000000000000000000000000000000000000000000000000000000000000000000000000000000000000000000000000000000000000000000000000000000000000000000000000000000000000000000000000000000000000000000000000000000000000000000000000000000000000000000000000000
310
000000000000000000000000000000000000000000000000000000000000000000000000000000000000000000000000000000000000000000000000000000000000000000000000000000000000000000000000000000000000000000000000000000000000000000000000000000000000000000FFFFFFFFFFFFFFFFFFFF
310
FFFFFFFFFFFFFFFFFFFFFFFFFFFFFFFF000000000000FF00000000000000FF0000000000000000FF00000000000000FF0000000000FFFF00000000000000FF0000000000000000FF00000000000000FFFF000000FFFFFF00000000000000FF0000000000000000FF00000000000000FFFFFF0000FF00FF00000000000000FF
310
0000000000000000FF00000000000000FF00FF0000FF00FF00000000000000FF0000000000000000FF00000000000000FF00FF0000FF00FFFFFFFFFFFFFFFFFFFFFFFFFFFFFFFFFFFFFFFFFFFFFFFFFFFF00FF0000FF00FFFFFFFFFFFFFFFFFFFFFFFFFFFFFFFFFFFFFFFFFFFFFFFFFFFF00FF0000FF00FF00000000000000
310
FF0000000000000000FF00000000000000FF00FF0000FF00FF00000000000000FF0000000000000000FF00000000000000FF00FF0000FF00FFFFFFFFFFFFFFFFFFFFFFFFFFFFFFFFFFFFFFFFFFFFFFFFFFFFFFFF0000FFFFFFFFFFFFFFFFFFFFFFFFFFFFFFFFFFFFFFFFFFFFFFFFFFFFFFFF00000000000000000000000000
310
00000000000000000000000000000000000000000000000000000000000000000000000000000000000000000000000000000000000000000000000000000000000000000000000000000000000000000000000000000000000000000000000000000000000000000000000000000000000000000000000000000000000000
310
00000000000000000000000000000000000000000000000000000000000000000000000000000000000000000000000000000000000000000000000000000000000000000000000000000000000000000000000000000000000000000000000000000000000000000000000000000000000000000000000000000000000000
310
0000000000000000000000000000000000000000000000000000000000000000000000000000000000000000000000000000000000000000
102
{BLKREFS
331
4CC
331
7B2
331
7B5
102
}
 70
     1
280
     1
281
     0
  0
BLOCK_RECORD
  5
4EC
330
1
100
AcDbSymbolTableRecord
100
AcDbBlockTableRecord
  2
muegl
340
0
310
2800000020000000200000000100080000000000000400000000000000000000000000000000000000000000000080000080000000808000800000008000800080800000C0C0C000C0DCC000F0CAA6000020400000206000002080000020A0000020C0000020E00000400000004020000040400000406000004080000040A0
310
000040C0000040E00000600000006020000060400000606000006080000060A0000060C0000060E00000800000008020000080400000806000008080000080A0000080C0000080E00000A0000000A0200000A0400000A0600000A0800000A0A00000A0C00000A0E00000C0000000C0200000C0400000C0600000C0800000C0
310
A00000C0C00000C0E00000E0000000E0200000E0400000E0600000E0800000E0A00000E0C00000E0E00040000000400020004000400040006000400080004000A0004000C0004000E00040200000402020004020400040206000402080004020A0004020C0004020E000404000004040200040404000404060004040800040
310
40A0004040C0004040E00040600000406020004060400040606000406080004060A0004060C0004060E00040800000408020004080400040806000408080004080A0004080C0004080E00040A0000040A0200040A0400040A0600040A0800040A0A00040A0C00040A0E00040C0000040C0200040C0400040C0600040C08000
310
40C0A00040C0C00040C0E00040E0000040E0200040E0400040E0600040E0800040E0A00040E0C00040E0E00080000000800020008000400080006000800080008000A0008000C0008000E00080200000802020008020400080206000802080008020A0008020C0008020E00080400000804020008040400080406000804080
310
008040A0008040C0008040E00080600000806020008060400080606000806080008060A0008060C0008060E00080800000808020008080400080806000808080008080A0008080C0008080E00080A0000080A0200080A0400080A0600080A0800080A0A00080A0C00080A0E00080C0000080C0200080C0400080C0600080C0
310
800080C0A00080C0C00080C0E00080E0000080E0200080E0400080E0600080E0800080E0A00080E0C00080E0E000C0000000C0002000C0004000C0006000C0008000C000A000C000C000C000E000C0200000C0202000C0204000C0206000C0208000C020A000C020C000C020E000C0400000C0402000C0404000C0406000C0
310
408000C040A000C040C000C040E000C0600000C0602000C0604000C0606000C0608000C060A000C060C000C060E000C0800000C0802000C0804000C0806000C0808000C080A000C080C000C080E000C0A00000C0A02000C0A04000C0A06000C0A08000C0A0A000C0A0C000C0A0E000C0C00000C0C02000C0C04000C0C06000
310
C0C08000C0C0A000F0FBFF00A4A0A000808080000000FF0000FF000000FFFF00FF000000FF00FF00FFFF0000FFFFFF0000000000000000000000000000000000000000000000000000000000000000000000000000000000000000000000000000000000000000000000000000000000000000000000000000000000000000
310
00000000000000000000000000000000000000000000000000000000000000000000000000000000000000000000000000000000000000000000000000000000000000000000000000000000000000000000000000000000000000000000000000000000000000000000000000000000000000000000000000000000000000
310
000000000000000000000000000000000000000000000000000000000000000000000000000000000000000000000000000000000000FCFCFCFCFCFCFCFCFCFCFCFCFCFCFCFCFCFCFCFCFCFCFCFC0000000000000000FC00000000000000000000FC0000000000000000000000FC000000000000FCFCFC0000000000000000
310
0000FC0000000000000000000000FCFCFC00000000FC00FC00000000000000000000FC0000000000000000000000FCFCFC000000FCFCFCFC00000000000000000000FC0000000000000000000000FC0000FC0000FC0000FC00000000000000000000FC0000000000000000000000FC0000FC0000FC0000FC00000000000000
310
000000FC0000000000000000000000FC0000FC0000FC0000FC00000000000000000000FC0000000000000000000000FC0000FC0000FC0000FCFCFCFCFCFCFCFCFCFCFCFCFCFCFCFCFCFCFCFCFCFCFCFC0000FC0000FC0000FCFCFCFCFCFCFCFCFCFCFCFCFCFCFCFCFCFCFCFCFCFCFCFC0000FC0000FC0000FCFCFCFCFCFCFC
310
FCFCFCFCFCFCFCFCFCFCFCFCFCFCFCFCFC0000FC0000FC0000FC00000000000000000000FC0000000000000000000000FC0000FC0000FC0000FC00000000000000000000FC0000000000000000000000FC0000FC0000FC0000FC00000000000000000000FC0000000000000000000000FC0000FC0000FC0000FCFCFCFCFCFC
310
FCFCFCFCFCFCFCFCFCFCFCFCFCFCFCFCFCFCFCFCFC0000FCFCFCFCFCFCFCFCFCFCFCFCFCFCFCFCFCFCFCFCFCFCFCFCFCFCFC0000000000000000000000000000000000000000000000000000000000000000000000000000000000000000000000000000000000000000000000000000000000000000000000000000000000
310
00000000000000000000000000000000000000000000000000000000000000000000000000000000000000000000000000000000000000000000000000000000000000000000000000000000000000000000000000000000000000000000000000000000000000000000000000000000000000000000000000000000000000
310
0000000000000000000000000000000000000000000000000000000000000000000000000000000000000000000000000000000000000000
102
{BLKREFS
331
4EB
331
7B3
102
}
 70
     6
280
     1
281
     0
  0
BLOCK_RECORD
  5
52C
330
1
100
AcDbSymbolTableRecord
100
AcDbBlockTableRecord
  2
cutlin
340
0
310
2800000020000000200000000100080000000000000400000000000000000000000000000000000000000000000080000080000000808000800000008000800080800000C0C0C000C0DCC000F0CAA6000020400000206000002080000020A0000020C0000020E00000400000004020000040400000406000004080000040A0
310
000040C0000040E00000600000006020000060400000606000006080000060A0000060C0000060E00000800000008020000080400000806000008080000080A0000080C0000080E00000A0000000A0200000A0400000A0600000A0800000A0A00000A0C00000A0E00000C0000000C0200000C0400000C0600000C0800000C0
310
A00000C0C00000C0E00000E0000000E0200000E0400000E0600000E0800000E0A00000E0C00000E0E00040000000400020004000400040006000400080004000A0004000C0004000E00040200000402020004020400040206000402080004020A0004020C0004020E000404000004040200040404000404060004040800040
310
40A0004040C0004040E00040600000406020004060400040606000406080004060A0004060C0004060E00040800000408020004080400040806000408080004080A0004080C0004080E00040A0000040A0200040A0400040A0600040A0800040A0A00040A0C00040A0E00040C0000040C0200040C0400040C0600040C08000
310
40C0A00040C0C00040C0E00040E0000040E0200040E0400040E0600040E0800040E0A00040E0C00040E0E00080000000800020008000400080006000800080008000A0008000C0008000E00080200000802020008020400080206000802080008020A0008020C0008020E00080400000804020008040400080406000804080
310
008040A0008040C0008040E00080600000806020008060400080606000806080008060A0008060C0008060E00080800000808020008080400080806000808080008080A0008080C0008080E00080A0000080A0200080A0400080A0600080A0800080A0A00080A0C00080A0E00080C0000080C0200080C0400080C0600080C0
310
800080C0A00080C0C00080C0E00080E0000080E0200080E0400080E0600080E0800080E0A00080E0C00080E0E000C0000000C0002000C0004000C0006000C0008000C000A000C000C000C000E000C0200000C0202000C0204000C0206000C0208000C020A000C020C000C020E000C0400000C0402000C0404000C0406000C0
310
408000C040A000C040C000C040E000C0600000C0602000C0604000C0606000C0608000C060A000C060C000C060E000C0800000C0802000C0804000C0806000C0808000C080A000C080C000C080E000C0A00000C0A02000C0A04000C0A06000C0A08000C0A0A000C0A0C000C0A0E000C0C00000C0C02000C0C04000C0C06000
310
C0C08000C0C0A000F0FBFF00A4A0A000808080000000FF0000FF000000FFFF00FF000000FF00FF00FFFF0000FFFFFF0000000000000000000000000000000000000000000000000000000000000000000000000000000000000000000000000000000000000000000000000000000000000000000000000000000000000000
310
00000000000000000000000000000000000000000000000000000000000000000000000000000000000000000000000000000000000000000000000000000000000000000000000000000000000000000000000000000000000000000000000000000000000000000000000000000000000000000000000000000000000000
310
00000000000000000000000000000000FB0000000000000000000000000000000000000000000000000000000000FBFB00000000000000000000000000000000000000000000000000000000FBFB0000000000000000000000000000000000000000000000000000000000FB00000000000000000000000000000000000000
310
00000000000000000000FBFB00000000000000000000000000000000000000000000000000000000FBFB00000000000000000000000000000000000000000000FB0000000000FBFB000000000000000000000000000000000000000000000000FBFB000000FB00000000000000000000000000000000000000000000000000
310
00FBFB000000FB0000000000000000000000000000000000000000000000000000FB00FB0000FB0000000000000000000000000000000000000000000000000000FB0000FB00FB0000000000000000000000000000000000000000000000000000FB000000FBFB000000000000000000000000000000000000000000000000
310
0000FB000000FBFB000000000000000000000000000000000000000000000000FBFB0000000000FB00000000000000000000000000000000000000000000FBFB0000000000000000000000000000000000000000000000000000000000FB0000000000000000000000000000000000000000000000000000000000FBFB0000
310
0000000000000000000000000000000000000000000000000000FBFB00000000000000000000000000000000000000000000000000000000FBFB0000000000000000000000000000000000000000000000000000000000FB000000000000000000000000000000000000000000000000000000000000000000000000000000
310
00000000000000000000000000000000000000000000000000000000000000000000000000000000000000000000000000000000000000000000000000000000000000000000000000000000000000000000000000000000000000000000000000000000000000000000000000000000000000000000000000000000000000
310
0000000000000000000000000000000000000000000000000000000000000000000000000000000000000000000000000000000000000000
102
{BLKREFS
331
528
331
54F
102
}
 70
     6
280
     1
281
     0
  0
BLOCK_RECORD
  5
31
330
1
100
AcDbSymbolTableRecord
100
AcDbBlockTableRecord
  2
_OBLIQUE
340
0
310

 70
     0
280
     1
281
     0
  0
BLOCK_RECORD
  5
2F2
102
{ACAD_XDICTIONARY
360
2F3
102
}
330
1
100
AcDbSymbolTableRecord
100
AcDbBlockTableRecord
  2
WK-LAVAD
340
0
310

102
{BLKREFS
331
2EE
102
}
 70
     0
280
     1
281
     0
1001
AcDbDynamicBlockGUID
1000
{0ACA7318-EA04-4C36-A217-6C06075B63D0}
1001
AcDbBlockRepETag
1070
     1
1071
       22
  0
BLOCK_RECORD
  5
2BC
330
1
100
AcDbSymbolTableRecord
100
AcDbBlockTableRecord
  2
nev
340
0
310
2800000020000000200000000100080000000000000400000000000000000000000000000000000000000000000080000080000000808000800000008000800080800000C0C0C000C0DCC000F0CAA6000020400000206000002080000020A0000020C0000020E00000400000004020000040400000406000004080000040A0
310
000040C0000040E00000600000006020000060400000606000006080000060A0000060C0000060E00000800000008020000080400000806000008080000080A0000080C0000080E00000A0000000A0200000A0400000A0600000A0800000A0A00000A0C00000A0E00000C0000000C0200000C0400000C0600000C0800000C0
310
A00000C0C00000C0E00000E0000000E0200000E0400000E0600000E0800000E0A00000E0C00000E0E00040000000400020004000400040006000400080004000A0004000C0004000E00040200000402020004020400040206000402080004020A0004020C0004020E000404000004040200040404000404060004040800040
310
40A0004040C0004040E00040600000406020004060400040606000406080004060A0004060C0004060E00040800000408020004080400040806000408080004080A0004080C0004080E00040A0000040A0200040A0400040A0600040A0800040A0A00040A0C00040A0E00040C0000040C0200040C0400040C0600040C08000
310
40C0A00040C0C00040C0E00040E0000040E0200040E0400040E0600040E0800040E0A00040E0C00040E0E00080000000800020008000400080006000800080008000A0008000C0008000E00080200000802020008020400080206000802080008020A0008020C0008020E00080400000804020008040400080406000804080
310
008040A0008040C0008040E00080600000806020008060400080606000806080008060A0008060C0008060E00080800000808020008080400080806000808080008080A0008080C0008080E00080A0000080A0200080A0400080A0600080A0800080A0A00080A0C00080A0E00080C0000080C0200080C0400080C0600080C0
310
800080C0A00080C0C00080C0E00080E0000080E0200080E0400080E0600080E0800080E0A00080E0C00080E0E000C0000000C0002000C0004000C0006000C0008000C000A000C000C000C000E000C0200000C0202000C0204000C0206000C0208000C020A000C020C000C020E000C0400000C0402000C0404000C0406000C0
310
408000C040A000C040C000C040E000C0600000C0602000C0604000C0606000C0608000C060A000C060C000C060E000C0800000C0802000C0804000C0806000C0808000C080A000C080C000C080E000C0A00000C0A02000C0A04000C0A06000C0A08000C0A0A000C0A0C000C0A0E000C0C00000C0C02000C0C04000C0C06000
310
C0C08000C0C0A000F0FBFF00A4A0A000808080000000FF0000FF000000FFFF00FF000000FF00FF00FFFF0000FFFFFF0000000000000000000000000000000000000000000000000000000000000000000000000000000000000000000000000000000000000000000000000000000000000000000000000000000000000000
310
00000000000000000000000000000000000000FCFCFCFCFCFCFCFCFCFCFCFCFCFCFCFCFCFCFCFCFCFCFCFCFCFCFCFCFC000000FCFC00000000000000000000000000FC000000000000000000FC0000FC000000FCFC00000000000000000000000000FC000000000000000000FC0000FC000000FCFC00000000000000000000
310
000000FC000000000000000000FC0000FC000000FCFC00000000000000000000000000FC000000000000000000FC0000FC000000FCFC00000000000000000000000000FC000000000000000000FC0000FC000000FCFC00000000000000000000000000FC000000000000000000FC0000FC000000FCFC000000000000000000
310
00000000FC000000000000000000FC0000FC000000FCFC00000000000000000000000000FC000000000000000000FC0000FC000000FCFC00000000000000000000000000FC000000000000000000FC0000FC000000FCFC00000000000000000000000000FC000000000000000000FC0000FC000000FCFC0000000000000000
310
0000000000FC000000000000000000FC0000FC000000FCFC00000000000000000000000000FC000000000000000000FC0000FC000000FCFC00000000000000000000000000FC000000000000000000FC0000FC000000FCFC00000000000000000000000000FC000000000000000000FC0000FC000000FCFC00000000000000
310
000000000000FC000000000000000000FC0000FC000000FCFC00000000000000000000000000FC000000000000000000FC0000FC000000FCFC00000000000000000000000000FC000000000000000000FC0000FC000000FCFC00000000000000000000000000FC000000000000000000FC0000FC000000FCFC000000000000
310
00000000000000FC000000000000000000FC0000FC000000FCFC00000000000000000000000000FC000000000000000000FC0000FC000000FCFC00000000000000000000000000FC000000000000000000FC0000FC000000FCFC00000000000000000000000000FC000000000000000000FC0000FC0000FCFCFC0000000000
310
0000000000000000FC000000000000000000FC0000FC0000FCFCFC00000000000000000000000000FC000000000000000000FC0000FC000000FCFCFCFCFCFCFCFCFCFCFCFCFCFCFCFCFCFCFCFCFCFCFCFCFCFCFCFCFC0000000000000000000000000000000000000000000000000000000000000000000000000000000000
310
0000000000000000000000000000000000000000000000000000000000000000000000000000000000000000000000000000000000000000
102
{BLKREFS
331
2BB
102
}
 70
     6
280
     1
281
     0
  0
BLOCK_RECORD
  5
2EA
102
{ACAD_XDICTIONARY
360
2EB
102
}
330
1
100
AcDbSymbolTableRecord
100
AcDbBlockTableRecord
  2
lava
340
0
310
2800000020000000200000000100080000000000000400000000000000000000000000000000000000000000000080000080000000808000800000008000800080800000C0C0C000C0DCC000F0CAA6000020400000206000002080000020A0000020C0000020E00000400000004020000040400000406000004080000040A0
310
000040C0000040E00000600000006020000060400000606000006080000060A0000060C0000060E00000800000008020000080400000806000008080000080A0000080C0000080E00000A0000000A0200000A0400000A0600000A0800000A0A00000A0C00000A0E00000C0000000C0200000C0400000C0600000C0800000C0
310
A00000C0C00000C0E00000E0000000E0200000E0400000E0600000E0800000E0A00000E0C00000E0E00040000000400020004000400040006000400080004000A0004000C0004000E00040200000402020004020400040206000402080004020A0004020C0004020E000404000004040200040404000404060004040800040
310
40A0004040C0004040E00040600000406020004060400040606000406080004060A0004060C0004060E00040800000408020004080400040806000408080004080A0004080C0004080E00040A0000040A0200040A0400040A0600040A0800040A0A00040A0C00040A0E00040C0000040C0200040C0400040C0600040C08000
310
40C0A00040C0C00040C0E00040E0000040E0200040E0400040E0600040E0800040E0A00040E0C00040E0E00080000000800020008000400080006000800080008000A0008000C0008000E00080200000802020008020400080206000802080008020A0008020C0008020E00080400000804020008040400080406000804080
310
008040A0008040C0008040E00080600000806020008060400080606000806080008060A0008060C0008060E00080800000808020008080400080806000808080008080A0008080C0008080E00080A0000080A0200080A0400080A0600080A0800080A0A00080A0C00080A0E00080C0000080C0200080C0400080C0600080C0
310
800080C0A00080C0C00080C0E00080E0000080E0200080E0400080E0600080E0800080E0A00080E0C00080E0E000C0000000C0002000C0004000C0006000C0008000C000A000C000C000C000E000C0200000C0202000C0204000C0206000C0208000C020A000C020C000C020E000C0400000C0402000C0404000C0406000C0
310
408000C040A000C040C000C040E000C0600000C0602000C0604000C0606000C0608000C060A000C060C000C060E000C0800000C0802000C0804000C0806000C0808000C080A000C080C000C080E000C0A00000C0A02000C0A04000C0A06000C0A08000C0A0A000C0A0C000C0A0E000C0C00000C0C02000C0C04000C0C06000
310
C0C08000C0C0A000F0FBFF00A4A0A000808080000000FF0000FF000000FFFF00FF000000FF00FF00FFFF0000FFFFFF0000000000000000000000000000000000000000000000000000000000000000000000000000000000AEAEAEAEAEAEAEAEAEAEAEAEAEAEAEAE0000000000000000000000000000000051515151515151
310
5151515151515100AE00000000000000000000000000000000515100000000000000000000515100AE00000000000000000000000000000000510051000000000000000051005100AE00000000000000000000000000000000510000515151515151515100005100AE00000000000000000000000000000000510000510000
310
000000005100005100AE00000000000000000000000000000000510000510000000000005100005100AE00000000000000000000000000000000510000510000000051005100005100AE00000000000000000000000000000000510000510000000000005100005100AE000000000000000000000000000000005100005100
310
00000000005100005100AE00000000000000000000000000000000510000515151515151515100005100AE00000000000000000000000000000000515151000000000000000051515100AE00000000000000000000000000000000515151515151515151515151515100AE00000000000000000000000000000000AEAEAEAE
310
AEAEAEAEAEAEAEAEAEAEAEAE0000000000000000000000000000000000A4A4A4A4A4A4A4A4A4A4A4A4A4A4A40000000000000000000000000000000000A400000000000000000000A4A4A4A40000000000000000000000000000000000A400A4A4A4A4A4A4A4A4A4A4A4A4A40000000000000000000000000000000000A400
310
A40000000000000000A4A4A4A40000000000000000000000000000000000A400A40000000000000000A4A4A4A40000000000000000000000000000000000A400A40000000000000000A400A4A40000000000000000000000000000000000A400A40000000000000000A4A4A4A40000000000000000000000000000000000A4
310
00A40000000000000000A4A4A4A40000000000000000000000000000000000A400A40000000000000000A400A4A40000000000000000000000000000000000A400A40000000000000000A400A4A40000000000000000000000000000000000A400A40000000000000000A400A4A40000000000000000000000000000000000
310
A400A40000000000000000A400A4A40000000000000000000000000000000000A400A40000000000000000A4A4A4A40000000000000000000000000000000000A400A4A4A4A4A4A4A4A4A4A4A4A4A40000000000000000000000000000000000A400000000000000000000A4A4A4A400000000000000000000000000000000
310
00A4A4A4A4A4A4A4A4A4A4A4A4A4A4A400000000000000000000000000000000000000000000000000000000000000000000000000000000
102
{BLKREFS
331
2E9
102
}
 70
     6
280
     1
281
     0
  0
BLOCK_RECORD
  5
34A
102
{ACAD_XDICTIONARY
360
34B
102
}
330
1
100
AcDbSymbolTableRecord
100
AcDbBlockTableRecord
  2
bed serv
340
0
310
2800000020000000200000000100080000000000000400000000000000000000000000000000000000000000000080000080000000808000800000008000800080800000C0C0C000C0DCC000F0CAA6000020400000206000002080000020A0000020C0000020E00000400000004020000040400000406000004080000040A0
310
000040C0000040E00000600000006020000060400000606000006080000060A0000060C0000060E00000800000008020000080400000806000008080000080A0000080C0000080E00000A0000000A0200000A0400000A0600000A0800000A0A00000A0C00000A0E00000C0000000C0200000C0400000C0600000C0800000C0
310
A00000C0C00000C0E00000E0000000E0200000E0400000E0600000E0800000E0A00000E0C00000E0E00040000000400020004000400040006000400080004000A0004000C0004000E00040200000402020004020400040206000402080004020A0004020C0004020E000404000004040200040404000404060004040800040
310
40A0004040C0004040E00040600000406020004060400040606000406080004060A0004060C0004060E00040800000408020004080400040806000408080004080A0004080C0004080E00040A0000040A0200040A0400040A0600040A0800040A0A00040A0C00040A0E00040C0000040C0200040C0400040C0600040C08000
310
40C0A00040C0C00040C0E00040E0000040E0200040E0400040E0600040E0800040E0A00040E0C00040E0E00080000000800020008000400080006000800080008000A0008000C0008000E00080200000802020008020400080206000802080008020A0008020C0008020E00080400000804020008040400080406000804080
310
008040A0008040C0008040E00080600000806020008060400080606000806080008060A0008060C0008060E00080800000808020008080400080806000808080008080A0008080C0008080E00080A0000080A0200080A0400080A0600080A0800080A0A00080A0C00080A0E00080C0000080C0200080C0400080C0600080C0
310
800080C0A00080C0C00080C0E00080E0000080E0200080E0400080E0600080E0800080E0A00080E0C00080E0E000C0000000C0002000C0004000C0006000C0008000C000A000C000C000C000E000C0200000C0202000C0204000C0206000C0208000C020A000C020C000C020E000C0400000C0402000C0404000C0406000C0
310
408000C040A000C040C000C040E000C0600000C0602000C0604000C0606000C0608000C060A000C060C000C060E000C0800000C0802000C0804000C0806000C0808000C080A000C080C000C080E000C0A00000C0A02000C0A04000C0A06000C0A08000C0A0A000C0A0C000C0A0E000C0C00000C0C02000C0C04000C0C06000
310
C0C08000C0C0A000F0FBFF00A4A0A000808080000000FF0000FF000000FFFF00FF000000FF00FF00FFFF0000FFFFFF0000000000000000000000000000000000000000000000000000000000000000000000000000FCFCFCFCFCFCFCFCFCFCFCFCFC00000000000000000000000000000000000000FC000000000000000000
310
0000FC00000000000000000000000000000000000000FC0000000000000000000000FC00000000000000000000000000000000000000FC0000000000000000000000FC00000000000000000000000000000000000000FC0000000000000000000000FC00000000000000000000000000000000000000FC0000000000000000
310
000000FC00000000000000000000000000000000000000FC0000000000000000000000FC00000000000000000000000000000000000000FC0000000000000000000000FC00000000000000000000000000000000000000FC0000000000000000000000FC00000000000000000000000000000000000000FC00000000000000
310
00000000FC00000000000000000000000000000000000000FC0000000000000000000000FC00000000000000000000000000000000000000FC0000000000000000000000FC00000000000000000000000000000000000000FC0000000000000000000000FC00000000000000000000000000000000000000FC000000000000
310
0000000000FC00000000000000000000000000000000000000FC0000000000000000000000FC00000000000000000000000000000000000000FC0000FC0000000000000000FC00000000000000000000000000000000000000FC00FC00FC00000000000000FC00000000000000000000000000000000000000FCFC000000FC
310
FC0000000000FC00000000000000000000000000000000000000FCFC0000000000FC00000000FC00000000000000000000000000000000000000FC00FCFCFC000000FC000000FC00000000000000000000000000000000000000FC00000000FCFCFC00FCFC00FC00000000000000000000000000000000000000FC00000000
310
000000FCFCFCFCFCFCFCFCFCFCFCFCFC0000000000000000000000FCFCFCFCFCFCFCFCFCFCFCFCFCFCFCFCFCFCFCFCFCFC00000000000000000000FCFC000000000000000000FCFCFC00000000000000FC00000000000000000000FCFC000000000000000000FCFCFC00000000000000FC00000000000000000000FCFC0000
310
00000000000000FCFCFC00000000000000FC00000000000000000000FCFC000000000000000000FCFCFC00000000000000FC00000000000000000000FCFC000000000000000000FCFCFC00000000000000FC00000000000000000000FCFCFCFCFCFCFCFCFCFCFCFCFCFC00000000000000FC00000000000000000000FCFCFC
310
FCFCFCFCFCFCFCFCFCFCFCFCFCFCFCFCFCFCFC00000000000000000000000000000000000000000000000000000000000000000000000000
102
{BLKREFS
331
349
331
35E
102
}
 70
     4
280
     1
281
     0
  0
BLOCK_RECORD
  5
36B
102
{ACAD_XDICTIONARY
360
36C
102
}
330
1
100
AcDbSymbolTableRecord
100
AcDbBlockTableRecord
  2
HABDS
340
0
310
2800000020000000200000000100080000000000000400000000000000000000000000000000000000000000000080000080000000808000800000008000800080800000C0C0C000C0DCC000F0CAA6000020400000206000002080000020A0000020C0000020E00000400000004020000040400000406000004080000040A0
310
000040C0000040E00000600000006020000060400000606000006080000060A0000060C0000060E00000800000008020000080400000806000008080000080A0000080C0000080E00000A0000000A0200000A0400000A0600000A0800000A0A00000A0C00000A0E00000C0000000C0200000C0400000C0600000C0800000C0
310
A00000C0C00000C0E00000E0000000E0200000E0400000E0600000E0800000E0A00000E0C00000E0E00040000000400020004000400040006000400080004000A0004000C0004000E00040200000402020004020400040206000402080004020A0004020C0004020E000404000004040200040404000404060004040800040
310
40A0004040C0004040E00040600000406020004060400040606000406080004060A0004060C0004060E00040800000408020004080400040806000408080004080A0004080C0004080E00040A0000040A0200040A0400040A0600040A0800040A0A00040A0C00040A0E00040C0000040C0200040C0400040C0600040C08000
310
40C0A00040C0C00040C0E00040E0000040E0200040E0400040E0600040E0800040E0A00040E0C00040E0E00080000000800020008000400080006000800080008000A0008000C0008000E00080200000802020008020400080206000802080008020A0008020C0008020E00080400000804020008040400080406000804080
310
008040A0008040C0008040E00080600000806020008060400080606000806080008060A0008060C0008060E00080800000808020008080400080806000808080008080A0008080C0008080E00080A0000080A0200080A0400080A0600080A0800080A0A00080A0C00080A0E00080C0000080C0200080C0400080C0600080C0
310
800080C0A00080C0C00080C0E00080E0000080E0200080E0400080E0600080E0800080E0A00080E0C00080E0E000C0000000C0002000C0004000C0006000C0008000C000A000C000C000C000E000C0200000C0202000C0204000C0206000C0208000C020A000C020C000C020E000C0400000C0402000C0404000C0406000C0
310
408000C040A000C040C000C040E000C0600000C0602000C0604000C0606000C0608000C060A000C060C000C060E000C0800000C0802000C0804000C0806000C0808000C080A000C080C000C080E000C0A00000C0A02000C0A04000C0A06000C0A08000C0A0A000C0A0C000C0A0E000C0C00000C0C02000C0C04000C0C06000
310
C0C08000C0C0A000F0FBFF00A4A0A000808080000000FF0000FF000000FFFF00FF000000FF00FF00FFFF0000FFFFFF000000000000000000000000000000000000000000000000000000000000000000000000000000000000000000000000000000000000000000000000000000000000FCFCFCFCFCFCFCFCFCFCFCFCFCFC
310
FCFCFCFCFCFCFCFCFCFCFCFCFCFCFCFC0000FCFCFCFCFCFCFCFCFCFCFCFCFCFCFCFCFCFCFCFCFCFCFCFC0000000000FC0000FCFC0000000000000000FCFC000000000000000000FCFCFC0000000000FC0000FCFC0000000000000000FCFC000000000000000000FCFCFC0000000000FC0000FCFC0000000000000000FCFC00
310
0000000000000000FCFCFC0000000000FC0000FCFC0000000000000000FCFC000000000000000000FCFCFCFCFCFCFCFCFC0000FCFCFCFCFCFCFCFCFCFCFCFCFCFCFCFCFCFCFCFCFCFCFC000000000000000000FC00000000000000000000FCFCFCFCFC000000000000FC000000000000000000FC0000000000000000000000
310
0000FCFCFCFCFCFC0000FC000000000000000000FCFCFCFCFCFCFCFCFCFCFCFCFCFCFCFC00FCFC00FCFCFC000000000000000000FC000000000000000000000000000000000000FCFC00FC000000000000000000FC0000000000000000000000000000000000000000FCFC000000000000000000FC00000000000000000000
310
0000000000000000000000FC000000000000000000FC000000000000000000000000000000000000000000FC000000000000000000FC000000000000000000000000000000000000000000FC000000000000000000FC000000000000000000000000000000000000000000FC000000000000000000FC000000000000000000
310
000000000000000000000000FC000000000000000000FC000000000000000000000000000000000000000000FC000000000000000000FC000000000000000000000000000000000000000000FC000000000000000000FC000000000000000000000000000000000000000000FC000000000000000000FC0000000000000000
310
00000000000000000000000000FC000000000000000000FC000000000000000000000000000000000000000000FC000000000000000000FC000000000000000000000000000000000000000000FC000000000000000000FC000000000000000000000000000000000000000000FC000000000000000000FC00000000000000
310
0000000000000000000000000000FC000000000000000000FC000000000000000000000000000000000000000000FC000000000000000000FC000000000000000000000000000000000000000000FC00000000000000000000FCFCFCFCFCFCFCFCFCFCFCFCFCFCFCFCFCFCFCFCFC0000000000000000000000000000000000
310
0000000000000000000000000000000000000000000000000000000000000000000000000000000000000000000000000000000000000000
102
{BLKREFS
331
36A
102
}
 70
     1
280
     1
281
     0
  0
BLOCK_RECORD
  5
3BE
330
1
100
AcDbSymbolTableRecord
100
AcDbBlockTableRecord
  2
mesita1
340
0
310
2800000020000000200000000100080000000000000400000000000000000000000000000000000000000000000080000080000000808000800000008000800080800000C0C0C000C0DCC000F0CAA6000020400000206000002080000020A0000020C0000020E00000400000004020000040400000406000004080000040A0
310
000040C0000040E00000600000006020000060400000606000006080000060A0000060C0000060E00000800000008020000080400000806000008080000080A0000080C0000080E00000A0000000A0200000A0400000A0600000A0800000A0A00000A0C00000A0E00000C0000000C0200000C0400000C0600000C0800000C0
310
A00000C0C00000C0E00000E0000000E0200000E0400000E0600000E0800000E0A00000E0C00000E0E00040000000400020004000400040006000400080004000A0004000C0004000E00040200000402020004020400040206000402080004020A0004020C0004020E000404000004040200040404000404060004040800040
310
40A0004040C0004040E00040600000406020004060400040606000406080004060A0004060C0004060E00040800000408020004080400040806000408080004080A0004080C0004080E00040A0000040A0200040A0400040A0600040A0800040A0A00040A0C00040A0E00040C0000040C0200040C0400040C0600040C08000
310
40C0A00040C0C00040C0E00040E0000040E0200040E0400040E0600040E0800040E0A00040E0C00040E0E00080000000800020008000400080006000800080008000A0008000C0008000E00080200000802020008020400080206000802080008020A0008020C0008020E00080400000804020008040400080406000804080
310
008040A0008040C0008040E00080600000806020008060400080606000806080008060A0008060C0008060E00080800000808020008080400080806000808080008080A0008080C0008080E00080A0000080A0200080A0400080A0600080A0800080A0A00080A0C00080A0E00080C0000080C0200080C0400080C0600080C0
310
800080C0A00080C0C00080C0E00080E0000080E0200080E0400080E0600080E0800080E0A00080E0C00080E0E000C0000000C0002000C0004000C0006000C0008000C000A000C000C000C000E000C0200000C0202000C0204000C0206000C0208000C020A000C020C000C020E000C0400000C0402000C0404000C0406000C0
310
408000C040A000C040C000C040E000C0600000C0602000C0604000C0606000C0608000C060A000C060C000C060E000C0800000C0802000C0804000C0806000C0808000C080A000C080C000C080E000C0A00000C0A02000C0A04000C0A06000C0A08000C0A0A000C0A0C000C0A0E000C0C00000C0C02000C0C04000C0C06000
310
C0C08000C0C0A000F0FBFF00A4A0A000808080000000FF0000FF000000FFFF00FF000000FF00FF00FFFF0000FFFFFF0000000000000000000000000000000000000000000000000000000000000000000000000000000000000000000000000000000000000000000000000000000000000000000000000000000000000000
310
0000000000000000000000000000000000000000FFFFFFFFFFFFFF000000000000000000000000FFFFFFFFFFFFFF000000000000FFFFFFFFFFFFFFFFFF0000000000000000FFFFFFFFFFFFFFFFFF000000000000FFFF0000000000FF00FF000000000000FF00FF0000000000FFFF000000000000FFFF000000000000FF0000
310
000000000000FF000000000000FFFF000000000000FFFF0000000000FF00000000000000000000FF0000000000FFFF000000000000FFFF00000000FF000000000000000000000000FF00000000FFFF000000000000FFFF000000FF0000000000000000000000000000FF000000FFFF00000000000000FFFF00FF0000000000
310
FFFFFFFFFFFF0000000000FF00FFFF0000000000000000FF00FF000000000000FF0000000000FF0000000000FF00FF000000000000000000FF000000000000FF000000000000FF000000000000FF0000000000000000000000000000000000FF00000000000000FF00000000000000000000000000000000000000000000FF
310
0000000000000000FF00000000000000000000000000000000000000000000FF000000000000000000FF0000000000000000000000000000000000000000FF00000000000000000000FF000000000000000000000000000000000000000000FF0000000000000000FF00000000000000000000000000000000000000000000
310
FF0000000000000000FF00000000000000000000000000000000FF000000000000FF000000000000FF000000000000FF000000000000000000FF00FF0000000000FF000000000000FF0000000000FF00FF0000000000000000FFFF00FF0000000000FFFFFFFFFFFF0000000000FF00FFFF00000000000000FFFF000000FF00
310
00000000000000000000000000FF000000FFFF000000000000FFFF00000000FF000000000000000000000000FF00000000FFFF000000000000FFFF0000000000FF00000000000000000000FF0000000000FFFF000000000000FFFF000000000000FF0000000000000000FF000000000000FFFF000000000000FFFF00000000
310
00FF00FF000000000000FF00FF0000000000FFFF000000000000FFFFFFFFFFFFFFFFFF0000000000000000FFFFFFFFFFFFFFFFFF000000000000FFFFFFFFFFFFFF000000000000000000000000FFFFFFFFFFFFFF00000000000000000000000000000000000000000000000000000000000000000000000000000000000000
310
0000000000000000000000000000000000000000000000000000000000000000000000000000000000000000000000000000000000000000
102
{BLKREFS
331
3BD
102
}
 70
     0
280
     1
281
     0
  0
BLOCK_RECORD
  5
39E
330
1
100
AcDbSymbolTableRecord
100
AcDbBlockTableRecord
  2
cols
340
0
310
2800000020000000200000000100080000000000000400000000000000000000000000000000000000000000000080000080000000808000800000008000800080800000C0C0C000C0DCC000F0CAA6000020400000206000002080000020A0000020C0000020E00000400000004020000040400000406000004080000040A0
310
000040C0000040E00000600000006020000060400000606000006080000060A0000060C0000060E00000800000008020000080400000806000008080000080A0000080C0000080E00000A0000000A0200000A0400000A0600000A0800000A0A00000A0C00000A0E00000C0000000C0200000C0400000C0600000C0800000C0
310
A00000C0C00000C0E00000E0000000E0200000E0400000E0600000E0800000E0A00000E0C00000E0E00040000000400020004000400040006000400080004000A0004000C0004000E00040200000402020004020400040206000402080004020A0004020C0004020E000404000004040200040404000404060004040800040
310
40A0004040C0004040E00040600000406020004060400040606000406080004060A0004060C0004060E00040800000408020004080400040806000408080004080A0004080C0004080E00040A0000040A0200040A0400040A0600040A0800040A0A00040A0C00040A0E00040C0000040C0200040C0400040C0600040C08000
310
40C0A00040C0C00040C0E00040E0000040E0200040E0400040E0600040E0800040E0A00040E0C00040E0E00080000000800020008000400080006000800080008000A0008000C0008000E00080200000802020008020400080206000802080008020A0008020C0008020E00080400000804020008040400080406000804080
310
008040A0008040C0008040E00080600000806020008060400080606000806080008060A0008060C0008060E00080800000808020008080400080806000808080008080A0008080C0008080E00080A0000080A0200080A0400080A0600080A0800080A0A00080A0C00080A0E00080C0000080C0200080C0400080C0600080C0
310
800080C0A00080C0C00080C0E00080E0000080E0200080E0400080E0600080E0800080E0A00080E0C00080E0E000C0000000C0002000C0004000C0006000C0008000C000A000C000C000C000E000C0200000C0202000C0204000C0206000C0208000C020A000C020C000C020E000C0400000C0402000C0404000C0406000C0
310
408000C040A000C040C000C040E000C0600000C0602000C0604000C0606000C0608000C060A000C060C000C060E000C0800000C0802000C0804000C0806000C0808000C080A000C080C000C080E000C0A00000C0A02000C0A04000C0A06000C0A08000C0A0A000C0A0C000C0A0E000C0C00000C0C02000C0C04000C0C06000
310
C0C08000C0C0A000F0FBFF00A4A0A000808080000000FF0000FF000000FFFF00FF000000FF00FF00FFFF0000FFFFFF0000000000000000000000000000000000000000000000000000000000000000000000000000000000FBFBFBFBFBFBFBFBFBFBFBFBFBFBFBFB00000000000000000000000000000000FB000000000000
310
0000000000000000FB00000000000000000000000000000000FB0000000000000000000000000000FB00000000000000000000000000000000FB0000000000000000000000000000FB00000000000000000000000000000000FB0000000000000000000000000000FB00000000000000000000000000000000FB0000000000
310
000000000000000000FB00000000000000000000000000000000FB0000000000000000000000000000FB00000000000000000000000000000000FB0000000000000000000000000000FB00000000000000000000000000000000FB0000000000000000000000000000FB00000000000000000000000000000000FB00000000
310
00000000000000000000FB00000000000000000000000000000000FB0000000000000000000000000000FB00000000000000000000000000000000FB0000000000000000000000000000FB00000000000000000000000000000000FB0000000000000000000000000000FB00000000000000000000000000000000FB000000
310
0000000000000000000000FB00000000000000000000000000000000FB0000000000000000000000000000FB00000000000000000000000000000000FB0000000000000000000000000000FB00000000000000000000000000000000FB0000000000000000000000000000FB00000000000000000000000000000000FB0000
310
000000000000000000000000FB00000000000000000000000000000000FB0000000000000000000000000000FB00000000000000000000000000000000FB0000000000000000000000000000FB00000000000000000000000000000000FB0000000000000000000000000000FB00000000000000000000000000000000FB00
310
00000000000000000000000000FB00000000000000000000000000000000FB0000000000000000000000000000FB00000000000000000000000000000000FB0000000000000000000000000000FB00000000000000000000000000000000FB0000000000000000000000000000FB00000000000000000000000000000000FB
310
0000000000000000000000000000FB00000000000000000000000000000000FB0000000000000000000000000000FB00000000000000000000000000000000FB0000000000000000000000000000FB00000000000000000000000000000000FB0000000000000000000000000000FB00000000000000000000000000000000
310
FBFBFBFBFBFBFBFBFBFBFBFBFBFBFBFB00000000000000000000000000000000000000000000000000000000000000000000000000000000
102
{BLKREFS
331
39D
331
3A5
102
}
 70
     1
280
     1
281
     0
  0
BLOCK_RECORD
  5
422
102
{ACAD_XDICTIONARY
360
423
102
}
330
1
100
AcDbSymbolTableRecord
100
AcDbBlockTableRecord
  2
A$C58626E39
340
0
310

102
{BLKREFS
331
41E
331
883
331
4BF
331
4C0
331
7B8
102
}
 70
     4
280
     1
281
     0
  0
BLOCK_RECORD
  5
50B
102
{ACAD_XDICTIONARY
360
50C
102
}
330
1
100
AcDbSymbolTableRecord
100
AcDbBlockTableRecord
  2
eslcaeras
340
0
310
2800000020000000200000000100080000000000000400000000000000000000000000000000000000000000000080000080000000808000800000008000800080800000C0C0C000C0DCC000F0CAA6000020400000206000002080000020A0000020C0000020E00000400000004020000040400000406000004080000040A0
310
000040C0000040E00000600000006020000060400000606000006080000060A0000060C0000060E00000800000008020000080400000806000008080000080A0000080C0000080E00000A0000000A0200000A0400000A0600000A0800000A0A00000A0C00000A0E00000C0000000C0200000C0400000C0600000C0800000C0
310
A00000C0C00000C0E00000E0000000E0200000E0400000E0600000E0800000E0A00000E0C00000E0E00040000000400020004000400040006000400080004000A0004000C0004000E00040200000402020004020400040206000402080004020A0004020C0004020E000404000004040200040404000404060004040800040
310
40A0004040C0004040E00040600000406020004060400040606000406080004060A0004060C0004060E00040800000408020004080400040806000408080004080A0004080C0004080E00040A0000040A0200040A0400040A0600040A0800040A0A00040A0C00040A0E00040C0000040C0200040C0400040C0600040C08000
310
40C0A00040C0C00040C0E00040E0000040E0200040E0400040E0600040E0800040E0A00040E0C00040E0E00080000000800020008000400080006000800080008000A0008000C0008000E00080200000802020008020400080206000802080008020A0008020C0008020E00080400000804020008040400080406000804080
310
008040A0008040C0008040E00080600000806020008060400080606000806080008060A0008060C0008060E00080800000808020008080400080806000808080008080A0008080C0008080E00080A0000080A0200080A0400080A0600080A0800080A0A00080A0C00080A0E00080C0000080C0200080C0400080C0600080C0
310
800080C0A00080C0C00080C0E00080E0000080E0200080E0400080E0600080E0800080E0A00080E0C00080E0E000C0000000C0002000C0004000C0006000C0008000C000A000C000C000C000E000C0200000C0202000C0204000C0206000C0208000C020A000C020C000C020E000C0400000C0402000C0404000C0406000C0
310
408000C040A000C040C000C040E000C0600000C0602000C0604000C0606000C0608000C060A000C060C000C060E000C0800000C0802000C0804000C0806000C0808000C080A000C080C000C080E000C0A00000C0A02000C0A04000C0A06000C0A08000C0A0A000C0A0C000C0A0E000C0C00000C0C02000C0C04000C0C06000
310
C0C08000C0C0A000F0FBFF00A4A0A000808080000000FF0000FF000000FFFF00FF000000FF00FF00FFFF0000FFFFFF0000000000000000000000000000000000000000000000000000000000000000000000000000000000000000000000000000F9000000000000000000000000000000000000000000000000FCFCFCFCFC
310
FCFCF900000000000000000000000000000000000000000000000000000000000000F9000000000000000000000000000000000000000000000000FCFCFCFCFCFCFCF900000000000000000000000000000000000000000000000000000000000000F9000000000000000000000000000000000000000000000000FCFCFCFC
310
FCFCFCF900000000000000000000000000000000000000000000000000000000000000F9000000000000000000000000000000000000000000000000FCFCFCFCFCFCFCF9000000000000000000000000000000000000000000000000FCFCFCFCFCFCFCF9000000000000000000000000000000000000000000000000000000
310
00000000F9000000000000000000000000000000000000000000000000FCFCFCFCFCFCFCFB0000000000000000000000000000000000000000000000000000000000FBFBF9000000000000000000000000000000000000000000000000FCFCFCFBFBFCFCFC0000000000000000000000000000000000000000000000000000
310
00FBFB0000F9000000000000000000000000000000000000000000000000FCFBFBFCFBFCFCF9000000000000000000000000000000000000000000000000FB000000000000F9000000000000000000000000000000000000000000000000FCFCFCFCFCFCFCF900000000000000000000000000000000000000000000000000
310
000000000000F9000000000000000000000000000000000000000000000000FCFCFCFCFCFCFCFC00000000000000000000000000000000000000000000000000000000000000F9000000000000000000000000000000000000000000000000FCFCFCFCFCFCFCF9000000000000000000000000000000000000000000000000
310
00000000000000F9000000000000000000000000000000000000000000000000FCFCFCFCFCFCFCFCF9FCF9F9000000000000000000000000000000000000000000000000000000FC00FC00FC000000000000000000000000000000000000000000000000000000FC00FC00FC00000000000000000000000000000000000000
310
0000000000000000FC00FC00FC000000000000000000000000000000000000000000000000000000FC00FC00FC000000000000000000000000000000000000000000000000000000FC00FC00FC000000000000000000000000000000000000000000000000000000FC00FC00FC000000000000000000000000000000000000
310
0000FCFCFCFCFCFCFCFCFCFCFCFC000000000000000000000000000000000000000000000000000000000000000000000000000000000000
102
{BLKREFS
331
50A
102
}
 70
     1
280
     1
281
     0
  0
BLOCK_RECORD
  5
7B0
330
1
100
AcDbSymbolTableRecord
100
AcDbBlockTableRecord
  2
loisfd
340
0
310
2800000020000000200000000100080000000000000400000000000000000000000000000000000000000000000080000080000000808000800000008000800080800000C0C0C000C0DCC000F0CAA6000020400000206000002080000020A0000020C0000020E00000400000004020000040400000406000004080000040A0
310
000040C0000040E00000600000006020000060400000606000006080000060A0000060C0000060E00000800000008020000080400000806000008080000080A0000080C0000080E00000A0000000A0200000A0400000A0600000A0800000A0A00000A0C00000A0E00000C0000000C0200000C0400000C0600000C0800000C0
310
A00000C0C00000C0E00000E0000000E0200000E0400000E0600000E0800000E0A00000E0C00000E0E00040000000400020004000400040006000400080004000A0004000C0004000E00040200000402020004020400040206000402080004020A0004020C0004020E000404000004040200040404000404060004040800040
310
40A0004040C0004040E00040600000406020004060400040606000406080004060A0004060C0004060E00040800000408020004080400040806000408080004080A0004080C0004080E00040A0000040A0200040A0400040A0600040A0800040A0A00040A0C00040A0E00040C0000040C0200040C0400040C0600040C08000
310
40C0A00040C0C00040C0E00040E0000040E0200040E0400040E0600040E0800040E0A00040E0C00040E0E00080000000800020008000400080006000800080008000A0008000C0008000E00080200000802020008020400080206000802080008020A0008020C0008020E00080400000804020008040400080406000804080
310
008040A0008040C0008040E00080600000806020008060400080606000806080008060A0008060C0008060E00080800000808020008080400080806000808080008080A0008080C0008080E00080A0000080A0200080A0400080A0600080A0800080A0A00080A0C00080A0E00080C0000080C0200080C0400080C0600080C0
310
800080C0A00080C0C00080C0E00080E0000080E0200080E0400080E0600080E0800080E0A00080E0C00080E0E000C0000000C0002000C0004000C0006000C0008000C000A000C000C000C000E000C0200000C0202000C0204000C0206000C0208000C020A000C020C000C020E000C0400000C0402000C0404000C0406000C0
310
408000C040A000C040C000C040E000C0600000C0602000C0604000C0606000C0608000C060A000C060C000C060E000C0800000C0802000C0804000C0806000C0808000C080A000C080C000C080E000C0A00000C0A02000C0A04000C0A06000C0A08000C0A0A000C0A0C000C0A0E000C0C00000C0C02000C0C04000C0C06000
310
C0C08000C0C0A000F0FBFF00A4A0A000808080000000FF0000FF000000FFFF00FF000000FF00FF00FFFF0000FFFFFF000000000000000000000000000000000000000000000000000000000000000000000000000000FEFEFEFEFEFEFEFEFEFEFEFEFEFEFE00000000000000000000000000000000FEFEFEFEFEFEFEFEFEFE
310
FEFEFEFEFEFEFEFEFEFEFEFE00000000000000000000FEFEFEFEFEFEFEFEFEFEFEFEFEFEFEFEFEFE000000FE00000000000000000000FEFEFEFEFEFEFEFEFEFEFEFEFEFEFEFEFEFE000000FE00000000000000000000FEFE00000000FE000000FE00000000FEFEFE000000FE00000000000000000000FEFE00000000FE0000
310
00FE00000000FEFEFE000000FE0000000000000000000000FEFEFEFEFEFEFEFEFEFEFEFEFEFEFE00FEFEFEFEFE00000000000000000000000000000000000000000000000000000000000000000000000000000000000000000000000000000000000000000000000000000000000000000000000000000000000000000000
310
0000000000000000FEFEFEFEFEFE00000000000000000000000000000000000000000000000000FEFEFEFEFEFEA400000000000000000000000000000000000000000000000000FE0000FEFEFEFE00000000000000000000000000000000000000000000000000FE0000FEFEFEFE0000000000000000000000000000000000
310
0000000000000000FE0000FEFEFEFE00000000000000000000000000000000000000000000000000FE0000FEFEFEFE00000000000000000000000000000000000000000000000000FEFEFEFEFEFEFE00000000000000000000000000000000000000000000000000FE0000FEFEFEFE00000000000000000000000000000000
310
000000000000000000FE0000FEFEFEFE00000000000000000000000000000000000000000000000000FE0000FEFEFEFE00000000000000000000000000000000000000000000000000FEFEFEFEFEFEFE0000000000000000000000000000000000000000000000000000FEFEFEFEFEFE000000000000000000000000000000
310
000000000000000000000000000000000000000000000000000000000000000000000000000000000000000000000000000000000000000000000000FEFEFEFEFEFEFEFEFEFEFEFEFEFEFE00FEFEFEFEFE00000000000000000000FEFE00000000FE000000FE00000000FEFEFE000000FE00000000000000000000FEFE0000
310
0000FE000000FE00000000FEFEFE000000FE00000000000000000000FEFEFEFEFEFEFEFEFEFEFEFEFEFEFEFEFEFE000000FE00000000000000000000FEFEFEFEFEFEFEFEFEFEFEFEFEFEFEFEFEFE000000FE00000000000000000000FEFEFEFEFEFEFEFEFEFEFEFEFEFEFEFEFEFEFEFEFEFE0000000000000000000000FEFE
310
FEFEFEFEFEFEFEFEFEFEFEFEFE00000000000000000000000000000000000000000000000000000000000000000000000000000000000000
102
{BLKREFS
331
7AF
102
}
 70
     1
280
     1
281
     0
  0
ENDTAB
  0
ENDSEC
  0
SECTION
  2
BLOCKS
  0
BLOCK
  5
5
330
2
100
AcDbEntity
  8
0
100
AcDbBlockBegin
  2
*Model_Space
 70
     0
 10
0.0
 20
0.0
 30
0.0
  3
*Model_Space
  1

  0
ENDBLK
  5
11
330
2
100
AcDbEntity
  8
0
100
AcDbBlockEnd
  0
BLOCK
  5
15
330
14
100
AcDbEntity
 67
     1
  8
0
100
AcDbBlockBegin
  2
*Paper_Space
 70
     0
 10
0.0
 20
0.0
 30
0.0
  3
*Paper_Space
  1

  0
ENDBLK
  5
16
330
14
100
AcDbEntity
 67
     1
  8
0
100
AcDbBlockEnd
  0
BLOCK
  5
32
330
31
100
AcDbEntity
  8
0
100
AcDbBlockBegin
  2
_OBLIQUE
 70
     0
 10
0.0
 20
0.0
 30
0.0
  3
_OBLIQUE
  1

  0
LINE
  5
33
330
31
100
AcDbEntity
  8
0
  6
ByBlock
 62
     0
100
AcDbLine
 10
-0.5
 20
-0.5
 30
0.0
 11
0.5
 21
0.5
 31
0.0
  0
ENDBLK
  5
34
330
31
100
AcDbEntity
  8
0
100
AcDbBlockEnd
  0
BLOCK
  5
A7
330
A6
100
AcDbEntity
  8
0
100
AcDbBlockBegin
  2
gazebo multifuncional plantas_dwg_2SAINVI1-127586-Level 1
 70
     0
 10
0.0
 20
0.0
 30
0.0
  3
gazebo multifuncional plantas_dwg_2SAINVI1-127586-Level 1
  1

  0
ARC
  5
A8
330
A6
100
AcDbEntity
  8
0
370
     9
100
AcDbCircle
 10
0.4757227272376632
 20
-0.4232481557301924
 30
0.0
 40
0.6000000000000003
100
AcDbArc
 50
94.37940355007335
 51
102.2906658922811
  0
ARC
  5
A9
330
A6
100
AcDbEntity
  8
0
370
     9
100
AcDbCircle
 10
0.4403534676493984
 20
-0.08479002263143799
 30
0.0
 40
0.2599999999999998
100
AcDbArc
 50
51.28686523673855
 51
92.30283146553624
  0
ARC
  5
AA
330
A6
100
AcDbEntity
  8
0
370
     9
100
AcDbCircle
 10
0.849599964755722
 20
-2.286162602828882
 30
0.0
 40
2.500000000000001
100
AcDbArc
 50
101.5743861527935
 51
105.5439935881137
  0
ARC
  5
AB
330
A6
100
AcDbEntity
  8
0
370
     9
100
AcDbCircle
 10
0.4130000000000074
 20
0.01800000000000068
 30
0.0
 40
0.03000000000000002
100
AcDbArc
 50
36.86989764584471
 51
90.00000000000011
  0
ARC
  5
AC
330
A6
100
AcDbEntity
  8
0
370
     9
100
AcDbCircle
 10
0.3929169733099762
 20
0.03299999999998704
 30
0.0
 40
0.01500000000000007
100
AcDbArc
 50
90.0
 51
173.3508372349278
  0
ARC
  5
AD
330
A6
100
AcDbEntity
  8
0
370
     9
100
AcDbCircle
 10
0.4510000000000183
 20
-0.07900000000000774
 30
0.0
 40
0.2159999999999998
100
AcDbArc
 50
60.88385373392099
 51
101.619517391242
  0
ARC
  5
AE
330
A6
100
AcDbEntity
  8
0
370
     9
100
AcDbCircle
 10
0.4600000000000329
 20
0.0
 30
0.0
 40
0.18
100
AcDbArc
 50
173.758086467281
 51
186.2419143474115
  0
ARC
  5
AF
330
A6
100
AcDbEntity
  8
0
370
     9
100
AcDbCircle
 10
0.4578479927350792
 20
-0.1123032280042082
 30
0.0
 40
0.2500000000000001
100
AcDbArc
 50
101.6195170440864
 51
117.4026774244275
  0
ARC
  5
B0
330
A6
100
AcDbEntity
  8
0
370
     9
100
AcDbCircle
 10
0.111593006895756
 20
0.1585000000000037
 30
0.0
 40
0.06399999999999996
100
AcDbArc
 50
6.793053563043801
 51
90.00000000000007
  0
ARC
  5
B1
330
A6
100
AcDbEntity
  8
0
370
     9
100
AcDbCircle
 10
0.03999999999996007
 20
0.1825000000000046
 30
0.0
 40
0.03999999999999999
100
AcDbArc
 50
90.00000000000004
 51
180.0
  0
CIRCLE
  5
B2
330
A6
100
AcDbEntity
  8
0
370
     9
100
AcDbCircle
 10
0.1219999999999537
 20
0.0
 30
0.0
 40
0.01350000000000002
  0
CIRCLE
  5
B3
330
A6
100
AcDbEntity
  8
0
370
     9
100
AcDbCircle
 10
0.2300000000000146
 20
0.08000000000001251
 30
0.0
 40
0.007500000000000034
  0
ARC
  5
B4
330
A6
100
AcDbEntity
  8
0
370
     9
100
AcDbCircle
 10
0.08873856593652009
 20
0.1595000000000084
 30
0.0
 40
0.03999999999999998
100
AcDbArc
 50
90.00000000000004
 51
173.7281142271969
  0
ARC
  5
B5
330
A6
100
AcDbEntity
  8
0
370
     9
100
AcDbCircle
 10
0.0958513899303135
 20
0.1601374831237479
 30
0.0
 40
0.04000000000000001
100
AcDbArc
 50
100.2428415704171
 51
173.7858592542109
  0
ARC
  5
B6
330
A6
100
AcDbEntity
  8
0
370
     9
100
AcDbCircle
 10
0.0958513899303135
 20
-0.1601374831237479
 30
0.0
 40
0.04
100
AcDbArc
 50
186.2141407457892
 51
259.7571584295829
  0
ARC
  5
B7
330
A6
100
AcDbEntity
  8
0
370
     9
100
AcDbCircle
 10
0.08873856593652009
 20
-0.1595000000000084
 30
0.0
 40
0.04
100
AcDbArc
 50
186.271885772803
 51
270.0
  0
ARC
  5
B8
330
A6
100
AcDbEntity
  8
0
370
     9
100
AcDbCircle
 10
1.53999999999996
 20
0.0
 30
0.0
 40
1.493000000000001
100
AcDbArc
 50
173.6755231559412
 51
186.3305517798969
  0
ARC
  5
B9
330
A6
100
AcDbEntity
  8
0
370
     9
100
AcDbCircle
 10
1.53999999999996
 20
0.0
 30
0.0
 40
1.5
100
AcDbArc
 50
173.7281142271963
 51
186.2718857728028
  0
CIRCLE
  5
BA
330
A6
100
AcDbEntity
  8
0
370
     9
100
AcDbCircle
 10
0.2300000000000146
 20
-0.0799999999999841
 30
0.0
 40
0.007500000000000034
  0
CIRCLE
  5
BB
330
A6
100
AcDbEntity
  8
0
370
     9
100
AcDbCircle
 10
0.1219999999999537
 20
0.0
 30
0.0
 40
0.01350000000000002
  0
ARC
  5
BC
330
A6
100
AcDbEntity
  8
0
370
     9
100
AcDbCircle
 10
0.03999999999996007
 20
-0.1825000000000046
 30
0.0
 40
0.04000000000000003
100
AcDbArc
 50
180.0000000000003
 51
270.0000000000001
  0
ARC
  5
BD
330
A6
100
AcDbEntity
  8
0
370
     9
100
AcDbCircle
 10
0.111593006895756
 20
-0.1585000000000037
 30
0.0
 40
0.06399999999999993
100
AcDbArc
 50
269.9999999999999
 51
353.2069464369563
  0
ARC
  5
BE
330
A6
100
AcDbEntity
  8
0
370
     9
100
AcDbCircle
 10
-1.219000000000054
 20
0.0
 30
0.0
 40
1.404000000000001
100
AcDbArc
 50
353.2069464369558
 51
6.793053563044356
  0
ARC
  5
BF
330
A6
100
AcDbEntity
  8
0
370
     9
100
AcDbCircle
 10
0.4578479927350792
 20
0.1123032280042082
 30
0.0
 40
0.2499999999999999
100
AcDbArc
 50
242.5973225755725
 51
258.3804829559137
  0
ARC
  5
C0
330
A6
100
AcDbEntity
  8
0
370
     9
100
AcDbCircle
 10
0.3959999999999547
 20
-0.007000000000005003
 30
0.0
 40
0.1156183255887206
100
AcDbArc
 50
186.2419130790584
 51
242.5973225755725
  0
ARC
  5
C1
330
A6
100
AcDbEntity
  8
0
370
     9
100
AcDbCircle
 10
0.4950000000000011
 20
0.0
 30
0.0
 40
0.1255732340509736
100
AcDbArc
 50
299.1161462660789
 51
60.8838537339329
  0
ARC
  5
C2
330
A6
100
AcDbEntity
  8
0
370
     9
100
AcDbCircle
 10
0.4510000000000183
 20
0.07900000000000774
 30
0.0
 40
0.2159999999999999
100
AcDbArc
 50
258.380482608758
 51
299.1161462660789
  0
ARC
  5
C3
330
A6
100
AcDbEntity
  8
0
370
     9
100
AcDbCircle
 10
0.3929169733099762
 20
-0.03299999999998704
 30
0.0
 40
0.01500000000000004
100
AcDbArc
 50
186.6491627650721
 51
269.9999999999998
  0
ARC
  5
C4
330
A6
100
AcDbEntity
  8
0
370
     9
100
AcDbCircle
 10
0.4130000000000074
 20
-0.01800000000000068
 30
0.0
 40
0.03000000000000004
100
AcDbArc
 50
270.0
 51
323.1301023541553
  0
LINE
  5
C5
330
A6
100
AcDbEntity
  8
0
370
     9
100
AcDbLine
 10
0.4130000000000074
 20
0.04800000000000182
 30
0.0
 11
0.3929169733099762
 21
0.04800000000000182
 31
0.0
  0
LINE
  5
C6
330
A6
100
AcDbEntity
  8
0
370
     9
100
AcDbLine
 10
0.03999999999996007
 20
0.2224999999999966
 30
0.0
 11
0.111593006895756
 21
0.2224999999999966
 31
0.0
  0
LINE
  5
C7
330
A6
100
AcDbEntity
  8
0
370
     9
100
AcDbLine
 10
0.0
 20
-0.1825000000000046
 30
0.0
 11
0.0
 21
0.1825000000000046
 31
0.0
  0
LINE
  5
C8
330
A6
100
AcDbEntity
  8
0
370
     9
100
AcDbLine
 10
0.03999999999996007
 20
-0.2224999999999966
 30
0.0
 11
0.111593006895756
 21
-0.2224999999999966
 31
0.0
  0
LINE
  5
C9
330
A6
100
AcDbEntity
  8
0
370
     9
100
AcDbLine
 10
0.4130000000000074
 20
-0.04800000000000182
 30
0.0
 11
0.3929169733099762
 21
-0.04800000000000182
 31
0.0
  0
ARC
  5
CA
330
A6
100
AcDbEntity
  8
0
370
     9
100
AcDbCircle
 10
0.3890000000000065
 20
0.0
 30
0.0
 40
0.06000000000000007
100
AcDbArc
 50
323.1301023541552
 51
36.8698976458442
  0
ARC
  5
CB
330
A6
100
AcDbEntity
  8
0
370
     9
100
AcDbCircle
 10
0.6760000000000411
 20
0.0
 30
0.0
 40
0.3000000000000001
100
AcDbArc
 50
173.3508372349306
 51
186.6491627650719
  0
ARC
  5
CC
330
A6
100
AcDbEntity
  8
0
370
     9
100
AcDbCircle
 10
0.849599964755722
 20
2.286162602828883
 30
0.0
 40
2.499999999999999
100
AcDbArc
 50
254.4560064118863
 51
258.4256138472065
  0
ARC
  5
CD
330
A6
100
AcDbEntity
  8
0
370
     9
100
AcDbCircle
 10
0.4403534676493984
 20
0.08479002263143799
 30
0.0
 40
0.2599999999999999
100
AcDbArc
 50
267.6971685344637
 51
308.7131347632614
  0
ARC
  5
CE
330
A6
100
AcDbEntity
  8
0
370
     9
100
AcDbCircle
 10
0.4757227272376632
 20
0.4232481557301942
 30
0.0
 40
0.6000000000000001
100
AcDbArc
 50
257.7093341077189
 51
265.6205964499267
  0
ARC
  5
CF
330
A6
100
AcDbEntity
  8
0
370
     9
100
AcDbCircle
 10
0.4950000000000011
 20
0.0
 30
0.0
 40
0.1600000000000002
100
AcDbArc
 50
312.4362291141056
 51
47.56377088587
  0
ARC
  5
D0
330
A6
100
AcDbEntity
  8
0
370
     9
100
AcDbCircle
 10
0.3959999999999547
 20
0.007000000000005003
 30
0.0
 40
0.1156183255887207
100
AcDbArc
 50
117.4026774244275
 51
173.7580869209416
  0
ENDBLK
  5
D1
330
A6
100
AcDbEntity
  8
0
100
AcDbBlockEnd
  0
BLOCK
  5
D5
330
D4
100
AcDbEntity
  8
0
100
AcDbBlockBegin
  2
gazebo multifuncional plantas_dwg_2SALAVI2-127588-Level 1
 70
     0
 10
0.0
 20
0.0
 30
0.0
  3
gazebo multifuncional plantas_dwg_2SALAVI2-127588-Level 1
  1

  0
LINE
  5
D6
330
D4
100
AcDbEntity
  8
0
370
     9
100
AcDbLine
 10
0.2365644786315784
 20
0.0
 30
0.0
 11
-0.2365644786315784
 21
0.0
 31
0.0
  0
ARC
  5
D7
330
D4
100
AcDbEntity
  8
0
370
     9
100
AcDbCircle
 10
0.0
 20
-0.1899999999999978
 30
0.0
 40
0.02299999999999998
100
AcDbArc
 50
89.99999999999997
 51
269.9999999999996
  0
ARC
  5
D8
330
D4
100
AcDbEntity
  8
0
370
     9
100
AcDbCircle
 10
0.0
 20
-0.06999999999999318
 30
0.0
 40
0.01746100438952338
100
AcDbArc
 50
89.99999999999997
 51
269.9999999999996
  0
CIRCLE
  5
D9
330
D4
100
AcDbEntity
  8
0
370
     9
100
AcDbCircle
 10
-0.1000000000000228
 20
-0.06999999999999318
 30
0.0
 40
0.01521483342099145
  0
ARC
  5
DA
330
D4
100
AcDbEntity
  8
0
370
     9
100
AcDbCircle
 10
2.19205276152934E-09
 20
0.1649484642840662
 30
0.0
 40
0.5649484642840776
100
AcDbArc
 50
248.5291814607723
 51
291.4708181684325
  0
ARC
  5
DB
330
D4
100
AcDbEntity
  8
0
370
     9
100
AcDbCircle
 10
2.19205276152934E-09
 20
0.1649484642840662
 30
0.0
 40
0.5370471324247751
100
AcDbArc
 50
250.362185507236
 51
289.6378141966759
  0
ARC
  5
DC
330
D4
100
AcDbEntity
  8
0
370
     9
100
AcDbCircle
 10
-0.1807260654349534
 20
-0.2945375233459231
 30
0.0
 40
0.07119823962770624
100
AcDbArc
 50
187.5671814180926
 51
248.5291841718833
  0
ARC
  5
DD
330
D4
100
AcDbEntity
  8
0
370
     9
100
AcDbCircle
 10
-0.1570518734604889
 20
-0.2751850118096968
 30
0.0
 40
0.06973271105051299
100
AcDbArc
 50
191.3291531822132
 51
250.3621878638228
  0
ARC
  5
DE
330
D4
100
AcDbEntity
  8
0
370
     9
100
AcDbCircle
 10
0.7384931147809654
 20
-0.1724232972757136
 30
0.0
 40
0.9984931147809784
100
AcDbArc
 50
170.542612010197
 51
187.5671845902264
  0
ARC
  5
DF
330
D4
100
AcDbEntity
  8
0
370
     9
100
AcDbCircle
 10
-0.0782917244967507
 20
-0.2594055009428757
 30
0.0
 40
0.1500580123445658
100
AcDbArc
 50
145.6817708184525
 51
191.3291536068826
  0
ARC
  5
E0
330
D4
100
AcDbEntity
  8
0
370
     9
100
AcDbCircle
 10
-0.09215609500068922
 20
-0.2499414036763597
 30
0.0
 40
0.1332714133280885
100
AcDbArc
 50
98.67978696655116
 51
115.0038989491337
  0
ARC
  5
E1
330
D4
100
AcDbEntity
  8
0
370
     9
100
AcDbCircle
 10
0.0
 20
-0.8536083026701249
 30
0.0
 40
0.7439320971669333
100
AcDbArc
 50
81.32021138700964
 51
98.67978831803799
  0
ARC
  5
E2
330
D4
100
AcDbEntity
  8
0
370
     9
100
AcDbCircle
 10
0.0
 20
-1.587628968734237
 30
0.0
 40
1.567235023635569
100
AcDbArc
 50
84.07995433424017
 51
95.92004556567173
  0
ARC
  5
E3
330
D4
100
AcDbEntity
  8
0
370
     9
100
AcDbCircle
 10
0.0
 20
-1.587628968734237
 30
0.0
 40
1.554785530479641
100
AcDbArc
 50
83.99548954625816
 51
96.00451021751951
  0
ARC
  5
E4
330
D4
100
AcDbEntity
  8
0
370
     9
100
AcDbCircle
 10
-0.1548646088709802
 20
-0.1153055891242048
 30
0.0
 40
0.07433992822772055
100
AcDbArc
 50
96.00450551325366
 51
157.831086984409
  0
ARC
  5
E5
330
D4
100
AcDbEntity
  8
0
370
     9
100
AcDbCircle
 10
0.1573215985259822
 20
-0.2425088613716753
 30
0.0
 40
0.4114465887364557
100
AcDbArc
 50
157.8310883965987
 51
172.0168559017544
  0
ARC
  5
E6
330
D4
100
AcDbEntity
  8
0
370
     9
100
AcDbCircle
 10
-0.1328793527698622
 20
-0.2593865481084094
 30
0.0
 40
0.1253981098195081
100
AcDbArc
 50
102.8055363712008
 51
145.9005526937996
  0
ARC
  5
E7
330
D4
100
AcDbEntity
  8
0
370
     9
100
AcDbCircle
 10
-0.1736190984263431
 20
-0.137898189012617
 30
0.0
 40
0.008018670869022261
100
AcDbArc
 50
36.83389696897596
 51
118.5852352029001
  0
ARC
  5
E8
330
D4
100
AcDbEntity
  8
0
370
     9
100
AcDbCircle
 10
-0.1588559657589599
 20
-0.1268403267935128
 30
0.0
 40
0.010426556237504
100
AcDbArc
 50
216.8338962546172
 51
335.8013584426066
  0
ARC
  5
E9
330
D4
100
AcDbEntity
  8
0
370
     9
100
AcDbCircle
 10
-0.09215609500068922
 20
-0.2499414036763597
 30
0.0
 40
0.1332714133280886
100
AcDbArc
 50
121.7879839832649
 51
145.6817707618279
  0
ARC
  5
EA
330
D4
100
AcDbEntity
  8
0
370
     9
100
AcDbCircle
 10
-0.2649222677566172
 20
-0.07917526285638132
 30
0.0
 40
0.126710771587581
100
AcDbArc
 50
335.8013582755868
 51
16.33757121086726
  0
ARC
  5
EB
330
D4
100
AcDbEntity
  8
0
370
     9
100
AcDbCircle
 10
-0.104953230676756
 20
-0.2639175428545286
 30
0.0
 40
0.1515313146901984
100
AcDbArc
 50
118.5852377147829
 51
150.7014524012415
  0
ARC
  5
EC
330
D4
100
AcDbEntity
  8
0
370
     9
100
AcDbCircle
 10
-0.2432054859570485
 20
-0.1863386046862843
 30
0.0
 40
0.00700000000000001
100
AcDbArc
 50
172.0168541074381
 51
330.7014593177019
  0
ARC
  5
ED
330
D4
100
AcDbEntity
  8
0
370
     9
100
AcDbCircle
 10
-0.1531978609071984
 20
-0.1102193595531276
 30
0.0
 40
0.08190383568884818
100
AcDbArc
 50
95.92004375058461
 51
156.9277085180923
  0
ARC
  5
EE
330
D4
100
AcDbEntity
  8
0
370
     9
100
AcDbCircle
 10
0.1573874997530425
 20
-0.2425177518837814
 30
0.0
 40
0.4194925364323838
100
AcDbArc
 50
156.9277085180922
 51
171.6269060140497
  0
ARC
  5
EF
330
D4
100
AcDbEntity
  8
0
370
     9
100
AcDbCircle
 10
-0.2649222677566172
 20
-0.07917526285638132
 30
0.0
 40
0.1222467140996461
100
AcDbArc
 50
335.7834484469413
 51
16.7527741053835
  0
ARC
  5
F0
330
D4
100
AcDbEntity
  8
0
370
     9
100
AcDbCircle
 10
-0.1526518082251869
 20
-0.04537976191659255
 30
0.0
 40
0.005000000000000013
100
AcDbArc
 50
16.75277869853569
 51
95.65272357653274
  0
ARC
  5
F1
330
D4
100
AcDbEntity
  8
0
370
     9
100
AcDbCircle
 10
-0.1481260503393287
 20
-0.04493850603768124
 30
0.0
 40
0.005000000000000003
100
AcDbArc
 50
16.33757533878174
 51
95.48461225656712
  0
ARC
  5
F2
330
D4
100
AcDbEntity
  8
0
370
     9
100
AcDbCircle
 10
-0.1522981245055917
 20
-0.1298296710940008
 30
0.0
 40
0.001244446381300561
100
AcDbArc
 50
155.7834380124577
 51
0.0
  0
ARC
  5
F3
330
D4
100
AcDbEntity
  8
0
370
     9
100
AcDbCircle
 10
-0.2365644786315784
 20
-0.009999999999990907
 30
0.0
 40
0.009999999999999972
100
AcDbArc
 50
89.99999999999993
 51
170.5426120101962
  0
ARC
  5
F4
330
D4
100
AcDbEntity
  8
0
370
     9
100
AcDbCircle
 10
0.2365644786315784
 20
-0.009999999999990907
 30
0.0
 40
0.009999999999999983
100
AcDbArc
 50
9.457387989803891
 51
90.0
  0
ARC
  5
F5
330
D4
100
AcDbEntity
  8
0
370
     9
100
AcDbCircle
 10
0.1522981245055917
 20
-0.1298296710940008
 30
0.0
 40
0.001244446381300585
100
AcDbArc
 50
180.0
 51
24.21656198754278
  0
ARC
  5
F6
330
D4
100
AcDbEntity
  8
0
370
     9
100
AcDbCircle
 10
0.1481260503393287
 20
-0.04493850603768124
 30
0.0
 40
0.00500000000000001
100
AcDbArc
 50
84.51538774343288
 51
163.6624246612182
  0
ARC
  5
F7
330
D4
100
AcDbEntity
  8
0
370
     9
100
AcDbCircle
 10
0.1526518082251869
 20
-0.04537976191659255
 30
0.0
 40
0.004999999999999974
100
AcDbArc
 50
84.34727642346725
 51
163.2472213014643
  0
ARC
  5
F8
330
D4
100
AcDbEntity
  8
0
370
     9
100
AcDbCircle
 10
0.2649222677566172
 20
-0.07917526285638132
 30
0.0
 40
0.1222467140996461
100
AcDbArc
 50
163.2472258946165
 51
204.2165515530583
  0
ARC
  5
F9
330
D4
100
AcDbEntity
  8
0
370
     9
100
AcDbCircle
 10
-0.1573874997530425
 20
-0.2425177518837814
 30
0.0
 40
0.4194925364323835
100
AcDbArc
 50
8.373093985950236
 51
23.07229148190779
  0
ARC
  5
FA
330
D4
100
AcDbEntity
  8
0
370
     9
100
AcDbCircle
 10
0.1531978609071984
 20
-0.1102193595531276
 30
0.0
 40
0.08190383568884817
100
AcDbArc
 50
23.0722914819077
 51
84.07995624941539
  0
ARC
  5
FB
330
D4
100
AcDbEntity
  8
0
370
     9
100
AcDbCircle
 10
0.2432054859570485
 20
-0.1863386046862843
 30
0.0
 40
0.006999999999999998
100
AcDbArc
 50
209.2985406822978
 51
7.983145892561931
  0
ARC
  5
FC
330
D4
100
AcDbEntity
  8
0
370
     9
100
AcDbCircle
 10
0.104953230676756
 20
-0.2639175428545286
 30
0.0
 40
0.1515313146901982
100
AcDbArc
 50
29.29854759875847
 51
61.41476228521699
  0
ARC
  5
FD
330
D4
100
AcDbEntity
  8
0
370
     9
100
AcDbCircle
 10
0.2649222677566172
 20
-0.07917526285638132
 30
0.0
 40
0.126710771587581
100
AcDbArc
 50
163.6624287891327
 51
204.1986417244128
  0
ARC
  5
FE
330
D4
100
AcDbEntity
  8
0
370
     9
100
AcDbCircle
 10
0.09215609500068922
 20
-0.2499414036763597
 30
0.0
 40
0.1332714133280884
100
AcDbArc
 50
34.31822923817197
 51
58.21201601673499
  0
ARC
  5
FF
330
D4
100
AcDbEntity
  8
0
370
     9
100
AcDbCircle
 10
0.1588559657589599
 20
-0.1268403267935128
 30
0.0
 40
0.01042655623750404
100
AcDbArc
 50
204.1986415573935
 51
323.1661037453827
  0
ARC
  5
100
330
D4
100
AcDbEntity
  8
0
370
     9
100
AcDbCircle
 10
0.1736190984263431
 20
-0.137898189012617
 30
0.0
 40
0.008018670869022273
100
AcDbArc
 50
61.41476479709996
 51
143.166103031024
  0
ARC
  5
101
330
D4
100
AcDbEntity
  8
0
370
     9
100
AcDbCircle
 10
0.1328793527698622
 20
-0.2593865481084094
 30
0.0
 40
0.1253981098195079
100
AcDbArc
 50
34.09944730620034
 51
77.19446362879914
  0
ARC
  5
102
330
D4
100
AcDbEntity
  8
0
370
     9
100
AcDbCircle
 10
-0.1573215985259822
 20
-0.2425088613716753
 30
0.0
 40
0.4114465887364553
100
AcDbArc
 50
7.983144098245518
 51
22.16891160340131
  0
ARC
  5
103
330
D4
100
AcDbEntity
  8
0
370
     9
100
AcDbCircle
 10
0.1548646088709802
 20
-0.1153055891242048
 30
0.0
 40
0.07433992822772047
100
AcDbArc
 50
22.16891301559095
 51
83.99549448674632
  0
ARC
  5
104
330
D4
100
AcDbEntity
  8
0
370
     9
100
AcDbCircle
 10
0.09215609500068922
 20
-0.2499414036763597
 30
0.0
 40
0.1332714133280884
100
AcDbArc
 50
64.99610105086627
 51
81.32021303344885
  0
ARC
  5
105
330
D4
100
AcDbEntity
  8
0
370
     9
100
AcDbCircle
 10
0.0782917244967507
 20
-0.2594055009428757
 30
0.0
 40
0.1500580123445658
100
AcDbArc
 50
348.6708463931171
 51
34.31822918154749
  0
ARC
  5
106
330
D4
100
AcDbEntity
  8
0
370
     9
100
AcDbCircle
 10
-0.7384931147809654
 20
-0.1724232972757136
 30
0.0
 40
0.9984931147809784
100
AcDbArc
 50
352.4328154097732
 51
9.457387989803015
  0
ARC
  5
107
330
D4
100
AcDbEntity
  8
0
370
     9
100
AcDbCircle
 10
0.1570518734604889
 20
-0.2751850118096968
 30
0.0
 40
0.06973271105051301
100
AcDbArc
 50
289.6378121361772
 51
348.6708468177868
  0
ARC
  5
108
330
D4
100
AcDbEntity
  8
0
370
     9
100
AcDbCircle
 10
0.1807260654349534
 20
-0.2945375233459231
 30
0.0
 40
0.0711982396277063
100
AcDbArc
 50
291.4708158281168
 51
352.4328185819074
  0
CIRCLE
  5
109
330
D4
100
AcDbEntity
  8
0
370
     9
100
AcDbCircle
 10
0.1000000000000228
 20
-0.06999999999999318
 30
0.0
 40
0.01521483342099145
  0
ARC
  5
10A
330
D4
100
AcDbEntity
  8
0
370
     9
100
AcDbCircle
 10
0.0
 20
-0.06999999999999318
 30
0.0
 40
0.01746100438952338
100
AcDbArc
 50
270.0
 51
89.99999999999994
  0
ARC
  5
10B
330
D4
100
AcDbEntity
  8
0
370
     9
100
AcDbCircle
 10
0.0
 20
-0.1899999999999978
 30
0.0
 40
0.02299999999999997
100
AcDbArc
 50
270.0000000000001
 51
89.99999999999993
  0
ENDBLK
  5
10C
330
D4
100
AcDbEntity
  8
0
100
AcDbBlockEnd
  0
BLOCK
  5
138
330
135
100
AcDbEntity
  8
0
100
AcDbBlockBegin
  2
PUERTA
 70
     0
 10
0.0
 20
0.0
 30
0.0
  3
PUERTA
  1

  0
LINE
  5
139
102
{ACAD_REACTORS
330
14E
102
}
330
135
100
AcDbEntity
  8
0
100
AcDbLine
 10
0.0
 20
0.07499999999998863
 30
0.0
 11
0.04999999999995453
 21
0.07499999999998863
 31
0.0
  0
LINE
  5
13A
330
135
100
AcDbEntity
  8
0
100
AcDbLine
 10
0.04999999999995453
 20
0.07499999999998863
 30
0.0
 11
0.04999999999995453
 21
0.9249999999999545
 31
0.0
  0
LINE
  5
13B
330
135
100
AcDbEntity
  8
0
100
AcDbLine
 10
0.1000000000000227
 20
0.07499999999998863
 30
0.0
 11
0.1000000000000227
 21
0.9249999999999545
 31
0.0
  0
LINE
  5
13C
330
135
100
AcDbEntity
  8
0
100
AcDbLine
 10
0.1000000000000227
 20
0.07499999999998863
 30
0.0
 11
0.04999999999995453
 21
0.07499999999998863
 31
0.0
  0
LINE
  5
13D
102
{ACAD_REACTORS
330
14E
102
}
330
135
100
AcDbEntity
  8
0
100
AcDbLine
 10
1.0
 20
0.07499999999998863
 30
0.0
 11
0.9499999999999886
 21
0.07499999999998863
 31
0.0
  0
ARC
  5
13E
330
135
100
AcDbEntity
  8
TEXTURA
100
AcDbCircle
 10
0.1000000000000227
 20
0.07499999999998863
 30
0.0
 40
0.8499999999999658
100
AcDbArc
 50
0.0
 51
90.0
  0
LINE
  5
142
330
135
100
AcDbEntity
  8
0
100
AcDbLine
 10
0.1000000000000227
 20
0.9249999999999545
 30
0.0
 11
0.04999999999995453
 21
0.9249999999999545
 31
0.0
  0
LINE
  5
143
102
{ACAD_REACTORS
330
14E
102
}
330
135
100
AcDbEntity
  8
0
 48
0.3
100
AcDbLine
 10
0.04999999999995453
 20
0.02499999999997726
 30
0.0
 11
0.04999999999995453
 21
0.125
 31
0.0
  0
LINE
  5
144
102
{ACAD_REACTORS
330
14E
102
}
330
135
100
AcDbEntity
  8
0
 48
0.3
100
AcDbLine
 10
0.0
 20
0.07499999999998863
 30
0.0
 11
0.0
 21
0.0
 31
0.0
  0
LINE
  5
145
102
{ACAD_REACTORS
330
14E
102
}
330
135
100
AcDbEntity
  8
0
 48
0.3
100
AcDbLine
 10
0.07500000000004547
 20
0.02499999999997726
 30
0.0
 11
0.04999999999995453
 21
0.02499999999997726
 31
0.0
  0
LINE
  5
146
102
{ACAD_REACTORS
330
14E
102
}
330
135
100
AcDbEntity
  8
0
100
AcDbLine
 10
0.0
 20
0.0
 30
0.0
 11
0.04999999999995453
 21
0.0
 31
0.0
  0
LINE
  5
147
102
{ACAD_REACTORS
330
14E
102
}
330
135
100
AcDbEntity
  8
0
 48
0.3
100
AcDbLine
 10
0.07500000000004547
 20
0.0
 30
0.0
 11
0.04999999999995453
 21
0.0
 31
0.0
  0
LINE
  5
148
102
{ACAD_REACTORS
330
14E
102
}
330
135
100
AcDbEntity
  8
0
 48
0.3
100
AcDbLine
 10
0.07500000000004547
 20
0.02499999999997726
 30
0.0
 11
0.07500000000004547
 21
0.0
 31
0.0
  0
LINE
  5
149
102
{ACAD_REACTORS
330
14E
102
}
330
135
100
AcDbEntity
  8
0
 48
0.3
100
AcDbLine
 10
0.9499999999999886
 20
0.07499999999998863
 30
0.0
 11
0.9499999999999886
 21
0.02499999999997726
 31
0.0
  0
LINE
  5
14A
102
{ACAD_REACTORS
330
14E
102
}
330
135
100
AcDbEntity
  8
0
 48
0.3
100
AcDbLine
 10
1.0
 20
0.07499999999998863
 30
0.0
 11
1.0
 21
-5.684341886080801E-14
 31
0.0
  0
LINE
  5
14B
102
{ACAD_REACTORS
330
14E
102
}
330
135
100
AcDbEntity
  8
0
 48
0.3
100
AcDbLine
 10
0.9499999999999886
 20
0.02499999999997726
 30
0.0
 11
0.9250000000000114
 21
0.02499999999997726
 31
0.0
  0
LINE
  5
14C
102
{ACAD_REACTORS
330
14E
102
}
330
135
100
AcDbEntity
  8
0
 48
0.3
100
AcDbLine
 10
0.9250000000000114
 20
0.02499999999997726
 30
0.0
 11
0.9250000000000114
 21
-5.684341886080801E-14
 31
0.0
  0
LINE
  5
14D
102
{ACAD_REACTORS
330
14E
102
}
330
135
100
AcDbEntity
  8
0
 48
0.3
100
AcDbLine
 10
0.9250000000000114
 20
-5.684341886080801E-14
 30
0.0
 11
1.0
 21
-5.684341886080801E-14
 31
0.0
  0
HATCH
  5
14E
330
135
100
AcDbEntity
  8
TEXTURA
 48
0.3
100
AcDbHatch
 10
0.0
 20
0.0
 30
0.0
210
0.0
220
0.0
230
0.9999999999999999
  2
ANSI31
 70
     0
 71
     1
 91
        2
 92
        7
 72
     0
 73
     1
 93
        7
 10
0.0
 20
0.0
 10
0.04999999999995453
 20
0.0
 10
0.07500000000004547
 20
0.0
 10
0.07500000000004547
 20
0.02499999999997726
 10
0.04999999999995453
 20
0.02499999999997726
 10
0.04999999999995453
 20
0.07499999999998863
 10
0.0
 20
0.07499999999998863
 97
        7
330
145
330
148
330
147
330
146
330
144
330
139
330
143
 92
        7
 72
     0
 73
     1
 93
        6
 10
0.9250000000000114
 20
-5.684341886080801E-14
 10
1.0
 20
-5.684341886080801E-14
 10
1.0
 20
0.07499999999998863
 10
0.9499999999999886
 20
0.07499999999998863
 10
0.9499999999999886
 20
0.02499999999997726
 10
0.9250000000000114
 20
0.02499999999997726
 97
        6
330
14D
330
14C
330
14B
330
149
330
13D
330
14A
 75
     0
 76
     1
 52
0.0
 41
0.1
 77
     0
 78
     1
 53
315.0
 43
-170.0256567762884
 44
504.9587429603616
 45
-0.008838834764831846
 46
-0.00883883476483184
 79
     0
 47
0.001536958568477847
 98
        2
 10
-169.6356270778919
 20
-502.5101504341655
 10
-168.676921605906
 20
-502.4932439982938
  0
ENDBLK
  5
14F
330
135
100
AcDbEntity
  8
0
100
AcDbBlockEnd
  0
BLOCK
  5
15F
330
15E
100
AcDbEntity
  8
0
100
AcDbBlockBegin
  2
estufas
 70
     0
 10
0.0
 20
0.0
 30
0.0
  3
estufas
  1

  0
LINE
  5
160
330
15E
100
AcDbEntity
  8
10-MUEBLES
100
AcDbLine
 10
141.3538020361828
 20
-30.19447076161487
 30
7.855408532578156E-12
 11
140.7538020361828
 21
-30.1944707616155
 31
7.855408532578156E-12
  0
LINE
  5
161
330
15E
100
AcDbEntity
  8
10-MUEBLES
100
AcDbLine
 10
141.2887783934584
 20
-30.20417726255523
 30
5.541369911453331E-08
 11
140.6688256789074
 21
-30.20417726255587
 31
5.541369911453331E-08
  0
ARC
  5
162
330
15E
100
AcDbEntity
  8
10-MUEBLES
100
AcDbCircle
 10
141.3186994525393
 20
-30.05971443881322
 30
1.278558752123325E-08
 40
0.005000000000000782
100
AcDbArc
 50
270.0000000001042
 51
95.72481045231667
  0
ARC
  5
163
330
15E
100
AcDbEntity
  8
10-MUEBLES
100
AcDbCircle
 10
141.2486994525394
 20
-30.05971443881345
 30
1.278558752123325E-08
 40
0.005000000000000782
100
AcDbArc
 50
90.00000000010422
 51
270.0000000001042
  0
ARC
  5
164
330
15E
100
AcDbEntity
  8
10-MUEBLES
100
AcDbCircle
 10
141.2186994525394
 20
-30.06471443881345
 30
1.278558752123325E-08
 40
0.04
100
AcDbArc
 50
104.4775121860376
 51
180.0000000001042
  0
ARC
  5
165
330
15E
100
AcDbEntity
  8
10-MUEBLES
100
AcDbCircle
 10
141.2186994525394
 20
-30.06471443881345
 30
1.278558752123325E-08
 40
0.1
100
AcDbArc
 50
140.7391704773726
 51
180.0000000001042
  0
ARC
  5
166
330
15E
100
AcDbEntity
  8
10-MUEBLES
100
AcDbCircle
 10
141.2186994525394
 20
-30.06471443881345
 30
1.278558752123325E-08
 40
0.09000000000000001
100
AcDbArc
 50
141.3793702085437
 51
180.0000000001042
  0
LINE
  5
167
330
15E
100
AcDbEntity
  8
10-MUEBLES
100
AcDbLine
 10
141.0808230663766
 20
-30.10969673054445
 30
3.823771461551188E-12
 11
141.0808230663759
 21
-29.77179434095388
 31
5.317762964500262E-12
  0
ARC
  5
168
330
15E
100
AcDbEntity
  8
10-MUEBLES
100
AcDbCircle
 10
140.7416784223456
 20
-30.07770346921973
 30
1.278558752123325E-08
 40
0.08500000000000001
100
AcDbArc
 50
1.042204158021965E-10
 51
39.26082952284316
  0
ARC
  5
169
330
15E
100
AcDbEntity
  8
10-MUEBLES
100
AcDbCircle
 10
140.7416784223456
 20
-30.07770346921973
 30
1.278558752123325E-08
 40
0.07650000000000001
100
AcDbArc
 50
1.042204158021965E-10
 51
38.6206297916648
  0
ARC
  5
16A
330
15E
100
AcDbEntity
  8
10-MUEBLES
100
AcDbCircle
 10
140.7416784223456
 20
-30.07770346921973
 30
1.278558752123325E-08
 40
0.034
100
AcDbArc
 50
1.042204158021965E-10
 51
75.52248781417768
  0
ARC
  5
16B
330
15E
100
AcDbEntity
  8
10-MUEBLES
100
AcDbCircle
 10
140.7416784223456
 20
-30.07770346921973
 30
1.278558752123325E-08
 40
0.034
100
AcDbArc
 50
90.00000000010422
 51
165.5224878141784
  0
ARC
  5
16C
330
15E
100
AcDbEntity
  8
10-MUEBLES
100
AcDbCircle
 10
140.7416784223456
 20
-30.07770346921973
 30
1.278558752123325E-08
 40
0.07650000000000001
100
AcDbArc
 50
135.0000000001016
 51
173.6206297916635
  0
ARC
  5
16D
330
15E
100
AcDbEntity
  8
10-MUEBLES
100
AcDbCircle
 10
140.7416784223456
 20
-30.07770346921973
 30
1.278558752123325E-08
 40
0.08500000000000001
100
AcDbArc
 50
135.0000000001016
 51
174.2751895478798
  0
LINE
  5
16E
330
15E
100
AcDbEntity
  8
10-MUEBLES
100
AcDbLine
 10
140.6038020361817
 20
-29.60808091557306
 30
-9.935860873439688E-25
 11
140.6038020361828
 21
-30.20217726255715
 31
-2.626719791483536E-12
  0
LINE
  5
16F
330
15E
100
AcDbEntity
  8
10-MUEBLES
100
AcDbLine
 10
140.8767810059881
 20
-29.77179434095422
 30
2.733514983233806E-12
 11
140.8767810059888
 21
-30.10969673054479
 31
1.239523480284733E-12
  0
ARC
  5
170
330
15E
100
AcDbEntity
  8
10-MUEBLES
100
AcDbCircle
 10
141.2186994525394
 20
-30.06471443881345
 30
1.278558752123325E-08
 40
0.09000000000000001
100
AcDbArc
 50
321.3793702085437
 51
1.042204158021965E-10
  0
ARC
  5
171
330
15E
100
AcDbEntity
  8
10-MUEBLES
100
AcDbCircle
 10
141.2186994525394
 20
-30.06471443881345
 30
1.278558752123325E-08
 40
0.1
100
AcDbArc
 50
320.7391704773726
 51
1.042204158021965E-10
  0
LINE
  5
172
330
15E
100
AcDbEntity
  8
10-MUEBLES
100
AcDbLine
 10
140.6038020361828
 20
-30.20217726255715
 30
-2.626719791483536E-12
 11
141.3538020361828
 21
-30.20217726255579
 31
6.872233425636618E-12
  0
ARC
  5
173
330
15E
100
AcDbEntity
  8
10-MUEBLES
100
AcDbCircle
 10
140.7416784223456
 20
-30.07770346921973
 30
1.278558752123325E-08
 40
0.07650000000000001
100
AcDbArc
 50
225.000000000101
 51
263.6206297916635
  0
LINE
  5
174
330
15E
100
AcDbEntity
  8
10-MUEBLES
100
AcDbLine
 10
140.6818256789075
 20
-30.22287243805591
 30
-1.730030244386628E-12
 11
140.7231257490956
 21
-30.22287243805579
 31
-1.206953664947222E-12
  0
LINE
  5
175
330
15E
100
AcDbEntity
  8
10-MUEBLES
100
AcDbLine
 10
140.6818256789075
 20
-30.22097589193005
 30
-1.72164491216233E-12
 11
140.7231257490956
 21
-30.22097589193005
 31
-1.198568332722925E-12
  0
ARC
  5
176
330
15E
100
AcDbEntity
  8
10-MUEBLES
100
AcDbCircle
 10
140.7416784223456
 20
-30.07770346921973
 30
1.278558752123325E-08
 40
0.08500000000000001
100
AcDbArc
 50
225.000000000101
 51
264.2751895478797
  0
LINE
  5
177
330
15E
100
AcDbEntity
  8
10-MUEBLES
100
AcDbLine
 10
140.6718256789075
 20
-30.20717726255703
 30
-1.787288775168993E-12
 11
140.7331257490956
 21
-30.20717726255692
 31
-1.010906776608324E-12
  0
ARC
  5
178
330
15E
100
AcDbEntity
  8
10-MUEBLES
100
AcDbCircle
 10
140.7416784223456
 20
-30.07770346921973
 30
1.278558752123325E-08
 40
0.034
100
AcDbArc
 50
180.0000000001042
 51
255.5224878141777
  0
ARC
  5
179
330
15E
100
AcDbEntity
  8
10-MUEBLES
100
AcDbCircle
 10
140.7161784223456
 20
-30.07345346921978
 30
1.278558752123325E-08
 40
0.004250000000000664
100
AcDbArc
 50
270.0000000001042
 51
90.00000000010422
  0
ARC
  5
17A
330
15E
100
AcDbEntity
  8
10-MUEBLES
100
AcDbCircle
 10
140.6566784223456
 20
-30.07345346921989
 30
1.278558752123325E-08
 40
0.004250000000000664
100
AcDbArc
 50
84.27518954786662
 51
270.0000000001042
  0
LINE
  5
17B
330
15E
100
AcDbEntity
  8
10-MUEBLES
100
AcDbLine
 10
140.6651784223455
 20
-30.07770346921985
 30
-1.299026529364563E-12
 11
140.7161784223456
 21
-30.07770346921973
 31
-6.53097710598063E-13
  0
LINE
  5
17C
330
15E
100
AcDbEntity
  8
10-MUEBLES
100
AcDbLine
 10
140.6656521111107
 20
-30.06920346921982
 30
-1.255445487436949E-12
 11
140.7161784223456
 21
-30.06920346921971
 31
-6.155160652341788E-13
  0
LINE
  5
17D
330
15E
100
AcDbEntity
  8
10-MUEBLES
100
AcDbLine
 10
140.6819092944828
 20
-30.12545178180256
 30
-1.298238459293974E-12
 11
140.6996055688649
 21
-30.10775550742017
 31
-9.958685718938321E-13
  0
LINE
  5
17E
330
15E
100
AcDbEntity
  8
10-MUEBLES
100
AcDbLine
 10
140.6875847535849
 20
-30.13179713798059
 30
-1.254412399686041E-12
 11
140.705615976505
 21
-30.11376591506031
 31
-9.463193668622985E-13
  0
ARC
  5
17F
330
15E
100
AcDbEntity
  8
10-MUEBLES
100
AcDbCircle
 10
140.702610772685
 20
-30.11076071124024
 30
1.278558752123325E-08
 40
0.004250000000000664
100
AcDbArc
 50
315.0000000001016
 51
135.0000000001016
  0
LINE
  5
180
330
15E
100
AcDbEntity
  8
10-MUEBLES
100
AcDbLine
 10
140.7084757140015
 20
-30.22476559495636
 30
-1.400870676135493E-12
 11
140.7084757140015
 21
-30.22287243805591
 31
-1.392500328929884E-12
  0
LINE
  5
181
330
15E
100
AcDbEntity
  8
10-MUEBLES
100
AcDbLine
 10
140.6964757140016
 20
-30.22476559495636
 30
-1.552853927609575E-12
 11
140.6964757140016
 21
-30.22287243805591
 31
-1.544483580403966E-12
  0
LINE
  5
182
330
15E
100
AcDbEntity
  8
10-MUEBLES
100
AcDbLine
 10
140.6818256789075
 20
-30.22097589193005
 30
-1.72164491216233E-12
 11
140.6818256789075
 21
-30.22287243805591
 31
-1.730030244386628E-12
  0
LINE
  5
183
330
15E
100
AcDbEntity
  8
10-MUEBLES
100
AcDbLine
 10
140.6964757140016
 20
-30.22476559495636
 30
-1.552853927609575E-12
 11
140.7084757140015
 21
-30.22476559495636
 31
-1.400870676135493E-12
  0
LINE
  5
184
330
15E
100
AcDbEntity
  8
10-MUEBLES
100
AcDbLine
 10
140.6755639383046
 20
-30.13179713798059
 30
-1.406659282323283E-12
 11
140.6758652137678
 21
-30.13149586251746
 31
-1.401511496641955E-12
  0
LINE
  5
185
330
15E
100
AcDbEntity
  8
10-MUEBLES
100
AcDbLine
 10
140.6768256789074
 20
-30.20717726255703
 30
-1.723962420391986E-12
 11
140.6768256789074
 21
-30.21597589193005
 31
-1.762864416723731E-12
  0
LINE
  5
186
330
15E
100
AcDbEntity
  8
10-MUEBLES
100
AcDbLine
 10
140.6688256789074
 20
-30.20217726255704
 30
-1.803177737823561E-12
 11
140.6688256789074
 21
-30.20417726255699
 31
-1.812020477911127E-12
  0
ARC
  5
187
330
15E
100
AcDbEntity
  8
10-MUEBLES
100
AcDbCircle
 10
140.6718256789075
 20
-30.20417726255699
 30
1.278558752123325E-08
 40
0.003
100
AcDbArc
 50
180.0000000001042
 51
270.0000000001042
  0
ARC
  5
188
330
15E
100
AcDbEntity
  8
10-MUEBLES
100
AcDbCircle
 10
140.6785691421247
 20
-30.13480234180066
 30
1.278558752123325E-08
 40
0.004250000000000664
100
AcDbArc
 50
135.0000000001016
 51
315.0000000001016
  0
LINE
  5
189
330
15E
100
AcDbEntity
  8
10-MUEBLES
100
AcDbLine
 10
140.6768256789074
 20
-30.21597589193005
 30
-1.762864416723731E-12
 11
140.6818256789075
 21
-30.22097589193005
 31
-1.72164491216233E-12
  0
ARC
  5
18A
330
15E
100
AcDbEntity
  8
10-MUEBLES
100
AcDbCircle
 10
140.7416784223456
 20
-30.07770346921973
 30
1.278558752123325E-08
 40
0.07650000000000001
100
AcDbArc
 50
180.0000000001042
 51
218.6206297916648
  0
ARC
  5
18B
330
15E
100
AcDbEntity
  8
10-MUEBLES
100
AcDbCircle
 10
140.7416784223456
 20
-30.07770346921973
 30
1.278558752123325E-08
 40
0.08500000000000001
100
AcDbArc
 50
180.0000000001042
 51
219.2608295228432
  0
ARC
  5
18C
330
15E
100
AcDbEntity
  8
10-MUEBLES
100
AcDbCircle
 10
140.8266784223457
 20
-30.08195346921958
 30
1.278558752123325E-08
 40
0.004250000000000664
100
AcDbArc
 50
264.2751895478928
 51
90.00000000010422
  0
ARC
  5
18D
330
15E
100
AcDbEntity
  8
10-MUEBLES
100
AcDbCircle
 10
140.7671784223456
 20
-30.08195346921969
 30
1.278558752123325E-08
 40
0.004250000000000664
100
AcDbArc
 50
90.00000000010422
 51
270.0000000001042
  0
LINE
  5
18E
330
15E
100
AcDbEntity
  8
10-MUEBLES
100
AcDbLine
 10
140.7671784223456
 20
-30.08620346921965
 30
-4.475053720206482E-14
 11
140.8177047335806
 21
-30.08620346921953
 31
5.951788850007053E-13
  0
LINE
  5
18F
330
15E
100
AcDbEntity
  8
10-MUEBLES
100
AcDbLine
 10
140.7671784223456
 20
-30.07770346921962
 30
-7.168891838180653E-15
 11
140.8181784223455
 21
-30.07770346921951
 31
6.387599269283191E-13
  0
LINE
  5
190
330
15E
100
AcDbEntity
  8
10-MUEBLES
100
AcDbLine
 10
140.8116159819352
 20
-30.22097589192982
 30
-7.781555683473533E-14
 11
140.8116159819352
 21
-30.22287243805568
 31
-8.620088905903298E-14
  0
LINE
  5
191
330
15E
100
AcDbEntity
  8
10-MUEBLES
100
AcDbLine
 10
140.8166159819351
 20
-30.21597589192982
 30
7.61764816449569E-15
 11
140.8166159819351
 21
-30.20717726255669
 31
4.651964449624059E-14
  0
LINE
  5
192
330
15E
100
AcDbEntity
  8
10-MUEBLES
100
AcDbLine
 10
140.8116159819352
 20
-30.22097589192982
 30
-7.781555683473533E-14
 11
140.8166159819351
 21
-30.21597589192982
 31
7.61764816449569E-15
  0
LINE
  5
193
330
15E
100
AcDbEntity
  8
10-MUEBLES
100
AcDbLine
 10
140.8246159819351
 20
-30.20417726255676
 30
1.611059222780802E-13
 11
140.8246159819351
 21
-30.2021772625567
 31
1.699486623656463E-13
  0
ARC
  5
194
330
15E
100
AcDbEntity
  8
10-MUEBLES
100
AcDbCircle
 10
140.8216159819349
 20
-30.20417726255676
 30
1.278558752123325E-08
 40
0.003
100
AcDbArc
 50
270.0000000001042
 51
1.042204158021965E-10
  0
LINE
  5
195
330
15E
100
AcDbEntity
  8
10-MUEBLES
100
AcDbLine
 10
140.7954708156433
 20
-30.14351667779739
 30
6.017738640571796E-14
 11
140.7957720911064
 21
-30.14381795326052
 31
6.266107147496161E-14
  0
LINE
  5
196
330
15E
100
AcDbEntity
  8
10-MUEBLES
100
AcDbLine
 10
140.7717304605461
 20
-30.11977632270021
 30
-1.355357486445551E-13
 11
140.7894267349284
 21
-30.1374725970826
 31
1.035058388842058E-14
  0
ARC
  5
197
330
15E
100
AcDbEntity
  8
10-MUEBLES
100
AcDbCircle
 10
140.7416784223456
 20
-30.07770346921973
 30
1.278558752123325E-08
 40
0.07650000000000001
100
AcDbArc
 50
270.0000000001042
 51
308.6206297916593
  0
ARC
  5
198
330
15E
100
AcDbEntity
  8
10-MUEBLES
100
AcDbCircle
 10
140.7374284223457
 20
-30.16270346921966
 30
1.278558752123325E-08
 40
0.004250000000000664
100
AcDbArc
 50
174.2751895478661
 51
1.042204158021965E-10
  0
LINE
  5
199
330
15E
100
AcDbEntity
  8
10-MUEBLES
100
AcDbLine
 10
140.7416784223456
 20
-30.1032034692197
 30
-4.428782373263179E-13
 11
140.7416784223456
 21
-30.15420346921963
 31
-6.683681095427102E-13
  0
LINE
  5
19A
330
15E
100
AcDbEntity
  8
10-MUEBLES
100
AcDbLine
 10
140.7331784223457
 20
-30.1032034692197
 30
-5.505330404518621E-13
 11
140.7331784223457
 21
-30.15372978045469
 31
-7.739285593581339E-13
  0
ARC
  5
19B
330
15E
100
AcDbEntity
  8
10-MUEBLES
100
AcDbCircle
 10
140.7747356643661
 20
-30.11677111888014
 30
1.278558752123325E-08
 40
0.004250000000000664
100
AcDbArc
 50
45.00000000010104
 51
225.000000000101
  0
ARC
  5
19C
330
15E
100
AcDbEntity
  8
10-MUEBLES
100
AcDbCircle
 10
140.7374284223457
 20
-30.1032034692197
 30
1.278558752123325E-08
 40
0.004250000000000664
100
AcDbArc
 50
1.042204158021965E-10
 51
180.0000000001042
  0
LINE
  5
19D
330
15E
100
AcDbEntity
  8
10-MUEBLES
100
AcDbLine
 10
140.7777408681862
 20
-30.11376591506008
 30
-3.283807103884671E-14
 11
140.7957720911064
 21
-30.13179713798036
 31
1.158095440491365E-13
  0
ARC
  5
19E
330
15E
100
AcDbEntity
  8
10-MUEBLES
100
AcDbCircle
 10
140.7416784223456
 20
-30.07770346921973
 30
1.278558752123325E-08
 40
0.08500000000000001
100
AcDbArc
 50
270.0000000001042
 51
309.2608295228383
  0
LINE
  5
19F
330
15E
100
AcDbEntity
  8
10-MUEBLES
100
AcDbLine
 10
140.7231257490956
 20
-30.22097589193005
 30
-1.198568332722925E-12
 11
140.7231257490956
 21
-30.22287243805579
 31
-1.206953664947222E-12
  0
LINE
  5
1A0
330
15E
100
AcDbEntity
  8
10-MUEBLES
100
AcDbLine
 10
140.7281257490955
 20
-30.21597589193005
 30
-1.113135127723694E-12
 11
140.7281257490955
 21
-30.20717726255692
 31
-1.074233131385331E-12
  0
LINE
  5
1A1
330
15E
100
AcDbEntity
  8
10-MUEBLES
100
AcDbLine
 10
140.7231257490956
 20
-30.22097589193005
 30
-1.198568332722925E-12
 11
140.7281257490955
 21
-30.21597589193005
 31
-1.113135127723694E-12
  0
LINE
  5
1A2
330
15E
100
AcDbEntity
  8
10-MUEBLES
100
AcDbLine
 10
140.7361257490955
 20
-30.20417726255688
 30
-9.596468536101091E-13
 11
140.7361257490955
 21
-30.20217726255692
 31
-9.50804113522543E-13
  0
ARC
  5
1A3
330
15E
100
AcDbEntity
  8
10-MUEBLES
100
AcDbCircle
 10
140.7331257490956
 20
-30.20417726255688
 30
1.278558752123325E-08
 40
0.003
100
AcDbArc
 50
270.0000000001042
 51
1.042204158021965E-10
  0
LINE
  5
1A4
330
15E
100
AcDbEntity
  8
10-MUEBLES
100
AcDbLine
 10
140.7969659468411
 20
-30.22476559495613
 30
-2.801179002473042E-13
 11
140.7969659468411
 21
-30.22287243805568
 31
-2.717475530416951E-13
  0
LINE
  5
1A5
330
15E
100
AcDbEntity
  8
10-MUEBLES
100
AcDbLine
 10
140.7849659468409
 20
-30.22476559495613
 30
-4.321011517213855E-13
 11
140.7849659468409
 21
-30.22287243805568
 31
-4.237308045157764E-13
  0
LINE
  5
1A6
330
15E
100
AcDbEntity
  8
10-MUEBLES
100
AcDbLine
 10
140.7703159117471
 20
-30.22097589192993
 30
-6.008921362741408E-13
 11
140.7703159117471
 21
-30.22287243805579
 31
-6.092774684984385E-13
  0
LINE
  5
1A7
330
15E
100
AcDbEntity
  8
10-MUEBLES
100
AcDbLine
 10
140.765315911747
 20
-30.2071772625568
 30
-6.032096445037964E-13
 11
140.765315911747
 21
-30.21597589192994
 31
-6.421116408355413E-13
  0
LINE
  5
1A8
330
15E
100
AcDbEntity
  8
10-MUEBLES
100
AcDbLine
 10
140.765315911747
 20
-30.21597589192994
 30
-6.421116408355413E-13
 11
140.7703159117471
 21
-30.22097589192993
 31
-6.008921362741408E-13
  0
LINE
  5
1A9
330
15E
100
AcDbEntity
  8
10-MUEBLES
100
AcDbLine
 10
140.757315911747
 20
-30.20217726255681
 30
-6.824249619353716E-13
 11
140.757315911747
 21
-30.20417726255688
 31
-6.912677020229377E-13
  0
ARC
  5
1AA
330
15E
100
AcDbEntity
  8
10-MUEBLES
100
AcDbCircle
 10
140.7603159117469
 20
-30.20417726255688
 30
1.278558752123325E-08
 40
0.003
100
AcDbArc
 50
180.0000000001042
 51
270.0000000001042
  0
LINE
  5
1AB
330
15E
100
AcDbEntity
  8
10-MUEBLES
100
AcDbLine
 10
140.7849659468409
 20
-30.22476559495613
 30
-4.321011517213855E-13
 11
140.7969659468411
 21
-30.22476559495613
 31
-2.801179002473042E-13
  0
ARC
  5
1AC
330
15E
100
AcDbEntity
  8
10-MUEBLES
100
AcDbCircle
 10
140.7987772949264
 20
-30.14081274944045
 30
1.278558752123325E-08
 40
0.004250000000000664
100
AcDbArc
 50
225.000000000101
 51
45.00000000010104
  0
LINE
  5
1AD
330
15E
100
AcDbEntity
  8
10-MUEBLES
100
AcDbLine
 10
140.7703159117471
 20
-30.22287243805579
 30
-6.092774684984385E-13
 11
140.8116159819352
 21
-30.22287243805568
 31
-8.620088905903298E-14
  0
LINE
  5
1AE
330
15E
100
AcDbEntity
  8
10-MUEBLES
100
AcDbLine
 10
140.7703159117471
 20
-30.22097589192993
 30
-6.008921362741408E-13
 11
140.8116159819352
 21
-30.22097589192982
 31
-7.781555683473533E-14
  0
LINE
  5
1AF
330
15E
100
AcDbEntity
  8
10-MUEBLES
100
AcDbLine
 10
140.7603159117469
 20
-30.2071772625568
 30
-6.665359992874209E-13
 11
140.8216159819349
 21
-30.20717726255669
 31
1.098459992798651E-13
  0
ARC
  5
1B0
330
15E
100
AcDbEntity
  8
10-MUEBLES
100
AcDbCircle
 10
140.7416784223456
 20
-30.07770346921973
 30
1.278558752123325E-08
 40
0.08500000000000001
100
AcDbArc
 50
315.0000000001016
 51
354.2751895478798
  0
ARC
  5
1B1
330
15E
100
AcDbEntity
  8
10-MUEBLES
100
AcDbCircle
 10
140.7416784223456
 20
-30.07770346921973
 30
1.278558752123325E-08
 40
0.07650000000000001
100
AcDbArc
 50
315.0000000001016
 51
353.6206297916635
  0
ARC
  5
1B2
330
15E
100
AcDbEntity
  8
10-MUEBLES
100
AcDbCircle
 10
140.7416784223456
 20
-30.07770346921973
 30
1.278558752123325E-08
 40
0.034
100
AcDbArc
 50
270.0000000001042
 51
345.5224878141784
  0
ARC
  5
1B3
330
15E
100
AcDbEntity
  8
10-MUEBLES
100
AcDbCircle
 10
141.0508230663766
 20
-30.10969673054445
 30
1.278558752123325E-08
 40
0.03
100
AcDbArc
 50
270.0000000001042
 51
1.042204158021965E-10
  0
LINE
  5
1B4
330
15E
100
AcDbEntity
  8
10-MUEBLES
100
AcDbLine
 10
140.9583863894405
 20
-30.22730101999503
 30
1.753105690817651E-12
 11
140.9170863192524
 21
-30.22730101999515
 31
1.230029111378245E-12
  0
LINE
  5
1B5
330
15E
100
AcDbEntity
  8
10-MUEBLES
100
AcDbLine
 10
140.9583863894405
 20
-30.22540447386928
 30
1.761491023048566E-12
 11
140.9170863192524
 21
-30.22540447386928
 31
1.238414443602543E-12
  0
LINE
  5
1B6
330
15E
100
AcDbEntity
  8
10-MUEBLES
100
AcDbLine
 10
140.9683863894405
 20
-30.20717726255646
 30
1.968732978681431E-12
 11
140.9070863192522
 21
-30.20717726255658
 31
1.192350980120762E-12
  0
LINE
  5
1B7
330
15E
100
AcDbEntity
  8
10-MUEBLES
100
AcDbLine
 10
140.906781005989
 20
-30.13969673054476
 30
1.486840507666371E-12
 11
141.0508230663766
 21
-30.13969673054454
 31
3.31117223156242E-12
  0
LINE
  5
1B8
330
15E
100
AcDbEntity
  8
10-MUEBLES
100
AcDbLine
 10
140.9437363543464
 20
-30.22919417689548
 30
1.559188679629379E-12
 11
140.9317363543465
 21
-30.2291941768956
 31
1.407205428155298E-12
  0
LINE
  5
1B9
330
15E
100
AcDbEntity
  8
10-MUEBLES
100
AcDbLine
 10
140.9317363543465
 20
-30.2291941768956
 30
1.407205428155298E-12
 11
140.9317363543465
 21
-30.22730101999515
 31
1.415575775360907E-12
  0
LINE
  5
1BA
330
15E
100
AcDbEntity
  8
10-MUEBLES
100
AcDbLine
 10
140.9437363543464
 20
-30.22919417689548
 30
1.559188679629379E-12
 11
140.9437363543464
 21
-30.22730101999503
 31
1.567559026834988E-12
  0
LINE
  5
1BB
330
15E
100
AcDbEntity
  8
10-MUEBLES
100
AcDbLine
 10
140.9170863192524
 20
-30.22540447386928
 30
1.238414443602543E-12
 11
140.9170863192524
 21
-30.22730101999515
 31
1.230029111378245E-12
  0
ARC
  5
1BC
330
15E
100
AcDbEntity
  8
10-MUEBLES
100
AcDbCircle
 10
140.9070863192522
 20
-30.20417726255653
 30
1.278558752123325E-08
 40
0.003
100
AcDbArc
 50
180.0000000001042
 51
270.0000000001042
  0
LINE
  5
1BD
330
15E
100
AcDbEntity
  8
10-MUEBLES
100
AcDbLine
 10
140.9040863192523
 20
-30.20417726255653
 30
1.167619277378628E-12
 11
140.9040863192523
 21
-30.20217726255658
 31
1.176462017466194E-12
  0
LINE
  5
1BE
330
15E
100
AcDbEntity
  8
10-MUEBLES
100
AcDbLine
 10
140.9120863192523
 20
-30.21597589192971
 30
1.216775338566024E-12
 11
140.9120863192523
 21
-30.20717726255658
 31
1.255677334897769E-12
  0
ARC
  5
1BF
330
15E
100
AcDbEntity
  8
10-MUEBLES
100
AcDbCircle
 10
140.9067810059888
 20
-30.10969673054479
 30
1.278558752123325E-08
 40
0.03
100
AcDbArc
 50
180.0000000001042
 51
270.0000000001042
  0
LINE
  5
1C0
330
15E
100
AcDbEntity
  8
10-MUEBLES
100
AcDbLine
 10
140.9170863192524
 20
-30.22540447386928
 30
1.238414443602543E-12
 11
140.9120863192523
 21
-30.21597589192971
 31
1.216775338566024E-12
  0
LINE
  5
1C1
330
15E
100
AcDbEntity
  8
10-MUEBLES
100
AcDbLine
 10
141.0480118920505
 20
-30.22097589192948
 30
2.916202697706149E-12
 11
141.0480118920505
 21
-30.22287243805523
 31
2.907817365481851E-12
  0
LINE
  5
1C2
330
15E
100
AcDbEntity
  8
10-MUEBLES
100
AcDbLine
 10
141.0530118920504
 20
-30.20717726255635
 30
3.040537899043742E-12
 11
141.0530118920506
 21
-30.21597589192937
 31
3.00163590270538E-12
  0
LINE
  5
1C3
330
15E
100
AcDbEntity
  8
10-MUEBLES
100
AcDbLine
 10
141.0530118920506
 20
-30.21597589192937
 30
3.00163590270538E-12
 11
141.0480118920505
 21
-30.22097589192948
 31
2.916202697706149E-12
  0
LINE
  5
1C4
330
15E
100
AcDbEntity
  8
10-MUEBLES
100
AcDbLine
 10
141.0610118920504
 20
-30.20217726255635
 30
3.163966916906531E-12
 11
141.0610118920504
 21
-30.20417726255631
 31
3.155124176818964E-12
  0
ARC
  5
1C5
330
15E
100
AcDbEntity
  8
10-MUEBLES
100
AcDbCircle
 10
141.0580118920505
 20
-30.20417726255631
 30
1.278558752123325E-08
 40
0.003
100
AcDbArc
 50
270.0000000001042
 51
1.042204158021965E-10
  0
LINE
  5
1C6
330
15E
100
AcDbEntity
  8
10-MUEBLES
100
AcDbLine
 10
141.0333618569564
 20
-30.22476559495568
 30
2.71390035429358E-12
 11
141.0213618569565
 21
-30.22476559495579
 31
2.561917102819499E-12
  0
LINE
  5
1C7
330
15E
100
AcDbEntity
  8
10-MUEBLES
100
AcDbLine
 10
140.9583863894405
 20
-30.22540447386928
 30
1.761491023048566E-12
 11
140.9583863894405
 21
-30.22730101999503
 31
1.753105690817651E-12
  0
LINE
  5
1C8
330
15E
100
AcDbEntity
  8
10-MUEBLES
100
AcDbLine
 10
140.9633863894404
 20
-30.2159758919296
 30
1.866504627566061E-12
 11
140.9583863894405
 21
-30.22540447386928
 31
1.761491023048566E-12
  0
ARC
  5
1C9
330
15E
100
AcDbEntity
  8
10-MUEBLES
100
AcDbCircle
 10
140.9683863894405
 20
-30.20417726255642
 30
1.278558752123325E-08
 40
0.003
100
AcDbArc
 50
270.0000000001042
 51
1.042204158021965E-10
  0
LINE
  5
1CA
330
15E
100
AcDbEntity
  8
10-MUEBLES
100
AcDbLine
 10
140.9713863894404
 20
-30.20217726255647
 30
2.028835641767212E-12
 11
140.9713863894404
 21
-30.20417726255642
 31
2.019992901679646E-12
  0
LINE
  5
1CB
330
15E
100
AcDbEntity
  8
10-MUEBLES
100
AcDbLine
 10
140.9633863894404
 20
-30.20717726255646
 30
1.905406623897806E-12
 11
140.9633863894404
 21
-30.2159758919296
 31
1.866504627566061E-12
  0
LINE
  5
1CC
330
15E
100
AcDbEntity
  8
10-MUEBLES
100
AcDbLine
 10
141.0213618569565
 20
-30.22476559495579
 30
2.561917102819499E-12
 11
141.0213618569565
 21
-30.22287243805534
 31
2.570287450025108E-12
  0
LINE
  5
1CD
330
15E
100
AcDbEntity
  8
10-MUEBLES
100
AcDbLine
 10
141.0067118218624
 20
-30.22097589192948
 30
2.393126118266743E-12
 11
141.0067118218624
 21
-30.22287243805534
 31
2.384740786042446E-12
  0
LINE
  5
1CE
330
15E
100
AcDbEntity
  8
10-MUEBLES
100
AcDbLine
 10
141.0017118218623
 20
-30.21597589192948
 30
2.351906613705343E-12
 11
141.0017118218623
 21
-30.20717726255646
 31
2.390808610037088E-12
  0
LINE
  5
1CF
330
15E
100
AcDbEntity
  8
10-MUEBLES
100
AcDbLine
 10
141.0067118218624
 20
-30.22097589192948
 30
2.393126118266743E-12
 11
141.0017118218623
 21
-30.21597589192948
 31
2.351906613705343E-12
  0
LINE
  5
1D0
330
15E
100
AcDbEntity
  8
10-MUEBLES
100
AcDbLine
 10
140.9937118218625
 20
-30.20417726255642
 30
2.302750552517947E-12
 11
140.9937118218625
 21
-30.20217726255647
 31
2.311593292605513E-12
  0
ARC
  5
1D1
330
15E
100
AcDbEntity
  8
10-MUEBLES
100
AcDbCircle
 10
140.9967118218624
 20
-30.20417726255642
 30
1.278558752123325E-08
 40
0.003
100
AcDbArc
 50
180.0000000001042
 51
270.0000000001042
  0
LINE
  5
1D2
330
15E
100
AcDbEntity
  8
10-MUEBLES
100
AcDbLine
 10
141.0333618569564
 20
-30.22476559495568
 30
2.71390035429358E-12
 11
141.0333618569564
 21
-30.22287243805523
 31
2.722270701499189E-12
  0
CIRCLE
  5
1D3
330
15E
100
AcDbEntity
  8
10-MUEBLES
100
AcDbCircle
 10
140.9788020361826
 20
-30.10852303336492
 30
1.278558752123325E-08
 40
0.009000000000000001
  0
LINE
  5
1D4
330
15E
100
AcDbEntity
  8
10-MUEBLES
100
AcDbLine
 10
141.0480118920505
 20
-30.22287243805523
 30
2.907817365481851E-12
 11
141.0067118218624
 21
-30.22287243805534
 31
2.384740786042446E-12
  0
LINE
  5
1D5
330
15E
100
AcDbEntity
  8
10-MUEBLES
100
AcDbLine
 10
141.0480118920505
 20
-30.22097589192948
 30
2.916202697706149E-12
 11
141.0067118218624
 21
-30.22097589192948
 31
2.393126118266743E-12
  0
LINE
  5
1D6
330
15E
100
AcDbEntity
  8
10-MUEBLES
100
AcDbLine
 10
141.0580118920505
 20
-30.20717726255635
 30
3.103864253820749E-12
 11
140.9967118218624
 21
-30.20717726255646
 31
2.327482255260081E-12
  0
ARC
  5
1D7
330
15E
100
AcDbEntity
  8
10-MUEBLES
100
AcDbCircle
 10
141.1886994525394
 20
-30.06971443881356
 30
1.278558752123325E-08
 40
0.005000000000000782
100
AcDbArc
 50
270.0000000001042
 51
90.00000000010422
  0
ARC
  5
1D8
330
15E
100
AcDbEntity
  8
10-MUEBLES
100
AcDbCircle
 10
141.2186994525394
 20
-30.06471443881345
 30
1.278558752123325E-08
 40
0.09000000000000001
100
AcDbArc
 50
231.3793702085449
 51
270.0000000001042
  0
ARC
  5
1D9
330
15E
100
AcDbEntity
  8
10-MUEBLES
100
AcDbCircle
 10
141.2186994525394
 20
-30.06471443881345
 30
1.278558752123325E-08
 40
0.1
100
AcDbArc
 50
230.7391704773721
 51
270.0000000001042
  0
LINE
  5
1DA
330
15E
100
AcDbEntity
  8
10-MUEBLES
100
AcDbLine
 10
141.1922881606188
 20
-30.21597589192914
 30
4.765607581887303E-12
 11
141.1872881606187
 21
-30.22097589192914
 31
4.680174376888072E-12
  0
LINE
  5
1DB
330
15E
100
AcDbEntity
  8
10-MUEBLES
100
AcDbLine
 10
141.1972881606187
 20
-30.20717726255601
 30
4.867835933002672E-12
 11
141.1359880904307
 21
-30.20717726255612
 31
4.091453934435386E-12
  0
ARC
  5
1DC
330
15E
100
AcDbEntity
  8
10-MUEBLES
100
AcDbCircle
 10
141.2186994525394
 20
-30.06471443881345
 30
1.278558752123325E-08
 40
0.04
100
AcDbArc
 50
194.4775121860302
 51
270.0000000001042
  0
ARC
  5
1DD
330
15E
100
AcDbEntity
  8
10-MUEBLES
100
AcDbCircle
 10
141.1186994525395
 20
-30.06971443881367
 30
1.278558752123325E-08
 40
0.005000000000000782
100
AcDbArc
 50
90.00000000010422
 51
275.7248104523429
  0
LINE
  5
1DE
330
15E
100
AcDbEntity
  8
10-MUEBLES
100
AcDbLine
 10
141.1292567334395
 20
-30.07471443881366
 30
4.591866635013528E-12
 11
141.1886994525394
 21
-30.07471443881355
 31
5.344724778784607E-12
  0
LINE
  5
1DF
330
15E
100
AcDbEntity
  8
10-MUEBLES
100
AcDbLine
 10
141.1286994525395
 20
-30.06471443881367
 30
4.629022221852031E-12
 11
141.1886994525394
 21
-30.06471443881356
 31
5.38893847921582E-12
  0
LINE
  5
1E0
330
15E
100
AcDbEntity
  8
10-MUEBLES
100
AcDbLine
 10
141.1625249671479
 20
-30.13503105982875
 30
4.746535727881116E-12
 11
141.1833441134802
 21
-30.11421191349655
 31
5.102265007178904E-12
  0
LINE
  5
1E1
330
15E
100
AcDbEntity
  8
10-MUEBLES
100
AcDbLine
 10
141.1550598422328
 20
-30.1283540491204
 30
4.681509433234635E-12
 11
141.1762730456683
 21
-30.10714084568475
 31
5.043971824791201E-12
  0
ARC
  5
1E2
330
15E
100
AcDbEntity
  8
10-MUEBLES
100
AcDbCircle
 10
141.1798085795743
 20
-30.11067637959071
 30
1.278558752123325E-08
 40
0.004999999999999005
100
AcDbArc
 50
315.0000000001016
 51
135.0000000001016
  0
LINE
  5
1E3
330
15E
100
AcDbEntity
  8
10-MUEBLES
100
AcDbLine
 10
141.1550598422328
 20
-30.14249618474413
 30
4.618981818436817E-12
 11
141.1554142839539
 21
-30.14214174302277
 31
4.625038036882324E-12
  0
LINE
  5
1E4
330
15E
100
AcDbEntity
  8
10-MUEBLES
100
AcDbLine
 10
141.1726381255247
 20
-30.22476559495545
 30
4.477872033468886E-12
 11
141.1606381255247
 21
-30.22476559495545
 31
4.325888781994804E-12
  0
LINE
  5
1E5
330
15E
100
AcDbEntity
  8
10-MUEBLES
100
AcDbLine
 10
141.1872881606187
 20
-30.22097589192914
 30
4.680174376888072E-12
 11
141.1872881606187
 21
-30.222872438055
 31
4.671789044663774E-12
  0
LINE
  5
1E6
330
15E
100
AcDbEntity
  8
10-MUEBLES
100
AcDbLine
 10
141.1726381255247
 20
-30.22476559495545
 30
4.477872033468886E-12
 11
141.1726381255247
 21
-30.222872438055
 31
4.486242380681112E-12
  0
LINE
  5
1E7
330
15E
100
AcDbEntity
  8
10-MUEBLES
100
AcDbLine
 10
141.1606381255247
 20
-30.22476559495545
 30
4.325888781994804E-12
 11
141.1606381255247
 21
-30.222872438055
 31
4.334259129207031E-12
  0
ARC
  5
1E8
330
15E
100
AcDbEntity
  8
10-MUEBLES
100
AcDbCircle
 10
141.1359880904307
 20
-30.20417726255619
 30
1.278558752123325E-08
 40
0.003
100
AcDbArc
 50
180.0000000001042
 51
270.0000000001042
  0
LINE
  5
1E9
330
15E
100
AcDbEntity
  8
10-MUEBLES
100
AcDbLine
 10
141.1329880904307
 20
-30.20417726255619
 30
4.06672223169987E-12
 11
141.1329880904307
 21
-30.20217726255613
 31
4.075564971787436E-12
  0
LINE
  5
1EA
330
15E
100
AcDbEntity
  8
10-MUEBLES
100
AcDbLine
 10
141.1459880904306
 20
-30.22097589192925
 30
4.157097797448666E-12
 11
141.1409880904305
 21
-30.21597589192925
 31
4.115878292887266E-12
  0
LINE
  5
1EB
330
15E
100
AcDbEntity
  8
10-MUEBLES
100
AcDbLine
 10
141.1409880904305
 20
-30.21597589192925
 30
4.115878292887266E-12
 11
141.1409880904305
 21
-30.20717726255612
 31
4.154780289219011E-12
  0
LINE
  5
1EC
330
15E
100
AcDbEntity
  8
10-MUEBLES
100
AcDbLine
 10
141.1459880904306
 20
-30.22097589192925
 30
4.157097797448666E-12
 11
141.1459880904306
 21
-30.22287243805511
 31
4.148712465224369E-12
  0
ARC
  5
1ED
330
15E
100
AcDbEntity
  8
10-MUEBLES
100
AcDbCircle
 10
141.1515243083268
 20
-30.13896065083816
 30
1.278558752123325E-08
 40
0.004999999999999005
100
AcDbArc
 50
135.0000000001016
 51
315.0000000001016
  0
LINE
  5
1EE
330
15E
100
AcDbEntity
  8
10-MUEBLES
100
AcDbLine
 10
141.1872881606187
 20
-30.22097589192914
 30
4.680174376888072E-12
 11
141.1459880904306
 21
-30.22097589192925
 31
4.157097797448666E-12
  0
LINE
  5
1EF
330
15E
100
AcDbEntity
  8
10-MUEBLES
100
AcDbLine
 10
141.1872881606187
 20
-30.222872438055
 30
4.671789044663774E-12
 11
141.1459880904306
 21
-30.22287243805511
 31
4.148712465224369E-12
  0
ARC
  5
1F0
330
15E
100
AcDbEntity
  8
10-MUEBLES
100
AcDbCircle
 10
141.2186994525394
 20
-30.06471443881345
 30
1.278558752123325E-08
 40
0.09000000000000001
100
AcDbArc
 50
186.3793702085462
 51
225.000000000101
  0
ARC
  5
1F1
330
15E
100
AcDbEntity
  8
10-MUEBLES
100
AcDbCircle
 10
141.2186994525394
 20
-30.06471443881345
 30
1.278558752123325E-08
 40
0.1
100
AcDbArc
 50
185.7248104523303
 51
225.000000000101
  0
LINE
  5
1F2
330
15E
100
AcDbEntity
  8
10-MUEBLES
100
AcDbLine
 10
141.2486994525394
 20
-30.06471443881345
 30
6.148854736586227E-12
 11
141.3086994525393
 21
-30.06471443881333
 31
6.908770993956633E-12
  0
ARC
  5
1F3
330
15E
100
AcDbEntity
  8
10-MUEBLES
100
AcDbCircle
 10
141.2929456645641
 20
-30.13188958302602
 30
1.278558752123325E-08
 40
0.005000000000000782
100
AcDbArc
 50
225.000000000101
 51
45.00000000010104
  0
LINE
  5
1F4
330
15E
100
AcDbEntity
  8
10-MUEBLES
100
AcDbLine
 10
141.2961267567487
 20
-30.12799960739881
 30
6.469727246540274E-12
 11
141.2964811984701
 21
-30.12835404912006
 31
6.472649228966893E-12
  0
LINE
  5
1F5
330
15E
100
AcDbEntity
  8
10-MUEBLES
100
AcDbLine
 10
141.2757783934583
 20
-30.22097589192902
 30
5.800927152776261E-12
 11
141.2757783934583
 21
-30.22287243805489
 31
5.792541820551964E-12
  0
ARC
  5
1F6
330
15E
100
AcDbEntity
  8
10-MUEBLES
100
AcDbCircle
 10
141.2857783934583
 20
-30.20417726255585
 30
1.278558752123325E-08
 40
0.003
100
AcDbArc
 50
270.0000000001042
 51
1.042204158021965E-10
  0
LINE
  5
1F7
330
15E
100
AcDbEntity
  8
10-MUEBLES
100
AcDbLine
 10
141.2887783934582
 20
-30.2021772625559
 30
6.048691371976643E-12
 11
141.2887783934582
 21
-30.20417726255585
 31
6.039848631889077E-12
  0
LINE
  5
1F8
330
15E
100
AcDbEntity
  8
10-MUEBLES
100
AcDbLine
 10
141.2807783934582
 20
-30.20717726255589
 30
5.925262354107237E-12
 11
141.2807783934582
 21
-30.21597589192903
 31
5.886360357775492E-12
  0
LINE
  5
1F9
330
15E
100
AcDbEntity
  8
10-MUEBLES
100
AcDbLine
 10
141.2807783934582
 20
-30.21597589192903
 30
5.886360357775492E-12
 11
141.2757783934583
 21
-30.22097589192902
 31
5.800927152776261E-12
  0
LINE
  5
1FA
330
15E
100
AcDbEntity
  8
10-MUEBLES
100
AcDbLine
 10
141.2186994525396
 20
-30.15471443881348
 30
5.370973303990327E-12
 11
141.2186994525394
 21
-30.09471443881342
 31
5.636255506597458E-12
  0
LINE
  5
1FB
330
15E
100
AcDbEntity
  8
10-MUEBLES
100
AcDbLine
 10
141.2286994525396
 20
-30.15415715791347
 30
5.500089958629863E-12
 11
141.2286994525394
 21
-30.09471443881342
 31
5.762908216164707E-12
  0
ARC
  5
1FC
330
15E
100
AcDbEntity
  8
10-MUEBLES
100
AcDbCircle
 10
141.2646613933167
 20
-30.10360531177867
 30
1.278558752123325E-08
 40
0.005000000000000782
100
AcDbArc
 50
45.00000000010104
 51
225.000000000101
  0
ARC
  5
1FD
330
15E
100
AcDbEntity
  8
10-MUEBLES
100
AcDbCircle
 10
141.2236994525395
 20
-30.16471443881347
 30
1.278558752123325E-08
 40
0.004999999999999005
100
AcDbArc
 50
180.0000000001042
 51
5.724810452342854
  0
ARC
  5
1FE
330
15E
100
AcDbEntity
  8
10-MUEBLES
100
AcDbCircle
 10
141.1972881606187
 20
-30.20417726255608
 30
1.278558752123325E-08
 40
0.003
100
AcDbArc
 50
270.0000000001042
 51
1.042204158021965E-10
  0
LINE
  5
1FF
330
15E
100
AcDbEntity
  8
10-MUEBLES
100
AcDbLine
 10
141.2002881606186
 20
-30.20217726255601
 30
4.927938596088454E-12
 11
141.2002881606186
 21
-30.20417726255608
 31
4.919095856000888E-12
  0
LINE
  5
200
330
15E
100
AcDbEntity
  8
10-MUEBLES
100
AcDbLine
 10
141.1922881606186
 20
-30.20717726255601
 30
4.804509578219048E-12
 11
141.1922881606188
 21
-30.21597589192914
 31
4.765607581887303E-12
  0
LINE
  5
201
330
15E
100
AcDbEntity
  8
10-MUEBLES
100
AcDbLine
 10
141.2611283583643
 20
-30.22476559495534
 30
5.598624809357075E-12
 11
141.2491283583643
 21
-30.22476559495534
 31
5.446641557882994E-12
  0
LINE
  5
202
330
15E
100
AcDbEntity
  8
10-MUEBLES
100
AcDbLine
 10
141.2611283583643
 20
-30.22476559495534
 30
5.598624809357075E-12
 11
141.2611283583643
 21
-30.22287243805489
 31
5.606995156562684E-12
  0
ARC
  5
203
330
15E
100
AcDbEntity
  8
10-MUEBLES
100
AcDbCircle
 10
141.2244783232703
 20
-30.20417726255597
 30
1.278558752123325E-08
 40
0.003
100
AcDbArc
 50
180.0000000001042
 51
270.0000000001042
  0
LINE
  5
204
330
15E
100
AcDbEntity
  8
10-MUEBLES
100
AcDbLine
 10
141.2214783232701
 20
-30.20417726255597
 30
5.187475007588059E-12
 11
141.2214783232701
 21
-30.20217726255601
 31
5.196317747675625E-12
  0
LINE
  5
205
330
15E
100
AcDbEntity
  8
10-MUEBLES
100
AcDbLine
 10
141.2344783232703
 20
-30.22097589192914
 30
5.277850573336856E-12
 11
141.2294783232701
 21
-30.21597589192914
 31
5.236631068768838E-12
  0
LINE
  5
206
330
15E
100
AcDbEntity
  8
10-MUEBLES
100
AcDbLine
 10
141.2294783232701
 20
-30.21597589192914
 30
5.236631068768838E-12
 11
141.2294783232701
 21
-30.20717726255601
 31
5.2755330651072E-12
  0
LINE
  5
207
330
15E
100
AcDbEntity
  8
10-MUEBLES
100
AcDbLine
 10
141.2344783232703
 20
-30.22097589192914
 30
5.277850573336856E-12
 11
141.2344783232703
 21
-30.22287243805489
 31
5.269465241105941E-12
  0
LINE
  5
208
330
15E
100
AcDbEntity
  8
10-MUEBLES
100
AcDbLine
 10
141.2491283583643
 20
-30.22476559495534
 30
5.446641557882994E-12
 11
141.2491283583643
 21
-30.22287243805489
 31
5.455011905088603E-12
  0
LINE
  5
209
330
15E
100
AcDbEntity
  8
10-MUEBLES
100
AcDbLine
 10
141.2681969272224
 20
-30.10006977787271
 30
6.239476499416078E-12
 11
141.2890160735547
 21
-30.1208889242048
 31
6.411107478867026E-12
  0
LINE
  5
20A
330
15E
100
AcDbEntity
  8
10-MUEBLES
100
AcDbLine
 10
141.2611258594107
 20
-30.10714084568463
 30
6.118655702230556E-12
 11
141.2823390628462
 21
-30.12835404912017
 31
6.293535249393667E-12
  0
ARC
  5
20B
330
15E
100
AcDbEntity
  8
10-MUEBLES
100
AcDbCircle
 10
141.2186994525394
 20
-30.06471443881345
 30
1.278558752123325E-08
 40
0.09000000000000001
100
AcDbArc
 50
276.3793702085462
 51
315.0000000001016
  0
ARC
  5
20C
330
15E
100
AcDbEntity
  8
10-MUEBLES
100
AcDbCircle
 10
141.2186994525394
 20
-30.06471443881345
 30
1.278558752123325E-08
 40
0.1
100
AcDbArc
 50
275.7248104523297
 51
315.0000000001016
  0
LINE
  5
20D
330
15E
100
AcDbEntity
  8
10-MUEBLES
100
AcDbLine
 10
141.2757783934583
 20
-30.22097589192902
 30
5.800927152776261E-12
 11
141.2344783232703
 21
-30.22097589192914
 31
5.277850573336856E-12
  0
LINE
  5
20E
330
15E
100
AcDbEntity
  8
10-MUEBLES
100
AcDbLine
 10
141.2757783934583
 20
-30.22287243805489
 30
5.792541820551964E-12
 11
141.2344783232703
 21
-30.22287243805489
 31
5.269465241105941E-12
  0
LINE
  5
20F
330
15E
100
AcDbEntity
  8
10-MUEBLES
100
AcDbLine
 10
141.2857783934583
 20
-30.20717726255589
 30
5.988588708890862E-12
 11
141.2244783232703
 21
-30.20717726255601
 31
5.212206710323576E-12
  0
ARC
  5
210
330
15E
100
AcDbEntity
  8
10-MUEBLES
100
AcDbCircle
 10
141.2236994525395
 20
-30.09471443881342
 30
1.278558752123325E-08
 40
0.004999999999999005
100
AcDbArc
 50
1.042204158021965E-10
 51
180.0000000001042
  0
ARC
  5
211
330
15E
100
AcDbEntity
  8
10-MUEBLES
100
AcDbCircle
 10
141.2186994525394
 20
-30.06471443881345
 30
1.278558752123325E-08
 40
0.04
100
AcDbArc
 50
284.4775121860375
 51
1.042204158021965E-10
  0
LWPOLYLINE
  5
212
330
15E
100
AcDbEntity
  8
10-MUEBLES
100
AcDbPolyline
 90
        4
 70
     1
 43
0.0
 38
1.278558752123325E-08
 10
141.3074346878737
 20
-29.63048659058223
 10
141.3074346878737
 20
-29.65557075309108
 10
141.3169076926939
 20
-29.65557075309108
 10
141.3169076926939
 20
-29.63048659058223
  0
ARC
  5
213
330
15E
100
AcDbEntity
  8
10-MUEBLES
100
AcDbCircle
 10
141.2186994525394
 20
-30.06471443881345
 30
1.278558752123325E-08
 40
0.09000000000000001
100
AcDbArc
 50
6.379370208546197
 51
45.00000000010104
  0
ARC
  5
214
330
15E
100
AcDbEntity
  8
10-MUEBLES
100
AcDbCircle
 10
141.2186994525394
 20
-30.06471443881345
 30
1.278558752123325E-08
 40
0.1
100
AcDbArc
 50
5.724810452330297
 51
45.00000000010104
  0
LINE
  5
215
330
15E
100
AcDbEntity
  8
10-MUEBLES
100
AcDbLine
 10
140.6038020361819
 20
-29.67808091557311
 30
-3.094959030459552E-13
 11
141.3538020361819
 21
-29.67808091557175
 31
9.189457314080816E-12
  0
LINE
  5
216
330
15E
100
AcDbEntity
  8
10-MUEBLES
100
AcDbLine
 10
140.6038020361819
 20
-29.66808091557312
 30
-2.652822026081246E-13
 11
141.3538020361819
 21
-29.66808091557176
 31
9.233671014518646E-12
  0
LINE
  5
217
330
15E
100
AcDbEntity
  8
10-MUEBLES
100
AcDbLine
 10
140.6038020361817
 20
-29.60808091557306
 30
0.0
 11
141.3538020361817
 21
-29.6080809155717
 31
9.498953217125777E-12
  0
ARC
  5
218
330
15E
100
AcDbEntity
  8
10-MUEBLES
100
AcDbCircle
 10
140.7416784223452
 20
-29.83425164952917
 30
1.278558752123325E-08
 40
0.1
100
AcDbArc
 50
315.0000000001016
 51
354.2751895478798
  0
ARC
  5
219
330
15E
100
AcDbEntity
  8
10-MUEBLES
100
AcDbCircle
 10
140.8416784223451
 20
-29.83925164952905
 30
1.278558752123325E-08
 40
0.005000000000000782
100
AcDbArc
 50
264.2751895478928
 51
90.00000000010422
  0
ARC
  5
21A
330
15E
100
AcDbEntity
  8
10-MUEBLES
100
AcDbCircle
 10
140.7416784223452
 20
-29.83425164952917
 30
1.278558752123325E-08
 40
0.1
100
AcDbArc
 50
1.042204158021965E-10
 51
39.26082952284316
  0
ARC
  5
21B
330
15E
100
AcDbEntity
  8
10-MUEBLES
100
AcDbCircle
 10
140.7416784223452
 20
-29.83425164952917
 30
1.278558752123325E-08
 40
0.09000000000000001
100
AcDbArc
 50
315.0000000001016
 51
353.6206297916635
  0
ARC
  5
21C
330
15E
100
AcDbEntity
  8
10-MUEBLES
100
AcDbCircle
 10
140.7416784223452
 20
-29.83425164952917
 30
1.278558752123325E-08
 40
0.04
100
AcDbArc
 50
270.0000000001042
 51
345.5224878141784
  0
LINE
  5
21D
330
15E
100
AcDbEntity
  8
10-MUEBLES
100
AcDbLine
 10
140.7416784223452
 20
-29.86425164952914
 30
6.13616180085614E-13
 11
140.7416784223454
 21
-29.9242516495292
 31
3.48333977478483E-13
  0
LINE
  5
21E
330
15E
100
AcDbEntity
  8
10-MUEBLES
100
AcDbLine
 10
140.7316784223452
 20
-29.86425164952926
 30
4.869634705249825E-13
 11
140.7316784223452
 21
-29.92369436862919
 31
2.241452129901385E-13
  0
ARC
  5
21F
330
15E
100
AcDbEntity
  8
10-MUEBLES
100
AcDbCircle
 10
140.7805692953105
 20
-29.88021359030621
 30
1.278558752123325E-08
 40
0.005000000000000782
100
AcDbArc
 50
45.00000000010104
 51
225.000000000101
  0
LINE
  5
220
330
15E
100
AcDbEntity
  8
10-MUEBLES
100
AcDbLine
 10
140.7841048292165
 20
-29.87667805640036
 30
1.096016375718712E-12
 11
140.805318032652
 21
-29.89789125983589
 31
1.270895922881823E-12
  0
ARC
  5
221
330
15E
100
AcDbEntity
  8
10-MUEBLES
100
AcDbCircle
 10
140.7416784223452
 20
-29.83425164952917
 30
1.278558752123325E-08
 40
0.09000000000000001
100
AcDbArc
 50
180.0000000001042
 51
218.6206297916648
  0
ARC
  5
222
330
15E
100
AcDbEntity
  8
10-MUEBLES
100
AcDbCircle
 10
140.7416784223452
 20
-29.83425164952917
 30
1.278558752123325E-08
 40
0.1
100
AcDbArc
 50
180.0000000001042
 51
219.2608295228432
  0
LINE
  5
223
330
15E
100
AcDbEntity
  8
10-MUEBLES
100
AcDbLine
 10
140.6780388120386
 20
-29.89789125983612
 30
-3.411298932838267E-13
 11
140.6992520154741
 21
-29.87667805640047
 31
2.133249827273914E-14
  0
LINE
  5
224
330
15E
100
AcDbEntity
  8
10-MUEBLES
100
AcDbLine
 10
140.6713618013301
 20
-29.89042613492087
 30
-3.926899634061356E-13
 11
140.6921809476622
 21
-29.86960698858866
 31
-3.696068411496476E-14
  0
ARC
  5
225
330
15E
100
AcDbEntity
  8
10-MUEBLES
100
AcDbCircle
 10
140.7416784223456
 20
-30.07770346921973
 30
1.278558752123325E-08
 40
0.08500000000000001
100
AcDbArc
 50
90.00000000010422
 51
129.2608295228342
  0
ARC
  5
226
330
15E
100
AcDbEntity
  8
10-MUEBLES
100
AcDbCircle
 10
140.7416784223456
 20
-30.07770346921973
 30
1.278558752123325E-08
 40
0.07650000000000001
100
AcDbArc
 50
90.00000000010422
 51
128.6206297916593
  0
ARC
  5
227
330
15E
100
AcDbEntity
  8
10-MUEBLES
100
AcDbCircle
 10
140.7416784223452
 20
-29.83425164952917
 30
1.278558752123325E-08
 40
0.09000000000000001
100
AcDbArc
 50
225.000000000101
 51
263.6206297916635
  0
ARC
  5
228
330
15E
100
AcDbEntity
  8
10-MUEBLES
100
AcDbCircle
 10
140.7416784223452
 20
-29.83425164952917
 30
1.278558752123325E-08
 40
0.1
100
AcDbArc
 50
225.000000000101
 51
264.2751895478797
  0
LINE
  5
229
330
15E
100
AcDbEntity
  8
10-MUEBLES
100
AcDbLine
 10
140.6875847535846
 20
-30.01158898517884
 30
-7.229276739112052E-13
 11
140.6878860290479
 21
-30.01189026064197
 31
-7.204439888419616E-13
  0
ARC
  5
22A
330
15E
100
AcDbEntity
  8
10-MUEBLES
100
AcDbCircle
 10
140.7086211803251
 20
-30.03863581955921
 30
1.278558752123325E-08
 40
0.004249999999999155
100
AcDbArc
 50
225.000000000101
 51
45.00000000010104
  0
LINE
  5
22B
330
15E
100
AcDbEntity
  8
10-MUEBLES
100
AcDbLine
 10
140.6875847535846
 20
-30.02360980045899
 30
-7.760761464853801E-13
 11
140.705615976505
 21
-30.04164102337928
 31
-6.274285313973969E-13
  0
LINE
  5
22C
330
15E
100
AcDbEntity
  8
10-MUEBLES
100
AcDbLine
 10
140.6939301097628
 20
-30.01793434135687
 30
-6.706171863246642E-13
 11
140.7116263841449
 21
-30.03563061573914
 31
-5.247308537916885E-13
  0
ARC
  5
22D
330
15E
100
AcDbEntity
  8
10-MUEBLES
100
AcDbCircle
 10
140.6674322103207
 20
-29.90142679374208
 30
1.278558752123325E-08
 40
0.005000000000000782
100
AcDbArc
 50
135.0000000001016
 51
315.0000000001016
  0
LINE
  5
22E
330
15E
100
AcDbEntity
  8
10-MUEBLES
100
AcDbLine
 10
140.6638966764147
 20
-29.89789125983612
 30
-5.202438728570525E-13
 11
140.6642511181361
 21
-29.89753681811488
 31
-5.141876544049279E-13
  0
ARC
  5
22F
330
15E
100
AcDbEntity
  8
10-MUEBLES
100
AcDbCircle
 10
140.6845795497646
 20
-30.01459418899891
 30
1.278558752123325E-08
 40
0.004249999999999155
100
AcDbArc
 50
45.00000000010104
 51
225.000000000101
  0
LINE
  5
230
330
15E
100
AcDbEntity
  8
10-MUEBLES
100
AcDbLine
 10
140.8074916309234
 20
-30.02391107592189
 30
7.412448942057115E-13
 11
140.8077929063864
 21
-30.02360980045876
 31
7.463926798870395E-13
  0
ARC
  5
231
330
15E
100
AcDbEntity
  8
10-MUEBLES
100
AcDbCircle
 10
140.8047877025663
 20
-30.0206045966387
 30
1.278558752123325E-08
 40
0.004250000000000664
100
AcDbArc
 50
315.0000000001016
 51
135.0000000001016
  0
LINE
  5
232
330
15E
100
AcDbEntity
  8
10-MUEBLES
100
AcDbLine
 10
140.8049635909306
 20
-29.91167895373827
 30
1.205446325650769E-12
 11
140.805318032652
 21
-29.91203339545962
 31
1.208368308084005E-12
  0
ARC
  5
233
330
15E
100
AcDbEntity
  8
10-MUEBLES
100
AcDbCircle
 10
140.808853566558
 20
-29.90849786155366
 30
1.278558752123325E-08
 40
0.005000000000000782
100
AcDbArc
 50
225.000000000101
 51
45.00000000010104
  0
ARC
  5
234
330
15E
100
AcDbEntity
  8
10-MUEBLES
100
AcDbCircle
 10
140.7459284223453
 20
-29.9927034692197
 30
1.278558752123325E-08
 40
0.004249999999999155
100
AcDbArc
 50
354.2751895478661
 51
180.0000000001042
  0
ARC
  5
235
330
15E
100
AcDbEntity
  8
10-MUEBLES
100
AcDbCircle
 10
140.780746072006
 20
-30.04464622719912
 30
1.278558752123325E-08
 40
0.004250000000000664
100
AcDbArc
 50
135.0000000001016
 51
315.0000000001016
  0
ARC
  5
236
330
15E
100
AcDbEntity
  8
10-MUEBLES
100
AcDbCircle
 10
140.7459284223456
 20
-30.05220346921966
 30
1.278558752123325E-08
 40
0.004249999999999155
100
AcDbArc
 50
180.0000000001042
 51
1.042204158021965E-10
  0
LINE
  5
237
330
15E
100
AcDbEntity
  8
10-MUEBLES
100
AcDbLine
 10
140.7501784223455
 20
-30.00167715798467
 30
1.136619569218902E-13
 11
140.7501784223455
 21
-30.05220346921966
 31
-1.097335619843815E-13
  0
LINE
  5
238
330
15E
100
AcDbEntity
  8
10-MUEBLES
100
AcDbLine
 10
140.7416784223454
 20
-30.00120346921972
 30
8.101507106466559E-15
 11
140.7416784223456
 21
-30.05220346921966
 31
-2.173883651099257E-13
  0
ARC
  5
239
330
15E
100
AcDbEntity
  8
10-MUEBLES
100
AcDbCircle
 10
140.7416784223456
 20
-30.07770346921973
 30
1.278558752123325E-08
 40
0.07650000000000001
100
AcDbArc
 50
45.00000000010104
 51
83.62062979166353
  0
LINE
  5
23A
330
15E
100
AcDbEntity
  8
10-MUEBLES
100
AcDbLine
 10
140.777740868186
 20
-30.04164102337905
 30
2.860527644260549E-13
 11
140.7957720911061
 21
-30.02360980045876
 31
5.941457972497976E-13
  0
ARC
  5
23B
330
15E
100
AcDbEntity
  8
10-MUEBLES
100
AcDbCircle
 10
140.7366784223453
 20
-29.93425164952919
 30
1.278558752123325E-08
 40
0.005000000000000782
100
AcDbArc
 50
174.2751895478661
 51
1.042204158021965E-10
  0
LINE
  5
23C
330
15E
100
AcDbEntity
  8
10-MUEBLES
100
AcDbLine
 10
140.7770337614045
 20
-29.88374912421217
 30
9.751955785331897E-13
 11
140.7978529077369
 21
-29.90456827054437
 31
1.146826557977521E-12
  0
ARC
  5
23D
330
15E
100
AcDbEntity
  8
10-MUEBLES
100
AcDbCircle
 10
140.7416784223456
 20
-30.07770346921973
 30
1.278558752123325E-08
 40
0.08500000000000001
100
AcDbArc
 50
45.00000000010104
 51
84.27518954787971
  0
LINE
  5
23E
330
15E
100
AcDbEntity
  8
10-MUEBLES
100
AcDbLine
 10
140.7837512758261
 20
-30.04765143101918
 30
3.356019694575884E-13
 11
140.8014475502085
 21
-30.0299551566368
 31
6.379718568577306E-13
  0
ARC
  5
23F
330
15E
100
AcDbEntity
  8
10-MUEBLES
100
AcDbCircle
 10
140.7416784223452
 20
-29.83425164952917
 30
1.278558752123325E-08
 40
0.1
100
AcDbArc
 50
270.0000000001042
 51
309.2608295228383
  0
ARC
  5
240
330
15E
100
AcDbEntity
  8
10-MUEBLES
100
AcDbCircle
 10
140.7416784223452
 20
-29.83425164952917
 30
1.278558752123325E-08
 40
0.09000000000000001
100
AcDbArc
 50
270.0000000001042
 51
308.6206297916593
  0
ARC
  5
241
330
15E
100
AcDbEntity
  8
10-MUEBLES
100
AcDbCircle
 10
140.7416784223452
 20
-29.83425164952917
 30
1.278558752123325E-08
 40
0.09000000000000001
100
AcDbArc
 50
90.00000000010422
 51
128.6206297916593
  0
ARC
  5
242
330
15E
100
AcDbEntity
  8
10-MUEBLES
100
AcDbCircle
 10
140.7416784223452
 20
-29.83425164952917
 30
1.278558752123325E-08
 40
0.04
100
AcDbArc
 50
90.00000000010422
 51
165.5224878141784
  0
ARC
  5
243
330
15E
100
AcDbEntity
  8
10-MUEBLES
100
AcDbCircle
 10
140.7416784223452
 20
-29.83425164952917
 30
1.278558752123325E-08
 40
0.04
100
AcDbArc
 50
180.0000000001042
 51
255.5224878141777
  0
ARC
  5
244
330
15E
100
AcDbEntity
  8
10-MUEBLES
100
AcDbCircle
 10
140.7416784223452
 20
-29.83425164952917
 30
1.278558752123325E-08
 40
0.1
100
AcDbArc
 50
90.00000000010422
 51
129.2608295228342
  0
ARC
  5
245
330
15E
100
AcDbEntity
  8
10-MUEBLES
100
AcDbCircle
 10
140.6957164815681
 20
-29.87314252249451
 30
1.278558752123325E-08
 40
0.005000000000000782
100
AcDbArc
 50
315.0000000001016
 51
135.0000000001016
  0
ARC
  5
246
330
15E
100
AcDbEntity
  8
10-MUEBLES
100
AcDbCircle
 10
140.7027875493798
 20
-29.78828970875214
 30
1.278558752123325E-08
 40
0.004999999999999005
100
AcDbArc
 50
225.000000000101
 51
45.00000000010104
  0
ARC
  5
247
330
15E
100
AcDbEntity
  8
10-MUEBLES
100
AcDbCircle
 10
140.7116784223452
 20
-29.82925164952929
 30
1.278558752123325E-08
 40
0.005000000000000782
100
AcDbArc
 50
270.0000000001042
 51
90.00000000010422
  0
LINE
  5
248
330
15E
100
AcDbEntity
  8
10-MUEBLES
100
AcDbLine
 10
140.6855039369535
 20
-29.76393502851409
 30
3.456880047942205E-13
 11
140.7063230832858
 21
-29.78475417484618
 31
5.173189842451694E-13
  0
LINE
  5
249
330
15E
100
AcDbEntity
  8
10-MUEBLES
100
AcDbLine
 10
140.6780388120381
 20
-29.75646990359883
 30
2.841462546943538E-13
 11
140.6783932537595
 21
-29.75682434532008
 31
2.870682371209729E-13
  0
ARC
  5
24A
330
15E
100
AcDbEntity
  8
10-MUEBLES
100
AcDbCircle
 10
140.6745032781324
 20
-29.76000543750468
 30
1.278558752123325E-08
 40
0.004999999999999005
100
AcDbArc
 50
45.00000000010104
 51
225.000000000101
  0
ARC
  5
24B
330
15E
100
AcDbEntity
  8
10-MUEBLES
100
AcDbCircle
 10
140.641678422345
 20
-29.8292516495294
 30
1.278558752123325E-08
 40
0.005000000000000782
100
AcDbArc
 50
84.27518954786662
 51
270.0000000001042
  0
ARC
  5
24C
330
15E
100
AcDbEntity
  8
10-MUEBLES
100
AcDbCircle
 10
140.7416784223452
 20
-29.83425164952917
 30
1.278558752123325E-08
 40
0.1
100
AcDbArc
 50
135.0000000001016
 51
174.2751895478798
  0
ARC
  5
24D
330
15E
100
AcDbEntity
  8
10-MUEBLES
100
AcDbCircle
 10
140.7416784223452
 20
-29.83425164952917
 30
1.278558752123325E-08
 40
0.09000000000000001
100
AcDbArc
 50
135.0000000001016
 51
173.6206297916635
  0
LINE
  5
24E
330
15E
100
AcDbEntity
  8
10-MUEBLES
100
AcDbLine
 10
140.6780388120383
 20
-29.77061203922256
 30
2.216186398965357E-13
 11
140.6992520154739
 21
-29.7918252426581
 31
3.964981870596474E-13
  0
LINE
  5
24F
330
15E
100
AcDbEntity
  8
10-MUEBLES
100
AcDbLine
 10
140.651678422345
 20
-29.8342516495294
 30
-3.9361710466643E-13
 11
140.7116784223452
 21
-29.83425164952929
 31
3.662991527039764E-13
  0
LINE
  5
250
330
15E
100
AcDbEntity
  8
10-MUEBLES
100
AcDbLine
 10
140.652235703245
 20
-29.82425164952941
 30
-3.423452906358895E-13
 11
140.7116784223452
 21
-29.82425164952929
 31
4.105128531351895E-13
  0
LINE
  5
251
330
15E
100
AcDbEntity
  8
10-MUEBLES
100
AcDbLine
 10
140.8191057265543
 20
-29.77096648094358
 30
2.006702217183287E-12
 11
140.8194601682756
 21
-29.77061203922222
 31
2.012758435628794E-12
  0
ARC
  5
252
330
15E
100
AcDbEntity
  8
10-MUEBLES
100
AcDbCircle
 10
140.8159246343697
 20
-29.76707650531637
 30
1.278558752123325E-08
 40
0.005000000000000782
100
AcDbArc
 50
315.0000000001016
 51
135.0000000001016
  0
ARC
  5
253
330
15E
100
AcDbEntity
  8
10-MUEBLES
100
AcDbCircle
 10
140.746678422345
 20
-29.73425164952915
 30
1.278558752123325E-08
 40
0.004999999999999005
100
AcDbArc
 50
354.2751895478661
 51
180.0000000001042
  0
ARC
  5
254
330
15E
100
AcDbEntity
  8
10-MUEBLES
100
AcDbCircle
 10
140.7416784223452
 20
-29.83425164952917
 30
1.278558752123325E-08
 40
0.1
100
AcDbArc
 50
45.00000000010104
 51
84.27518954787971
  0
ARC
  5
255
330
15E
100
AcDbEntity
  8
10-MUEBLES
100
AcDbCircle
 10
140.7416784223452
 20
-29.83425164952917
 30
1.278558752123325E-08
 40
0.09000000000000001
100
AcDbArc
 50
45.00000000010104
 51
83.62062979166353
  0
ARC
  5
256
330
15E
100
AcDbEntity
  8
10-MUEBLES
100
AcDbCircle
 10
140.7876403631222
 20
-29.79536077656383
 30
1.278558752123325E-08
 40
0.005000000000000782
100
AcDbArc
 50
135.0000000001016
 51
315.0000000001016
  0
ARC
  5
257
330
15E
100
AcDbEntity
  8
10-MUEBLES
100
AcDbCircle
 10
140.7416784223452
 20
-29.83425164952917
 30
1.278558752123325E-08
 40
0.04
100
AcDbArc
 50
1.042204158021965E-10
 51
75.52248781417768
  0
ARC
  5
258
330
15E
100
AcDbEntity
  8
10-MUEBLES
100
AcDbCircle
 10
140.7716784223451
 20
-29.83925164952917
 30
1.278558752123325E-08
 40
0.005000000000000782
100
AcDbArc
 50
90.00000000010422
 51
270.0000000001042
  0
ARC
  5
259
330
15E
100
AcDbEntity
  8
10-MUEBLES
100
AcDbCircle
 10
140.746678422345
 20
-29.8042516495292
 30
1.278558752123325E-08
 40
0.004999999999999005
100
AcDbArc
 50
180.0000000001042
 51
1.042204158021965E-10
  0
ARC
  5
25A
330
15E
100
AcDbEntity
  8
10-MUEBLES
100
AcDbCircle
 10
140.7366784223453
 20
-29.86425164952926
 30
1.278558752123325E-08
 40
0.005000000000000782
100
AcDbArc
 50
1.042204158021965E-10
 51
180.0000000001042
  0
LINE
  5
25B
330
15E
100
AcDbEntity
  8
10-MUEBLES
100
AcDbLine
 10
140.7716784223451
 20
-29.84425164952916
 30
1.082001709636552E-12
 11
140.8311211414451
 21
-29.84425164952905
 31
1.834859853407631E-12
  0
LINE
  5
25C
330
15E
100
AcDbEntity
  8
10-MUEBLES
100
AcDbLine
 10
140.7716784223451
 20
-29.83425164952917
 30
1.126215410074383E-12
 11
140.8316784223451
 21
-29.83425164952906
 31
1.886131667444789E-12
  0
LINE
  5
25D
330
15E
100
AcDbEntity
  8
10-MUEBLES
100
AcDbLine
 10
140.7516784223449
 20
-29.74480893042915
 30
1.268369349781603E-12
 11
140.7516784223452
 21
-29.8042516495292
 31
1.005551092253377E-12
  0
LINE
  5
25E
330
15E
100
AcDbEntity
  8
10-MUEBLES
100
AcDbLine
 10
140.7416784223449
 20
-29.74425164952925
 30
1.144180585299876E-12
 11
140.7416784223452
 21
-29.8042516495292
 31
8.788983826927451E-13
  0
LINE
  5
25F
330
15E
100
AcDbEntity
  8
10-MUEBLES
100
AcDbLine
 10
140.7841048292162
 20
-29.79182524265799
 30
1.471182064499002E-12
 11
140.8053180326518
 21
-29.77061203922234
 31
1.833644456055568E-12
  0
LINE
  5
260
330
15E
100
AcDbEntity
  8
10-MUEBLES
100
AcDbLine
 10
140.7911758970282
 20
-29.79889631046979
 30
1.529475246886706E-12
 11
140.8119950433602
 21
-29.77807716413759
 31
1.885204526184495E-12
  0
ARC
  5
261
330
15E
100
AcDbEntity
  8
10-MUEBLES
100
AcDbCircle
 10
140.7416784223452
 20
-29.83425164952917
 30
1.278558752123325E-08
 40
0.09000000000000001
100
AcDbArc
 50
1.042204158021965E-10
 51
38.6206297916648
  0
ARC
  5
262
330
15E
100
AcDbEntity
  8
10-MUEBLES
100
AcDbCircle
 10
141.0508230663759
 20
-29.771794340954
 30
1.278558752123325E-08
 40
0.03
100
AcDbArc
 50
1.042204158021965E-10
 51
90.00000000010422
  0
LINE
  5
263
330
15E
100
AcDbEntity
  8
10-MUEBLES
100
AcDbLine
 10
141.0508230663759
 20
-29.74179434095391
 30
5.070445937118624E-12
 11
140.9067810059881
 21
-29.74179434095425
 31
3.246114213222575E-12
  0
ARC
  5
264
330
15E
100
AcDbEntity
  8
10-MUEBLES
100
AcDbCircle
 10
140.9067810059883
 20
-29.77179434095422
 30
1.278558752123325E-08
 40
0.03
100
AcDbArc
 50
90.00000000010422
 51
180.0000000001042
  0
ARC
  5
265
330
15E
100
AcDbEntity
  8
10-MUEBLES
100
AcDbCircle
 10
141.2818087327599
 20
-29.87836149170369
 30
1.278558752123325E-08
 40
0.004250000000000664
100
AcDbArc
 50
225.000000000101
 51
45.00000000010104
  0
LINE
  5
266
330
15E
100
AcDbEntity
  8
10-MUEBLES
100
AcDbLine
 10
141.1709511399563
 20
-29.88103174698598
 30
5.97628044249554E-12
 11
141.1886474143385
 21
-29.86333547260359
 31
6.278650329895682E-12
  0
LINE
  5
267
330
15E
100
AcDbEntity
  8
10-MUEBLES
100
AcDbLine
 10
141.2186994525392
 20
-29.89776261912301
 30
6.507052382183736E-12
 11
141.2186994525389
 21
-29.84676261912296
 31
6.732542254400129E-12
  0
LINE
  5
268
330
15E
100
AcDbEntity
  8
10-MUEBLES
100
AcDbLine
 10
141.2271994525391
 20
-29.89728893035795
 30
6.616801538626019E-12
 11
141.2271994525391
 21
-29.84676261912296
 31
6.84019705753229E-12
  0
ARC
  5
269
330
15E
100
AcDbEntity
  8
10-MUEBLES
100
AcDbCircle
 10
141.1616005799581
 20
-29.88437189934394
 30
1.278558752123325E-08
 40
0.004249999999999155
100
AcDbArc
 50
135.0000000001016
 51
315.0000000001016
  0
ARC
  5
26A
330
15E
100
AcDbEntity
  8
10-MUEBLES
100
AcDbCircle
 10
141.2186994525389
 20
-29.821262619123
 30
1.278558752123325E-08
 40
0.07650000000000001
100
AcDbArc
 50
276.3793702085462
 51
315.0000000001016
  0
ARC
  5
26B
330
15E
100
AcDbEntity
  8
10-MUEBLES
100
AcDbCircle
 10
141.2186994525389
 20
-29.821262619123
 30
1.278558752123325E-08
 40
0.08500000000000001
100
AcDbArc
 50
185.7248104523303
 51
225.000000000101
  0
ARC
  5
26C
330
15E
100
AcDbEntity
  8
10-MUEBLES
100
AcDbCircle
 10
141.2186994525389
 20
-29.821262619123
 30
1.278558752123325E-08
 40
0.07650000000000001
100
AcDbArc
 50
231.3793702085449
 51
270.0000000001042
  0
ARC
  5
26D
330
15E
100
AcDbEntity
  8
10-MUEBLES
100
AcDbCircle
 10
141.2186994525389
 20
-29.821262619123
 30
1.278558752123325E-08
 40
0.08500000000000001
100
AcDbArc
 50
230.7391704773721
 51
270.0000000001042
  0
ARC
  5
26E
330
15E
100
AcDbEntity
  8
10-MUEBLES
100
AcDbCircle
 10
141.2186994525394
 20
-30.06471443881345
 30
1.278558752123325E-08
 40
0.09000000000000001
100
AcDbArc
 50
96.37937020854619
 51
135.0000000001016
  0
ARC
  5
26F
330
15E
100
AcDbEntity
  8
10-MUEBLES
100
AcDbCircle
 10
141.2186994525394
 20
-30.06471443881345
 30
1.278558752123325E-08
 40
0.1
100
AcDbArc
 50
95.72481045232978
 51
135.0000000001016
  0
LINE
  5
270
330
15E
100
AcDbEntity
  8
10-MUEBLES
100
AcDbLine
 10
141.1646057837782
 20
-29.88737710316401
 30
5.867859619466231E-12
 11
141.1649070592414
 21
-29.88707582770088
 31
5.873007405147559E-12
  0
ARC
  5
271
330
15E
100
AcDbEntity
  8
10-MUEBLES
100
AcDbCircle
 10
141.1727375117621
 20
-30.02582356584833
 30
1.278558752123325E-08
 40
0.005000000000000782
100
AcDbArc
 50
225.000000000101
 51
45.00000000010104
  0
LINE
  5
272
330
15E
100
AcDbEntity
  8
10-MUEBLES
100
AcDbLine
 10
141.1550598422326
 20
-30.00107482850684
 30
5.244257966414997E-12
 11
141.1762730456681
 21
-30.02228803194237
 31
5.419137513578109E-12
  0
LINE
  5
273
330
15E
100
AcDbEntity
  8
10-MUEBLES
100
AcDbLine
 10
141.1409177066087
 20
-30.00107482850684
 30
5.065143986835154E-12
 11
141.1412721483301
 21
-30.00142927022808
 31
5.06806596926839E-12
  0
ARC
  5
274
330
15E
100
AcDbEntity
  8
10-MUEBLES
100
AcDbCircle
 10
141.1444532405147
 20
-29.99753929460088
 30
1.278558752123325E-08
 40
0.005000000000000782
100
AcDbArc
 50
45.00000000010104
 51
225.000000000101
  0
LINE
  5
275
330
15E
100
AcDbEntity
  8
10-MUEBLES
100
AcDbLine
 10
141.1483828315241
 20
-30.00853995342209
 30
5.126685736941638E-12
 11
141.1692019778562
 21
-30.02935909975418
 31
5.298316716392587E-12
  0
ARC
  5
276
330
15E
100
AcDbEntity
  8
10-MUEBLES
100
AcDbCircle
 10
141.285874596752
 20
-29.99046822678873
 30
1.278558752123325E-08
 40
0.005000000000000782
100
AcDbArc
 50
315.0000000001016
 51
135.0000000001016
  0
LINE
  5
277
330
15E
100
AcDbEntity
  8
10-MUEBLES
100
AcDbLine
 10
141.2819846211246
 20
-29.98728713460412
 30
6.912755178919723E-12
 11
141.282339062846
 21
-29.98693269288288
 31
6.918811397371848E-12
  0
ARC
  5
278
330
15E
100
AcDbEntity
  8
10-MUEBLES
100
AcDbCircle
 10
141.2229494525391
 20
-29.90626261912292
 30
1.278558752123325E-08
 40
0.004249999999999155
100
AcDbArc
 50
180.0000000001042
 51
5.724810452342854
  0
ARC
  5
279
330
15E
100
AcDbEntity
  8
10-MUEBLES
100
AcDbCircle
 10
141.2136994525393
 20
-30.03471443881347
 30
1.278558752123325E-08
 40
0.005000000000000782
100
AcDbArc
 50
180.0000000001042
 51
1.042204158021965E-10
  0
ARC
  5
27A
330
15E
100
AcDbEntity
  8
10-MUEBLES
100
AcDbCircle
 10
141.2575903255045
 20
-30.0187524980363
 30
1.278558752123325E-08
 40
0.005000000000000782
100
AcDbArc
 50
135.0000000001016
 51
315.0000000001016
  0
LINE
  5
27B
330
15E
100
AcDbEntity
  8
10-MUEBLES
100
AcDbLine
 10
141.2086994525394
 20
-30.03471443881347
 30
5.774884999643957E-12
 11
141.2086994525392
 21
-29.97527171971354
 31
6.037703257178802E-12
  0
LINE
  5
27C
330
15E
100
AcDbEntity
  8
10-MUEBLES
100
AcDbLine
 10
141.2186994525394
 20
-30.03471443881347
 30
5.901537709204589E-12
 11
141.2186994525392
 21
-29.97471443881341
 31
6.166819911818337E-12
  0
ARC
  5
27D
330
15E
100
AcDbEntity
  8
10-MUEBLES
100
AcDbCircle
 10
141.2136994525393
 20
-29.96471443881342
 30
1.278558752123325E-08
 40
0.005000000000000782
100
AcDbArc
 50
1.042204158021965E-10
 51
185.7248104523364
  0
ARC
  5
27E
330
15E
100
AcDbEntity
  8
10-MUEBLES
100
AcDbCircle
 10
141.2186994525394
 20
-30.06471443881345
 30
1.278558752123325E-08
 40
0.04
100
AcDbArc
 50
14.47751218603018
 51
90.00000000010422
  0
ARC
  5
27F
330
15E
100
AcDbEntity
  8
10-MUEBLES
100
AcDbCircle
 10
141.2186994525389
 20
-29.821262619123
 30
1.278558752123325E-08
 40
0.08500000000000001
100
AcDbArc
 50
275.7248104523297
 51
315.0000000001016
  0
ARC
  5
280
330
15E
100
AcDbEntity
  8
10-MUEBLES
100
AcDbCircle
 10
141.2186994525394
 20
-30.06471443881345
 30
1.278558752123325E-08
 40
0.09000000000000001
100
AcDbArc
 50
51.37937020854488
 51
90.00000000010422
  0
ARC
  5
281
330
15E
100
AcDbEntity
  8
10-MUEBLES
100
AcDbCircle
 10
141.2186994525394
 20
-30.06471443881345
 30
1.278558752123325E-08
 40
0.1
100
AcDbArc
 50
50.73917047737208
 51
90.00000000010422
  0
LINE
  5
282
330
15E
100
AcDbEntity
  8
10-MUEBLES
100
AcDbLine
 10
141.2540547915985
 20
-30.01521696413034
 30
6.43552820862976E-12
 11
141.2748739379306
 21
-29.99439781779814
 31
6.791257487927548E-12
  0
LINE
  5
283
330
15E
100
AcDbEntity
  8
10-MUEBLES
100
AcDbLine
 10
141.2611258594105
 20
-30.02228803194215
 30
6.493821391017464E-12
 11
141.282339062846
 21
-30.00107482850661
 31
6.85628378257403E-12
  0
LINE
  5
284
330
15E
100
AcDbEntity
  8
10-MUEBLES
100
AcDbLine
 10
141.2486994525394
 20
-30.05471443881346
 30
6.193068437024057E-12
 11
141.3081421716393
 21
-30.05471443881334
 31
6.945926580795136E-12
  0
ARC
  5
285
330
15E
100
AcDbEntity
  8
10-MUEBLES
100
AcDbCircle
 10
141.2186994525389
 20
-29.821262619123
 30
1.278558752123325E-08
 40
0.08500000000000001
100
AcDbArc
 50
95.72481045232978
 51
135.0000000001016
  0
ARC
  5
286
330
15E
100
AcDbEntity
  8
10-MUEBLES
100
AcDbCircle
 10
141.2186994525389
 20
-29.821262619123
 30
1.278558752123325E-08
 40
0.07650000000000001
100
AcDbArc
 50
96.37937020854619
 51
135.0000000001016
  0
ARC
  5
287
330
15E
100
AcDbEntity
  8
10-MUEBLES
100
AcDbCircle
 10
141.2186994525389
 20
-29.821262619123
 30
1.278558752123325E-08
 40
0.034
100
AcDbArc
 50
104.4775121860376
 51
180.0000000001042
  0
ARC
  5
288
330
15E
100
AcDbEntity
  8
10-MUEBLES
100
AcDbCircle
 10
141.2186994525389
 20
-29.821262619123
 30
1.278558752123325E-08
 40
0.034
100
AcDbArc
 50
194.4775121860302
 51
270.0000000001042
  0
ARC
  5
289
330
15E
100
AcDbEntity
  8
10-MUEBLES
100
AcDbCircle
 10
141.1856422105184
 20
-29.86033026878363
 30
1.278558752123325E-08
 40
0.004249999999999155
100
AcDbArc
 50
315.0000000001016
 51
135.0000000001016
  0
LINE
  5
28A
330
15E
100
AcDbEntity
  8
10-MUEBLES
100
AcDbLine
 10
141.142673141304
 20
-29.82976261912314
 30
5.844811713548494E-12
 11
141.193199452539
 21
-29.82976261912302
 31
6.484741135757882E-12
  0
LINE
  5
28B
330
15E
100
AcDbEntity
  8
10-MUEBLES
100
AcDbLine
 10
141.1421994525388
 20
-29.82126261912311
 30
5.876393962361884E-12
 11
141.193199452539
 21
-29.821262619123
 31
6.522322781128384E-12
  0
LINE
  5
28C
330
15E
100
AcDbEntity
  8
10-MUEBLES
100
AcDbLine
 10
141.1525849684979
 20
-29.76716895036237
 30
6.247097462603825E-12
 11
141.1528862439609
 21
-29.76747022582538
 31
6.249581147666451E-12
  0
ARC
  5
28D
330
15E
100
AcDbEntity
  8
10-MUEBLES
100
AcDbCircle
 10
141.1796318028783
 20
-29.78820537710261
 30
1.278558752123325E-08
 40
0.004250000000000664
100
AcDbArc
 50
225.000000000101
 51
45.00000000010104
  0
LINE
  5
28E
330
15E
100
AcDbEntity
  8
10-MUEBLES
100
AcDbLine
 10
141.1646057837782
 20
-29.87535628788385
 30
5.921008092040405E-12
 11
141.1826370066984
 21
-29.85732506496357
 31
6.229101124864148E-12
  0
LINE
  5
28F
330
15E
100
AcDbEntity
  8
10-MUEBLES
100
AcDbLine
 10
141.164605783778
 20
-29.76716895036225
 30
6.399344345241067E-12
 11
141.1826370066984
 21
-29.78520017328254
 31
6.54799196032905E-12
  0
LINE
  5
290
330
15E
100
AcDbEntity
  8
10-MUEBLES
100
AcDbLine
 10
141.1589303246759
 20
-29.77351430654029
 30
6.299407950190366E-12
 11
141.1766265990582
 21
-29.79121058092267
 31
6.445294282723341E-12
  0
ARC
  5
291
330
15E
100
AcDbEntity
  8
10-MUEBLES
100
AcDbCircle
 10
141.1336994525389
 20
-29.82551261912318
 30
1.278558752123325E-08
 40
0.004250000000000664
100
AcDbArc
 50
90.00000000010422
 51
275.7248104523429
  0
ARC
  5
292
330
15E
100
AcDbEntity
  8
10-MUEBLES
100
AcDbCircle
 10
141.2186994525389
 20
-29.821262619123
 30
1.278558752123325E-08
 40
0.08500000000000001
100
AcDbArc
 50
140.7391704773726
 51
180.0000000001042
  0
ARC
  5
293
330
15E
100
AcDbEntity
  8
10-MUEBLES
100
AcDbCircle
 10
141.2186994525389
 20
-29.821262619123
 30
1.278558752123325E-08
 40
0.07650000000000001
100
AcDbArc
 50
141.3793702085437
 51
180.0000000001042
  0
ARC
  5
294
330
15E
100
AcDbEntity
  8
10-MUEBLES
100
AcDbCircle
 10
141.155590172318
 20
-29.7641637465423
 30
1.278558752123325E-08
 40
0.004250000000000664
100
AcDbArc
 50
45.00000000010104
 51
225.000000000101
  0
ARC
  5
295
330
15E
100
AcDbEntity
  8
10-MUEBLES
100
AcDbCircle
 10
141.2186994525389
 20
-29.821262619123
 30
1.278558752123325E-08
 40
0.07650000000000001
100
AcDbArc
 50
186.3793702085462
 51
225.000000000101
  0
ARC
  5
296
330
15E
100
AcDbEntity
  8
10-MUEBLES
100
AcDbCircle
 10
141.2757983251195
 20
-29.75815333890194
 30
1.278558752123325E-08
 40
0.004250000000000664
100
AcDbArc
 50
315.0000000001016
 51
135.0000000001016
  0
LINE
  5
297
330
15E
100
AcDbEntity
  8
10-MUEBLES
100
AcDbLine
 10
141.2724918458364
 20
-29.755449410545
 30
7.817566975875708E-12
 11
141.2727931212997
 21
-29.75514813508199
 31
7.822714761557037E-12
  0
ARC
  5
298
330
15E
100
AcDbEntity
  8
10-MUEBLES
100
AcDbCircle
 10
141.2144494525388
 20
-29.73626261912296
 30
1.278558752123325E-08
 40
0.004250000000000664
100
AcDbArc
 50
1.042204158021965E-10
 51
185.7248104523364
  0
ARC
  5
299
330
15E
100
AcDbEntity
  8
10-MUEBLES
100
AcDbCircle
 10
141.2186994525389
 20
-29.821262619123
 30
1.278558752123325E-08
 40
0.07650000000000001
100
AcDbArc
 50
51.37937020854488
 51
90.00000000010422
  0
ARC
  5
29A
330
15E
100
AcDbEntity
  8
10-MUEBLES
100
AcDbCircle
 10
141.2186994525389
 20
-29.821262619123
 30
1.278558752123325E-08
 40
0.08500000000000001
100
AcDbArc
 50
50.73917047737208
 51
90.00000000010422
  0
ARC
  5
29B
330
15E
100
AcDbEntity
  8
10-MUEBLES
100
AcDbCircle
 10
141.2186994525389
 20
-29.821262619123
 30
1.278558752123325E-08
 40
0.07650000000000001
100
AcDbArc
 50
321.3793702085437
 51
1.042204158021965E-10
  0
ARC
  5
29C
330
15E
100
AcDbEntity
  8
10-MUEBLES
100
AcDbCircle
 10
141.2186994525389
 20
-29.821262619123
 30
1.278558752123325E-08
 40
0.08500000000000001
100
AcDbArc
 50
320.7391704773726
 51
1.042204158021965E-10
  0
ARC
  5
29D
330
15E
100
AcDbEntity
  8
10-MUEBLES
100
AcDbCircle
 10
141.303699452539
 20
-29.81701261912281
 30
1.278558752123325E-08
 40
0.004250000000000664
100
AcDbArc
 50
270.0000000001042
 51
95.72481045231667
  0
LINE
  5
29E
330
15E
100
AcDbEntity
  8
10-MUEBLES
100
AcDbLine
 10
141.2845126611169
 20
-29.8750550124205
 30
7.440993233350199E-12
 11
141.28481393658
 21
-29.87535628788363
 31
7.443476918412825E-12
  0
ARC
  5
29F
330
15E
100
AcDbEntity
  8
10-MUEBLES
100
AcDbCircle
 10
141.2186994525389
 20
-29.821262619123
 30
1.278558752123325E-08
 40
0.034
100
AcDbArc
 50
14.47751218603018
 51
90.00000000010422
  0
ARC
  5
2A0
330
15E
100
AcDbEntity
  8
10-MUEBLES
100
AcDbCircle
 10
141.214449452539
 20
-29.79576261912303
 30
1.278558752123325E-08
 40
0.004250000000000664
100
AcDbArc
 50
180.0000000001042
 51
1.042204158021965E-10
  0
ARC
  5
2A1
330
15E
100
AcDbEntity
  8
10-MUEBLES
100
AcDbCircle
 10
141.2517566945592
 20
-29.78219496946236
 30
1.278558752123325E-08
 40
0.004250000000000664
100
AcDbArc
 50
135.0000000001016
 51
315.0000000001016
  0
ARC
  5
2A2
330
15E
100
AcDbEntity
  8
10-MUEBLES
100
AcDbCircle
 10
141.193199452539
 20
-29.82551261912307
 30
1.278558752123325E-08
 40
0.004250000000000664
100
AcDbArc
 50
270.0000000001042
 51
90.00000000010422
  0
ARC
  5
2A3
330
15E
100
AcDbEntity
  8
10-MUEBLES
100
AcDbCircle
 10
141.2229494525389
 20
-29.84676261912296
 30
1.278558752123325E-08
 40
0.004249999999999155
100
AcDbArc
 50
1.042204158021965E-10
 51
180.0000000001042
  0
ARC
  5
2A4
330
15E
100
AcDbEntity
  8
10-MUEBLES
100
AcDbCircle
 10
141.2441994525389
 20
-29.81701261912293
 30
1.278558752123325E-08
 40
0.004250000000000664
100
AcDbArc
 50
90.00000000010422
 51
270.0000000001042
  0
ARC
  5
2A5
330
15E
100
AcDbEntity
  8
10-MUEBLES
100
AcDbCircle
 10
141.2186994525389
 20
-29.821262619123
 30
1.278558752123325E-08
 40
0.034
100
AcDbArc
 50
284.4775121860375
 51
1.042204158021965E-10
  0
ARC
  5
2A6
330
15E
100
AcDbEntity
  8
10-MUEBLES
100
AcDbCircle
 10
141.2577671021996
 20
-29.85431986114339
 30
1.278558752123325E-08
 40
0.004250000000000664
100
AcDbArc
 50
45.00000000010104
 51
225.000000000101
  0
LINE
  5
2A7
330
15E
100
AcDbEntity
  8
10-MUEBLES
100
AcDbLine
 10
141.2607723060196
 20
-29.85131465732332
 30
7.245280098293308E-12
 11
141.278468580402
 21
-29.8690109317056
 31
7.391166430826284E-12
  0
LINE
  5
2A8
330
15E
100
AcDbEntity
  8
10-MUEBLES
100
AcDbLine
 10
141.2547618983795
 20
-29.85732506496345
 30
7.1425824206876E-12
 11
141.2727931212997
 21
-29.87535628788363
 31
7.291230035775583E-12
  0
LINE
  5
2A9
330
15E
100
AcDbEntity
  8
10-MUEBLES
100
AcDbLine
 10
141.2441994525389
 20
-29.82126261912288
 30
7.168251599894883E-12
 11
141.2951994525388
 21
-29.82126261912288
 31
7.814180418654766E-12
  0
LINE
  5
2AA
330
15E
100
AcDbEntity
  8
10-MUEBLES
100
AcDbLine
 10
141.2441994525389
 20
-29.81276261912297
 30
7.205833245258768E-12
 11
141.2947257637739
 21
-29.81276261912286
 31
7.845762667468155E-12
  0
LINE
  5
2AB
330
15E
100
AcDbEntity
  8
10-MUEBLES
100
AcDbLine
 10
141.2547618983793
 20
-29.78520017328243
 30
7.461473256152502E-12
 11
141.2727931212997
 21
-29.76716895036214
 31
7.769566288976244E-12
  0
ARC
  5
2AC
330
15E
100
AcDbEntity
  8
10-MUEBLES
100
AcDbCircle
 10
141.2186994525389
 20
-29.821262619123
 30
1.278558752123325E-08
 40
0.07650000000000001
100
AcDbArc
 50
6.379370208546197
 51
45.00000000010104
  0
ARC
  5
2AD
330
15E
100
AcDbEntity
  8
10-MUEBLES
100
AcDbCircle
 10
141.2186994525389
 20
-29.821262619123
 30
1.278558752123325E-08
 40
0.08500000000000001
100
AcDbArc
 50
5.724810452330297
 51
45.00000000010104
  0
LINE
  5
2AE
330
15E
100
AcDbEntity
  8
10-MUEBLES
100
AcDbLine
 10
141.2101994525388
 20
-29.79576261912303
 30
6.850377323490977E-12
 11
141.2101994525388
 21
-29.74523630788804
 31
7.073772842390631E-12
  0
LINE
  5
2AF
330
15E
100
AcDbEntity
  8
10-MUEBLES
100
AcDbLine
 10
141.2186994525389
 20
-29.79576261912303
 30
6.958032126616521E-12
 11
141.2186994525387
 21
-29.74476261912299
 31
7.183521998832913E-12
  0
LINE
  5
2B0
330
15E
100
AcDbEntity
  8
10-MUEBLES
100
AcDbLine
 10
141.2487514907394
 20
-29.77918976564229
 30
7.411924051127585E-12
 11
141.2664477651215
 21
-29.76149349125991
 31
7.714293938527728E-12
  0
LWPOLYLINE
  5
2B1
330
15E
100
AcDbEntity
  8
10-MUEBLES
100
AcDbPolyline
 90
        4
 70
     1
 43
0.0
 38
1.278558752123325E-08
 10
141.2884886782336
 20
-29.63048659058223
 10
141.2884886782336
 20
-29.65557075309119
 10
141.2979616830538
 20
-29.65557075309108
 10
141.2979616830538
 20
-29.63048659058223
  0
LINE
  5
2B2
330
15E
100
AcDbEntity
  8
10-MUEBLES
100
AcDbLine
 10
141.3538020361828
 20
-30.19447076161567
 30
1.0704063165897E-11
 11
140.7538020361828
 21
-30.19447076161601
 31
1.0704063165897E-11
  0
LINE
  5
2B3
330
15E
100
AcDbEntity
  8
10-MUEBLES
100
AcDbLine
 10
141.2887783934584
 20
-30.20417726255545
 30
5.541654776916662E-08
 11
140.6688256789074
 21
-30.2041772625559
 31
5.541654776916662E-08
  0
LINE
  5
2B4
330
15E
100
AcDbEntity
  8
10-MUEBLES
100
AcDbLine
 10
140.6038020361817
 20
-30.20808091557241
 30
0.0
 11
140.6038020361817
 21
-29.60808091557239
 31
0.0
  0
LINE
  5
2B5
330
15E
100
AcDbEntity
  8
10-MUEBLES
100
AcDbLine
 10
141.3538020361818
 20
-30.20217726255579
 30
9.498953379650224E-12
 11
141.3538020361816
 21
-29.60808091557169
 31
9.498953379650224E-12
  0
ENDBLK
  5
2B6
330
15E
100
AcDbEntity
  8
0
100
AcDbBlockEnd
  0
BLOCK
  5
2BD
330
2BC
100
AcDbEntity
  8
0
100
AcDbBlockBegin
  2
nev
 70
     0
 10
0.0
 20
0.0
 30
0.0
  3
nev
  1

  0
LINE
  5
2BE
330
2BC
100
AcDbEntity
  8
MOBILIARIO
100
AcDbLine
 10
-58.44342582976037
 20
218.113111350462
 30
0.0
 11
-58.41802582976038
 21
218.113111350462
 31
0.0
  0
LINE
  5
2BF
330
2BC
100
AcDbEntity
  8
MOBILIARIO
100
AcDbLine
 10
-58.44342582976037
 20
218.113111350462
 30
0.0
 11
-58.44342582976037
 21
218.0892430545426
 31
0.0
  0
LINE
  5
2C0
330
2BC
100
AcDbEntity
  8
MOBILIARIO
100
AcDbLine
 10
-58.44342582976037
 20
217.317611350462
 30
0.0
 11
-58.41802582976038
 21
217.317611350462
 31
0.0
  0
LINE
  5
2C1
330
2BC
100
AcDbEntity
  8
MOBILIARIO
100
AcDbLine
 10
-58.44342582976037
 20
218.0892430545426
 30
0.0
 11
-58.44342582976037
 21
218.0574930545426
 31
0.0
  0
LINE
  5
2C2
330
2BC
100
AcDbEntity
  8
MOBILIARIO
100
AcDbLine
 10
-58.46882582976039
 20
218.0892430545426
 30
0.0
 11
-58.46882582976039
 21
218.0574930545426
 31
0.0
  0
LINE
  5
2C3
330
2BC
100
AcDbEntity
  8
MOBILIARIO
100
AcDbLine
 10
-58.44342582976037
 20
218.0574930545426
 30
0.0
 11
-58.44342582976037
 21
217.317611350462
 31
0.0
  0
LINE
  5
2C4
330
2BC
100
AcDbEntity
  8
MOBILIARIO
100
AcDbLine
 10
-57.66237582976038
 20
217.317611350462
 30
0.0
 11
-57.58617582976038
 21
217.317611350462
 31
0.0
  0
LINE
  5
2C5
330
2BC
100
AcDbEntity
  8
MOBILIARIO
100
AcDbLine
 10
-57.58617582976039
 20
217.317611350462
 30
0.0
 11
-57.58617582976038
 21
218.113111350462
 31
0.0
  0
LINE
  5
2C6
330
2BC
100
AcDbEntity
  8
MOBILIARIO
100
AcDbLine
 10
-57.58617582976038
 20
218.113111350462
 30
0.0
 11
-57.66237582976038
 21
218.113111350462
 31
0.0
  0
LINE
  5
2C7
330
2BC
100
AcDbEntity
  8
MOBILIARIO
100
AcDbLine
 10
-57.66237582976038
 20
218.120028372761
 30
0.0
 11
-57.96717582976038
 21
218.120028372761
 31
0.0
  0
LINE
  5
2C8
330
2BC
100
AcDbEntity
  8
MOBILIARIO
100
AcDbLine
 10
-57.96717582976038
 20
218.120028372761
 30
0.0
 11
-57.96717582976038
 21
218.100978372761
 31
0.0
  0
LINE
  5
2C9
330
2BC
100
AcDbEntity
  8
MOBILIARIO
100
AcDbLine
 10
-57.96717582976038
 20
217.330878372761
 30
0.0
 11
-57.67825082976037
 21
217.330878372761
 31
0.0
  0
LINE
  5
2CA
330
2BC
100
AcDbEntity
  8
MOBILIARIO
100
AcDbLine
 10
-57.67825082976037
 20
218.100978372761
 30
0.0
 11
-57.96717582976038
 21
218.100978372761
 31
0.0
  0
LINE
  5
2CB
330
2BC
100
AcDbEntity
  8
MOBILIARIO
100
AcDbLine
 10
-57.67825082976037
 20
217.330878372761
 30
0.0
 11
-57.67825082976037
 21
218.100978372761
 31
0.0
  0
LINE
  5
2CC
330
2BC
100
AcDbEntity
  8
MOBILIARIO
100
AcDbLine
 10
-57.66237582976038
 20
218.100978372761
 30
0.0
 11
-57.66237582976039
 21
217.317611350462
 31
0.0
  0
LINE
  5
2CD
330
2BC
100
AcDbEntity
  8
MOBILIARIO
100
AcDbLine
 10
-57.67825082976037
 20
217.330878372761
 30
0.0
 11
-57.66237582976038
 21
217.330878372761
 31
0.0
  0
LINE
  5
2CE
330
2BC
100
AcDbEntity
  8
MOBILIARIO
100
AcDbLine
 10
-57.67825082976037
 20
218.100978372761
 30
0.0
 11
-57.66237582976038
 21
218.100978372761
 31
0.0
  0
LINE
  5
2CF
330
2BC
100
AcDbEntity
  8
MOBILIARIO
100
AcDbLine
 10
-57.98622582976037
 20
218.120028372761
 30
0.0
 11
-57.96717582976038
 21
218.120028372761
 31
0.0
  0
LINE
  5
2D0
330
2BC
100
AcDbEntity
  8
MOBILIARIO
100
AcDbLine
 10
-57.98622582976037
 20
217.704103372761
 30
0.0
 11
-57.96717582976038
 21
217.704103372761
 31
0.0
  0
LINE
  5
2D1
330
2BC
100
AcDbEntity
  8
MOBILIARIO
100
AcDbLine
 10
-57.98622582976037
 20
217.318178372761
 30
0.0
 11
-57.96717582976038
 21
217.318178372761
 31
0.0
  0
LINE
  5
2D2
330
2BC
100
AcDbEntity
  8
MOBILIARIO
100
AcDbLine
 10
-57.89097582976038
 20
217.311828372761
 30
0.0
 11
-57.66237582976038
 21
217.311828372761
 31
0.0
  0
LINE
  5
2D3
330
2BC
100
AcDbEntity
  8
MOBILIARIO
100
AcDbLine
 10
-57.66237582976038
 20
217.311828372761
 30
0.0
 11
-57.58617582976038
 21
217.311828372761
 31
0.0
  0
LINE
  5
2D4
330
2BC
100
AcDbEntity
  8
MOBILIARIO
100
AcDbLine
 10
-57.66237582976038
 20
218.120028372761
 30
0.0
 11
-57.66237582976038
 21
218.113111350462
 31
0.0
  0
LINE
  5
2D5
330
2BC
100
AcDbEntity
  8
MOBILIARIO
100
AcDbLine
 10
-57.66237582976038
 20
218.113111350462
 30
0.0
 11
-57.66237582976038
 21
218.100978372761
 31
0.0
  0
LINE
  5
2D6
330
2BC
100
AcDbEntity
  8
MOBILIARIO
100
AcDbLine
 10
-57.89097582976038
 20
217.311828372761
 30
0.0
 11
-57.96717582976038
 21
217.311828372761
 31
0.0
  0
LINE
  5
2D7
330
2BC
100
AcDbEntity
  8
MOBILIARIO
100
AcDbLine
 10
-57.96717582976038
 20
217.317611350462
 30
0.0
 11
-57.96717582976038
 21
217.311828372761
 31
0.0
  0
LINE
  5
2D8
330
2BC
100
AcDbEntity
  8
MOBILIARIO
100
AcDbLine
 10
-57.66237582976038
 20
217.330878372761
 30
0.0
 11
-57.66237582976038
 21
217.317611350462
 31
0.0
  0
LINE
  5
2D9
330
2BC
100
AcDbEntity
  8
MOBILIARIO
100
AcDbLine
 10
-57.66237582976038
 20
217.317611350462
 30
0.0
 11
-57.66237582976038
 21
217.311828372761
 31
0.0
  0
LINE
  5
2DA
330
2BC
100
AcDbEntity
  8
MOBILIARIO
100
AcDbLine
 10
-57.96717582976038
 20
218.100978372761
 30
0.0
 11
-57.96717582976038
 21
217.704103372761
 31
0.0
  0
LINE
  5
2DB
330
2BC
100
AcDbEntity
  8
MOBILIARIO
100
AcDbLine
 10
-57.96717582976038
 20
217.704103372761
 30
0.0
 11
-57.96717582976038
 21
217.317611350462
 31
0.0
  0
LINE
  5
2DC
330
2BC
100
AcDbEntity
  8
MOBILIARIO
100
AcDbLine
 10
-57.98622582976037
 20
218.120028372761
 30
0.0
 11
-57.98622582976037
 21
218.113111350462
 31
0.0
  0
LINE
  5
2DD
330
2BC
100
AcDbEntity
  8
MOBILIARIO
100
AcDbLine
 10
-57.96717582976038
 20
217.330878372761
 30
0.0
 11
-57.96717582976038
 21
217.318178372761
 31
0.0
  0
LINE
  5
2DE
330
2BC
100
AcDbEntity
  8
MOBILIARIO
100
AcDbLine
 10
-57.96717582976038
 20
217.318178372761
 30
0.0
 11
-57.96717582976038
 21
217.317611350462
 31
0.0
  0
LINE
  5
2DF
330
2BC
100
AcDbEntity
  8
MOBILIARIO
100
AcDbLine
 10
-57.58617582976038
 20
217.311828372761
 30
0.0
 11
-57.58617582976038
 21
217.317611350462
 31
0.0
  0
LINE
  5
2E0
330
2BC
100
AcDbEntity
  8
MOBILIARIO
100
AcDbLine
 10
-57.96717582976038
 20
217.317611350462
 30
0.0
 11
-58.41802582976038
 21
217.317611350462
 31
0.0
  0
LINE
  5
2E1
330
2BC
100
AcDbEntity
  8
MOBILIARIO
100
AcDbLine
 10
-58.41802582976038
 20
218.113111350462
 30
0.0
 11
-57.98622582976037
 21
218.113111350462
 31
0.0
  0
LINE
  5
2E2
330
2BC
100
AcDbEntity
  8
MOBILIARIO
100
AcDbLine
 10
-58.41802582976038
 20
217.317611350462
 30
0.0
 11
-58.41802582976038
 21
218.113111350462
 31
0.0
  0
LINE
  5
2E3
330
2BC
100
AcDbEntity
  8
MOBILIARIO
100
AcDbLine
 10
-58.46882582976039
 20
218.0892430545426
 30
0.0
 11
-58.44342582976037
 21
218.0892430545426
 31
0.0
  0
LINE
  5
2E4
330
2BC
100
AcDbEntity
  8
MOBILIARIO
100
AcDbLine
 10
-58.46882582976039
 20
218.0574930545426
 30
0.0
 11
-58.44342582976037
 21
218.0574930545426
 31
0.0
  0
LINE
  5
2E5
330
2BC
100
AcDbEntity
  8
MOBILIARIO
100
AcDbLine
 10
-57.98622582976037
 20
218.113111350462
 30
0.0
 11
-57.98622582976037
 21
217.704103372761
 31
0.0
  0
LINE
  5
2E6
330
2BC
100
AcDbEntity
  8
MOBILIARIO
100
AcDbLine
 10
-57.98622582976037
 20
217.704103372761
 30
0.0
 11
-57.98622582976037
 21
217.317611350462
 31
0.0
  0
ENDBLK
  5
2E7
330
2BC
100
AcDbEntity
  8
0
100
AcDbBlockEnd
  0
BLOCK
  5
2ED
330
2EA
100
AcDbEntity
  8
0
100
AcDbBlockBegin
  2
lava
 70
     0
 10
0.0
 20
0.0
 30
0.0
  3
lava
  1

  0
INSERT
  5
2EE
330
2EA
100
AcDbEntity
  8
EQUIPOS COCINAS
 62
     2
284
     3
100
AcDbBlockReference
  2
WK-LAVAD
 10
56.08016309427859
 20
223.800856752244
 30
2.264103484339466E-07
 41
1.0
 42
1.0
 43
-1.0
 50
89.99999992662883
210
-2.198222303184219E-20
220
8.308253007666783E-10
230
-1.0
  0
LINE
  5
311
330
2EA
100
AcDbEntity
  8
MESETA
100
AcDbLine
 10
-56.37564175103108
 20
222.7437377649526
 30
-4.071154595353902E-08
 11
-56.37564175201376
 21
223.4904876753204
 31
-4.030714181285964E-08
  0
LINE
  5
315
330
2EA
100
AcDbEntity
  8
MESETA
100
AcDbLine
 10
-55.77564175166555
 20
223.4904876761332
 30
-4.030714181219726E-08
 11
-56.37564175167137
 21
223.4904876753204
 31
-4.030714181285964E-08
  0
LINE
  5
316
330
2EA
100
AcDbEntity
  8
LINEA 7
100
AcDbLine
 10
-55.87726349120277
 20
223.2007171414072
 30
-4.033187592566256E-08
 11
-55.96463929196835
 21
223.1073622976493
 31
-4.040943749180416E-08
  0
LINE
  5
31A
330
2EA
100
AcDbEntity
  8
LINEA 7
100
AcDbLine
 10
-56.34895142434181
 20
223.2007171407935
 30
-4.033187592616188E-08
 11
-56.25550741447734
 21
223.1073622972714
 31
-4.040943749211164E-08
  0
LWPOLYLINE
  5
31B
330
2EA
100
AcDbEntity
  8
LINEA 7
100
AcDbPolyline
 90
        4
 70
     1
 43
0.0
 38
-3.441585071823833E-08
210
7.409953012921817E-12
220
-8.315681800847758E-10
230
1.0
 10
-56.34893540722334
 20
223.2007921122607
 10
-55.87639093831314
 20
223.2007921128757
 10
-55.87639093773106
 20
222.7734333286961
 10
-56.34893540664126
 20
222.773433328081
  0
LINE
  5
31C
330
2EA
100
AcDbEntity
  8
LINEA 7
100
AcDbLine
 10
-55.96463929167732
 20
222.8660948025674
 30
-4.060988863097047E-08
 11
-55.8772634906498
 21
222.7739525410306
 31
-4.068644275312753E-08
  0
LWPOLYLINE
  5
31D
330
2EA
100
AcDbEntity
  8
LINEA 7
100
AcDbPolyline
 90
        4
 70
     1
 43
0.0
 38
-3.433959956077306E-08
210
7.409953012921817E-12
220
-8.315681800847758E-10
230
1.0
 10
-56.25632581418978
 20
223.1082712681037
 10
-55.96459124055474
 20
223.1082712684833
 10
-55.9645912402637
 20
222.8659541728588
 10
-56.25632581389874
 20
222.8659541724792
  0
LINE
  5
31E
330
2EA
100
AcDbEntity
  8
LINEA 7
100
AcDbLine
 10
-56.34895142378883
 20
222.7739525404172
 30
-4.068644275362685E-08
 11
-56.2555074141863
 21
222.8660948021895
 31
-4.060988863127836E-08
  0
CIRCLE
  5
31F
330
2EA
100
AcDbEntity
  8
LINEA 7
100
AcDbCircle
 10
-56.0799263533998
 20
222.9871127205212
 30
-4.727599163697661E-08
 40
0.01980214590315654
  0
LINE
  5
320
330
2EA
100
AcDbEntity
  8
MESETA
100
AcDbLine
 10
-55.77564175102526
 20
222.7437377657655
 30
-4.071154595287664E-08
 11
-56.37564175103108
 21
222.7437377649526
 31
-4.071154595353902E-08
  0
LINE
  5
321
330
2EA
100
AcDbEntity
  8
MESETA
100
AcDbLine
 10
-55.77564175201779
 20
223.4904876761332
 30
-4.030714181219726E-08
 11
-55.77564175102526
 21
222.7437377657655
 31
-4.071154595287664E-08
  0
ENDBLK
  5
322
330
2EA
100
AcDbEntity
  8
0
100
AcDbBlockEnd
  0
BLOCK
  5
2F4
330
2F2
100
AcDbEntity
  8
0
100
AcDbBlockBegin
  2
WK-LAVAD
 70
     0
 10
0.0
 20
0.0
 30
0.0
  3
WK-LAVAD
  1

  0
LINE
  5
2F5
330
2F2
100
AcDbEntity
  8
EQUIPOS COCINA
284
     1
100
AcDbLine
 10
-0.2896055804769719
 20
0.304521342882466
 30
0.0
 11
0.2703944195230286
 21
0.3045213428824651
 31
0.0
1001
AcDbBlockRepETag
1070
     1
1071
        0
1005
2F5
  0
LINE
  5
2FA
330
2F2
100
AcDbEntity
  8
EQUIPOS COCINA
284
     1
100
AcDbLine
 10
-0.2896055804769719
 20
0.304521342882466
 30
0.0
 11
-0.2896055804769719
 21
-0.2254786571175334
 31
0.0
1001
AcDbBlockRepETag
1070
     1
1071
        1
1005
2FA
  0
LINE
  5
2FB
330
2F2
100
AcDbEntity
  8
EQUIPOS COCINA
284
     1
100
AcDbLine
 10
-0.2896055804769719
 20
0.2445213428824664
 30
0.0
 11
0.2703944195230286
 21
0.2445213428824655
 31
0.0
1001
AcDbBlockRepETag
1070
     1
1071
        2
1005
2FB
  0
LINE
  5
2FC
330
2F2
100
AcDbEntity
  8
EQUIPOS COCINA
284
     1
100
AcDbLine
 10
-0.2896055804769719
 20
0.2045213428824663
 30
0.0
 11
0.2703944195230286
 21
0.2045213428824663
 31
0.0
1001
AcDbBlockRepETag
1070
     1
1071
        3
1005
2FC
  0
LINE
  5
2FD
330
2F2
100
AcDbEntity
  8
EQUIPOS COCINA
284
     1
100
AcDbLine
 10
-0.1896055804769741
 20
0.1745213428824643
 30
0.0
 11
0.1703944195230289
 21
0.1745213428824652
 31
0.0
1001
AcDbBlockRepETag
1070
     1
1071
        4
1005
2FD
  0
LINE
  5
2FE
330
2F2
100
AcDbEntity
  8
EQUIPOS COCINA
284
     1
100
AcDbLine
 10
-0.1896055804769705
 20
-0.1754786571175327
 30
0.0
 11
0.1703944195230289
 21
-0.1754786571175336
 31
0.0
1001
AcDbBlockRepETag
1070
     1
1071
        5
1005
2FE
  0
LINE
  5
2FF
330
2F2
100
AcDbEntity
  8
EQUIPOS COCINA
284
     1
100
AcDbLine
 10
-0.2096055804769736
 20
0.1545213428824647
 30
0.0
 11
-0.2096055804769701
 21
-0.1554786571175331
 31
0.0
1001
AcDbBlockRepETag
1070
     1
1071
        6
1005
2FF
  0
LINE
  5
300
330
2F2
100
AcDbEntity
  8
EQUIPOS COCINA
284
     1
100
AcDbLine
 10
0.1903944195230285
 20
0.1545213428824656
 30
0.0
 11
0.1903944195230285
 21
-0.155478657117534
 31
0.0
1001
AcDbBlockRepETag
1070
     1
1071
        7
1005
300
  0
LINE
  5
301
330
2F2
100
AcDbEntity
  8
EQUIPOS COCINA
284
     1
100
AcDbLine
 10
0.2703944195230286
 20
0.3045213428824651
 30
0.0
 11
0.2703944195230286
 21
-0.2254786571175334
 31
0.0
1001
AcDbBlockRepETag
1070
     1
1071
        8
1005
301
  0
LINE
  5
302
330
2F2
100
AcDbEntity
  8
EQUIPOS COCINA
284
     1
100
AcDbLine
 10
-0.2896055804769719
 20
-0.2254786571175334
 30
0.0
 11
0.2703944195230286
 21
-0.2254786571175334
 31
0.0
1001
AcDbBlockRepETag
1070
     1
1071
        9
1005
302
  0
ARC
  5
303
330
2F2
100
AcDbEntity
  8
EQUIPOS COCINA
284
     1
100
AcDbCircle
 10
0.1703944195230289
 20
0.1545213428824656
 30
0.0
 40
0.02
100
AcDbArc
 50
0.0
 51
90.0
1001
AcDbBlockRepETag
1070
     1
1071
       10
1005
303
  0
ARC
  5
304
330
2F2
100
AcDbEntity
  8
EQUIPOS COCINA
284
     1
100
AcDbCircle
 10
-0.1896055804769741
 20
0.1545213428824647
 30
0.0
 40
0.02
100
AcDbArc
 50
89.99999999999986
 51
180.0
1001
AcDbBlockRepETag
1070
     1
1071
       11
1005
304
  0
ARC
  5
305
330
2F2
100
AcDbEntity
  8
EQUIPOS COCINA
284
     1
100
AcDbCircle
 10
-0.1896055804769705
 20
-0.1554786571175331
 30
0.0
 40
0.02
100
AcDbArc
 50
180.0000000000003
 51
270.0000000000001
1001
AcDbBlockRepETag
1070
     1
1071
       12
1005
305
  0
ARC
  5
306
330
2F2
100
AcDbEntity
  8
EQUIPOS COCINA
284
     1
100
AcDbCircle
 10
0.1703944195230289
 20
-0.155478657117534
 30
0.0
 40
0.02
100
AcDbArc
 50
269.9999999999999
 51
0.0
1001
AcDbBlockRepETag
1070
     1
1071
       13
1005
306
  0
LWPOLYLINE
  5
307
330
2F2
100
AcDbEntity
  8
EQUIPOS COCINA
284
     1
100
AcDbPolyline
 90
       16
 70
     1
 43
0.0
 10
0.1892577538796509
 20
0.2252550736262428
 42
0.1636012132971816
 10
0.1908434362572724
 20
0.2205386018116215
 42
0.1059107464049906
 10
0.1965787187240668
 20
0.2155979505340586
 42
0.06948534465570642
 10
0.2041869518098018
 20
0.212722712336735
 42
0.0557007557386758
 10
0.2142530913411094
 20
0.2115978391757693
 42
0.05570075573868043
 10
0.224319230872424
 20
0.2127227123367358
 42
0.06948534465560235
 10
0.2319274639581519
 20
0.2155979505340586
 42
0.1059107464051457
 10
0.2376627464249428
 20
0.2205386018116215
 42
0.163601213297529
 10
0.2392484288025678
 20
0.2252550736262428
 42
0.1636012132977042
 10
0.2376627464249428
 20
0.2299715454408588
 42
0.105910746405415
 10
0.2319274639581519
 20
0.2349121967184271
 42
0.06948534465568031
 10
0.2243192308724204
 20
0.2377874349157498
 42
0.05570075573869997
 10
0.2142530913411094
 20
0.2389123080767163
 42
0.05570075573866603
 10
0.2041869518098001
 20
0.2377874349157507
 42
0.06948534465566743
 10
0.1965787187240668
 20
0.2349121967184271
 42
0.1059107464050682
 10
0.1908434362572742
 20
0.2299715454408641
 42
0.1636012132973553
1001
AcDbBlockRepETag
1070
     1
1071
       14
1005
307
  0
LWPOLYLINE
  5
308
330
2F2
100
AcDbEntity
  8
EQUIPOS COCINA
284
     1
100
AcDbPolyline
 90
        4
 70
     1
 43
0.0
 10
0.2208202478040093
 20
0.2323497971510619
 10
0.2174265239886826
 20
0.2342488892882299
 10
0.2086194293080859
 20
0.2185103969968749
 10
0.2120131531234144
 20
0.2166113048597069
1001
AcDbBlockRepETag
1070
     1
1071
       15
1005
308
  0
LWPOLYLINE
  5
309
330
2F2
100
AcDbEntity
  8
EQUIPOS COCINA
284
     1
100
AcDbPolyline
 90
        4
 70
     1
 43
0.0
 10
-0.233975571533741
 20
0.2273342468689734
 10
-0.233975571533741
 20
0.2234452994175193
 10
-0.2084010230929259
 20
0.2234452994175193
 10
-0.2084010230929259
 20
0.2273342468689734
1001
AcDbBlockRepETag
1070
     1
1071
       16
1005
309
  0
LWPOLYLINE
  5
30A
330
2F2
100
AcDbEntity
  8
EQUIPOS COCINA
284
     1
100
AcDbPolyline
 90
       16
 70
     1
 43
0.0
 10
-0.2468886334720046
 20
0.2252550736262428
 42
0.1636012132971816
 10
-0.2453029510943832
 20
0.2205386018116215
 42
0.1059107464049906
 10
-0.2395676686275887
 20
0.2155979505340586
 42
0.06948534465570642
 10
-0.2319594355418537
 20
0.212722712336735
 42
0.0557007557386758
 10
-0.2218932960105462
 20
0.2115978391757693
 42
0.05570075573868043
 10
-0.2118271564792316
 20
0.2127227123367358
 42
0.06948534465560235
 10
-0.2042189233935037
 20
0.2155979505340586
 42
0.1059107464051457
 10
-0.1984836409267128
 20
0.2205386018116215
 42
0.163601213297529
 10
-0.1968979585490878
 20
0.2252550736262428
 42
0.1636012132977042
 10
-0.1984836409267128
 20
0.2299715454408588
 42
0.105910746405415
 10
-0.2042189233935037
 20
0.2349121967184271
 42
0.06948534465568031
 10
-0.2118271564792351
 20
0.2377874349157498
 42
0.05570075573869997
 10
-0.2218932960105462
 20
0.2389123080767163
 42
0.05570075573866603
 10
-0.2319594355418555
 20
0.2377874349157507
 42
0.06948534465566743
 10
-0.2395676686275887
 20
0.2349121967184271
 42
0.1059107464050682
 10
-0.2453029510943814
 20
0.2299715454408641
 42
0.1636012132973553
1001
AcDbBlockRepETag
1070
     1
1071
       17
1005
30A
  0
LWPOLYLINE
  5
30B
330
2F2
100
AcDbEntity
  8
EQUIPOS COCINA
284
     1
100
AcDbPolyline
 90
       16
 70
     1
 43
0.0
 10
-0.1758232779035971
 20
0.2252550736262428
 42
0.1636012132971816
 10
-0.1742375955259756
 20
0.2205386018116215
 42
0.1059107464049906
 10
-0.1685023130591812
 20
0.2155979505340586
 42
0.06948534465570642
 10
-0.1608940799734462
 20
0.212722712336735
 42
0.0557007557386758
 10
-0.1508279404421387
 20
0.2115978391757693
 42
0.05570075573868043
 10
-0.140761800910824
 20
0.2127227123367358
 42
0.06948534465560235
 10
-0.1331535678250961
 20
0.2155979505340586
 42
0.1059107464051457
 10
-0.1274182853583052
 20
0.2205386018116215
 42
0.163601213297529
 10
-0.1258326029806802
 20
0.2252550736262428
 42
0.1636012132977042
 10
-0.1274182853583052
 20
0.2299715454408588
 42
0.105910746405415
 10
-0.1331535678250961
 20
0.2349121967184271
 42
0.06948534465568031
 10
-0.1407618009108276
 20
0.2377874349157498
 42
0.05570075573869997
 10
-0.1508279404421387
 20
0.2389123080767163
 42
0.05570075573866603
 10
-0.160894079973448
 20
0.2377874349157507
 42
0.06948534465566743
 10
-0.1685023130591812
 20
0.2349121967184271
 42
0.1059107464050682
 10
-0.1742375955259738
 20
0.2299715454408641
 42
0.1636012132973553
1001
AcDbBlockRepETag
1070
     1
1071
       18
1005
30B
  0
LWPOLYLINE
  5
30C
330
2F2
100
AcDbEntity
  8
EQUIPOS COCINA
284
     1
100
AcDbPolyline
 90
        4
 70
     1
 43
0.0
 10
-0.1629102159653335
 20
0.2273342468689734
 10
-0.1629102159653335
 20
0.2234452994175193
 10
-0.1373356675245183
 20
0.2234452994175193
 10
-0.1373356675245183
 20
0.2273342468689734
1001
AcDbBlockRepETag
1070
     1
1071
       19
1005
30C
  0
LWPOLYLINE
  5
30D
330
2F2
100
AcDbEntity
  8
EQUIPOS COCINA
284
     1
100
AcDbPolyline
 90
        4
 70
     1
 43
0.0
 10
-0.06834457455862331
 20
0.2305744260159976
 10
-0.06834457455862331
 20
0.2150678638107692
 10
-0.05726038649452714
 20
0.2150678638107692
 10
-0.05726038649452714
 20
0.2305744260159976
1001
AcDbBlockRepETag
1070
     1
1071
       20
1005
30D
  0
LWPOLYLINE
  5
30E
330
2F2
100
AcDbEntity
  8
EQUIPOS COCINA
284
     1
100
AcDbPolyline
 90
        4
 70
     1
 43
0.0
 10
-0.04395943360239651
 20
0.2305744260159976
 10
-0.04395943360239651
 20
0.2150678638107692
 10
-0.03287524553830035
 20
0.2150678638107692
 10
-0.03287524553830035
 20
0.2305744260159976
1001
AcDbBlockRepETag
1070
     1
1071
       21
1005
30E
  0
ENDBLK
  5
30F
330
2F2
100
AcDbEntity
  8
0
100
AcDbBlockEnd
  0
BLOCK
  5
327
330
324
100
AcDbEntity
  8
0
100
AcDbBlockBegin
  2
M-Rec 13 6p
 70
     0
 10
0.0
 20
0.0
 30
0.0
  3
M-Rec 13 6p
  1

  0
LWPOLYLINE
  5
328
330
324
100
AcDbEntity
  8
0
100
AcDbPolyline
 90
        6
 70
     0
 43
0.0
 10
-0.3861533311845005
 20
-0.5440753551060027
 42
0.0
 10
-0.4961543306609055
 20
-0.5440763551105476
 42
-0.4142384090008754
 10
-0.526153331184501
 20
-0.514075355110549
 42
0.0
 10
-0.5261533311845028
 20
-0.1740793551105355
 42
-0.4141452279679309
 10
-0.4961543311844991
 20
-0.1440733551105211
 42
0.0
 10
-0.3861533311845022
 20
-0.1440728551105224
 42
0.0
  0
LWPOLYLINE
  5
329
330
324
100
AcDbEntity
  8
0
100
AcDbPolyline
 90
        4
 70
     0
 43
0.0
 10
-0.526153331184501
 20
-0.4940793551105287
 10
-0.5561523311845047
 20
-0.4940793551105287
 10
-0.5561513311845019
 20
-0.1940753551105274
 10
-0.5261523311845053
 20
-0.1940753551105274
  0
LWPOLYLINE
  5
32A
330
324
100
AcDbEntity
  8
0
100
AcDbPolyline
 90
        6
 70
     0
 43
0.0
 10
-0.5561523311845047
 20
-0.4940793551105287
 10
-0.5561523311845047
 20
-0.514075355110549
 10
-0.5761563311845048
 20
-0.514075355110549
 10
-0.5761563311845066
 20
-0.1740793551105355
 10
-0.5561523311845065
 20
-0.1740793551105355
 10
-0.5561513311845019
 20
-0.1940753551105274
  0
LWPOLYLINE
  5
32B
330
324
100
AcDbEntity
  8
0
100
AcDbPolyline
 90
        4
 70
     1
 43
0.0
 10
-0.3861533311845005
 20
-0.7440793551105287
 10
-0.3861533311845022
 20
0.7559216448894688
 10
0.4138426688154979
 20
0.7559196448894738
 10
0.4138426688154997
 20
-0.7440803551105262
  0
LWPOLYLINE
  5
32C
330
324
100
AcDbEntity
  8
0
100
AcDbPolyline
 90
        6
 70
     0
 43
0.0
 38
-0.5245
 10
-0.3861533311845022
 20
0.1559226448940194
 42
0.0
 10
-0.4961543306609073
 20
0.1559216448894745
 42
-0.4142384090008754
 10
-0.5261533311845028
 20
0.1859226448894731
 42
0.0
 10
-0.5261533311845028
 20
0.5259186448894582
 42
-0.4141452279679309
 10
-0.4961543311844991
 20
0.5559246448894726
 42
0.0
 10
-0.3861533311845022
 20
0.5559251448894713
 42
0.0
  0
LWPOLYLINE
  5
32D
330
324
100
AcDbEntity
  8
0
100
AcDbPolyline
 90
        6
 70
     0
 43
0.0
 38
-0.5245
 10
-0.5561523311845065
 20
0.205918644889465
 10
-0.5561523311845065
 20
0.1859226448894731
 10
-0.5761563311845066
 20
0.1859226448894731
 10
-0.5761563311845066
 20
0.5259186448894582
 10
-0.5561523311845065
 20
0.5259186448894582
 10
-0.5561513311845019
 20
0.5059226448894663
  0
LWPOLYLINE
  5
32E
330
324
100
AcDbEntity
  8
0
100
AcDbPolyline
 90
        4
 70
     0
 43
0.0
 38
-0.5245
 10
-0.5261533311845028
 20
0.205918644889465
 10
-0.5561523311845065
 20
0.205918644889465
 10
-0.5561513311845019
 20
0.5059226448894663
 10
-0.5261523311845053
 20
0.5059226448894663
  0
LWPOLYLINE
  5
32F
330
324
100
AcDbEntity
  8
0
100
AcDbPolyline
 90
        4
 70
     0
 43
0.0
 38
-0.5245
 10
0.5538426688154949
 20
0.2059191448849447
 10
0.5838416688154915
 20
0.2059191448849447
 10
0.583840668815494
 20
0.5059231448849459
 10
0.5538416688154975
 20
0.5059231448849459
  0
LWPOLYLINE
  5
330
330
324
100
AcDbEntity
  8
0
100
AcDbPolyline
 90
        6
 70
     0
 43
0.0
 38
-0.5245
 10
0.5838416688154915
 20
0.2059191448849447
 10
0.5838416688154915
 20
0.1859231448849528
 10
0.6038456688154916
 20
0.1859231448849528
 10
0.6038456688154916
 20
0.5259191448849379
 10
0.5838416688154915
 20
0.5259191448849379
 10
0.583840668815494
 20
0.5059231448849459
  0
LWPOLYLINE
  5
331
330
324
100
AcDbEntity
  8
0
100
AcDbPolyline
 90
        6
 70
     0
 43
0.0
 38
-0.5245
 10
0.4138426688154979
 20
0.1559231448894991
 42
0.0
 10
0.5238436682918994
 20
0.1559221448849542
 42
0.4142384090008754
 10
0.5538426688154949
 20
0.1859231448849528
 42
0.0
 10
0.5538426688154949
 20
0.5259191448849379
 42
0.4141452279679309
 10
0.5238436688154984
 20
0.5559251448849523
 42
0.0
 10
0.4138426688154979
 20
0.555925644884951
 42
0.0
  0
LWPOLYLINE
  5
332
330
324
100
AcDbEntity
  8
0
100
AcDbPolyline
 90
        6
 70
     0
 43
0.0
 10
0.5838416688154933
 20
-0.494078855115049
 10
0.5838416688154933
 20
-0.5140748551150693
 10
0.6038456688154934
 20
-0.5140748551150693
 10
0.6038456688154916
 20
-0.1740788551150558
 10
0.5838416688154915
 20
-0.1740788551150558
 10
0.583840668815494
 20
-0.1940748551150477
  0
LWPOLYLINE
  5
333
330
324
100
AcDbEntity
  8
0
100
AcDbPolyline
 90
        4
 70
     0
 43
0.0
 10
0.5538426688154967
 20
-0.494078855115049
 10
0.5838416688154933
 20
-0.494078855115049
 10
0.583840668815494
 20
-0.1940748551150477
 10
0.5538416688154975
 20
-0.1940748551150477
  0
LWPOLYLINE
  5
334
330
324
100
AcDbEntity
  8
0
100
AcDbPolyline
 90
        6
 70
     0
 43
0.0
 10
0.4138426688154997
 20
-0.544074855110523
 42
0.0
 10
0.5238436682919012
 20
-0.544075855115068
 42
0.4142384090008754
 10
0.5538426688154967
 20
-0.5140748551150693
 42
0.0
 10
0.5538426688154949
 20
-0.1740788551150558
 42
0.4141452279679309
 10
0.5238436688154984
 20
-0.1440728551150698
 42
0.0
 10
0.4138426688154979
 20
-0.1440723551150427
 42
0.0
  0
LWPOLYLINE
  5
335
330
324
100
AcDbEntity
  8
0
100
AcDbPolyline
 90
        6
 70
     0
 43
0.0
 10
-0.1949448598330434
 20
0.7559206448895281
 42
0.0
 10
-0.1949458598375884
 20
0.8659216443659261
 42
-0.4142384090008754
 10
-0.1649448598375898
 20
0.8959206448895145
 42
0.0
 10
0.1750511401623953
 20
0.8959206448895145
 42
-0.4141452279679309
 10
0.2050571401624097
 20
0.8659216448895108
 42
0.0
 10
0.2050576401624085
 20
0.7559206448895281
 42
0.0
  0
LWPOLYLINE
  5
336
330
324
100
AcDbEntity
  8
0
100
AcDbPolyline
 90
        6
 70
     0
 43
0.0
 10
-0.1449488598375979
 20
0.9259196448895182
 10
-0.1649448598375898
 20
0.9259196448895182
 10
-0.1649448598375898
 20
0.9459236448895183
 10
0.1750511401623953
 20
0.9459236448895183
 10
0.1750511401623953
 20
0.9259196448895182
 10
0.1550551401624034
 20
0.9259186448895207
  0
LWPOLYLINE
  5
337
330
324
100
AcDbEntity
  8
0
100
AcDbPolyline
 90
        4
 70
     0
 43
0.0
 10
-0.1449488598375979
 20
0.8959206448895145
 10
-0.1449488598375979
 20
0.9259196448895182
 10
0.1550551401624034
 20
0.9259186448895207
 10
0.1550551401624034
 20
0.895919644889517
  0
LWPOLYLINE
  5
338
330
324
100
AcDbEntity
  8
0
100
AcDbPolyline
 90
        6
 70
     0
 43
0.0
 10
-0.1949448598330417
 20
-0.7440783551105881
 42
0.0
 10
-0.1949458598375866
 20
-0.854079354586986
 42
0.4142384090008754
 10
-0.164944859837588
 20
-0.8840783551105744
 42
0.0
 10
0.1750511401623971
 20
-0.8840783551105744
 42
0.4141452279679309
 10
0.2050571401624115
 20
-0.8540793551105708
 42
0.0
 10
0.2050576401624102
 20
-0.7440783551105881
 42
0.0
  0
LWPOLYLINE
  5
339
330
324
100
AcDbEntity
  8
0
100
AcDbPolyline
 90
        6
 70
     0
 43
0.0
 10
-0.1449488598375961
 20
-0.9140773551105781
 10
-0.164944859837588
 20
-0.9140773551105781
 10
-0.164944859837588
 20
-0.9340813551105782
 10
0.1750511401623971
 20
-0.9340813551105782
 10
0.1750511401623971
 20
-0.9140773551105781
 10
0.1550551401624052
 20
-0.9140763551105806
  0
LWPOLYLINE
  5
33A
330
324
100
AcDbEntity
  8
0
100
AcDbPolyline
 90
        4
 70
     0
 43
0.0
 10
-0.1449488598375961
 20
-0.8840783551105744
 10
-0.1449488598375961
 20
-0.9140773551105781
 10
0.1550551401624052
 20
-0.9140763551105806
 10
0.1550551401624052
 20
-0.8840773551105769
  0
ENDBLK
  5
33B
330
324
100
AcDbEntity
  8
0
100
AcDbBlockEnd
  0
BLOCK
  5
34D
330
34A
100
AcDbEntity
  8
0
100
AcDbBlockBegin
  2
bed serv
 70
     0
 10
0.0
 20
0.0
 30
0.0
  3
bed serv
  1

  0
LINE
  5
34E
330
34A
100
AcDbEntity
  8
MOBILIARIO
100
AcDbLine
 10
1280.884682381851
 20
524.9659401539677
 30
-1.694065894508601E-21
 11
1280.884682381851
 21
523.0659401539694
 31
-1.694065894508601E-21
  0
LINE
  5
34F
330
34A
100
AcDbEntity
  8
MOBILIARIO
100
AcDbLine
 10
1280.844682381851
 20
524.5159401539681
 30
-1.694065894508601E-21
 11
1280.134682381852
 21
524.5159401539681
 31
-1.694065894508601E-21
  0
LINE
  5
350
330
34A
100
AcDbEntity
  8
MOBILIARIO
100
AcDbLine
 10
1280.084682381852
 20
523.0659401539694
 30
-1.694065894508601E-21
 11
1280.084682381852
 21
524.9659401539677
 31
-1.694065894508601E-21
  0
LINE
  5
351
330
34A
100
AcDbEntity
  8
MOBILIARIO
100
AcDbLine
 10
1280.884682381851
 20
523.0659401539694
 30
-1.694065894508601E-21
 11
1280.084682381852
 21
523.0659401539694
 31
-1.694065894508601E-21
  0
LINE
  5
352
330
34A
100
AcDbEntity
  8
MOBILIARIO
100
AcDbLine
 10
1280.084682381852
 20
524.9659401539677
 30
-1.694065894508601E-21
 11
1280.884682381851
 21
524.9659401539677
 31
-1.694065894508601E-21
  0
LINE
  5
353
330
34A
100
AcDbEntity
  8
MOBILIARIO
100
AcDbLine
 10
1280.844682381851
 20
524.5159401539681
 30
-1.694065894508601E-21
 11
1280.844682381851
 21
524.9159401539678
 31
-1.694065894508601E-21
  0
LINE
  5
354
330
34A
100
AcDbEntity
  8
MOBILIARIO
100
AcDbLine
 10
1280.844682381851
 20
524.9159401539678
 30
-1.694065894508601E-21
 11
1280.134682381852
 21
524.9159401539678
 31
-1.694065894508601E-21
  0
LINE
  5
355
330
34A
100
AcDbEntity
  8
0
100
AcDbLine
 10
1280.134682381852
 20
524.9159401539678
 30
-1.694065894508601E-21
 11
1280.134682381852
 21
524.9159401539678
 31
-1.694065894508601E-21
  0
LINE
  5
356
330
34A
100
AcDbEntity
  8
MOBILIARIO
100
AcDbLine
 10
1280.134682381852
 20
524.9159401539678
 30
-1.694065894508601E-21
 11
1280.134682381852
 21
524.5159401539681
 31
-1.694065894508601E-21
  0
LINE
  5
357
330
34A
100
AcDbEntity
  8
MOBILIARIO
100
AcDbLine
 10
1280.884682381851
 20
524.490940153968
 30
-1.694065894508601E-21
 11
1280.084682381852
 21
524.2319384980472
 31
-1.694065894508601E-21
  0
LINE
  5
358
330
34A
100
AcDbEntity
  8
MOBILIARIO
100
AcDbLine
 10
1280.084682381852
 20
524.2319384980472
 30
-1.694065894508601E-21
 11
1280.084682381852
 21
524.2319384980472
 31
-1.694065894508601E-21
  0
LINE
  5
359
330
34A
100
AcDbEntity
  8
MOBILIARIO
100
AcDbLine
 10
1280.248557619364
 20
524.0308189472207
 30
-1.694065894508601E-21
 11
1280.248557619364
 21
524.0308189472207
 31
-1.694065894508601E-21
  0
LINE
  5
35A
330
34A
100
AcDbEntity
  8
MOBILIARIO
100
AcDbLine
 10
1280.248557619364
 20
524.0308189472207
 30
-1.694065894508601E-21
 11
1280.884682381851
 21
524.490940153968
 31
-1.694065894508601E-21
  0
ARC
  5
35B
330
34A
100
AcDbEntity
  8
MOBILIARIO
100
AcDbCircle
 10
1280.059912254146
 20
524.04443164452
 30
-1.694065894508601E-21
 40
0.1891358753547115
100
AcDbArc
 50
355.8726759277789
 51
82.4746564317784
  0
ENDBLK
  5
35C
330
34A
100
AcDbEntity
  8
0
100
AcDbBlockEnd
  0
BLOCK
  5
36E
330
36B
100
AcDbEntity
  8
0
100
AcDbBlockBegin
  2
HABDS
 70
     0
 10
0.0
 20
0.0
 30
0.0
  3
HABDS
  1

  0
ARC
  5
36F
330
36B
100
AcDbEntity
  8
MOBILIARIO
100
AcDbCircle
 10
221.4330172608613
 20
-5.348535073963573
 30
-2.813242998901642E-07
 40
0.5348867147543297
100
AcDbArc
 50
343.7397950000019
 51
16.26020499999811
  0
LINE
  5
370
330
36B
100
AcDbEntity
  8
MOBILIARIO
100
AcDbLine
 10
223.3827705391024
 20
-5.605280697044046
 30
-2.813242998901642E-07
 11
221.8823221012547
 21
-5.605280697044035
 31
-2.813242998901642E-07
  0
LINE
  5
371
330
36B
100
AcDbEntity
  8
MOBILIARIO
100
AcDbLine
 10
223.3827705391024
 20
-5.54109429127085
 30
-2.813242998901642E-07
 11
221.8823221012547
 21
-5.541094291270836
 31
-2.813242998901642E-07
  0
LINE
  5
372
330
36B
100
AcDbEntity
  8
MOBILIARIO
100
AcDbLine
 10
221.946508507026
 20
-5.498303354092807
 30
-2.813242998901642E-07
 11
222.5525589705011
 21
-5.498303354092831
 31
-2.813242998901642E-07
  0
LINE
  5
373
330
36B
100
AcDbEntity
  8
MOBILIARIO
100
AcDbLine
 10
222.5525589705011
 20
-5.198766793828222
 30
-2.813242998901642E-07
 11
221.8823221012548
 21
-5.198766793828211
 31
-2.813242998901642E-07
  0
LINE
  5
374
330
36B
100
AcDbEntity
  8
MOBILIARIO
100
AcDbLine
 10
222.8906747615285
 20
-4.9848121079319
 30
-2.813242998901642E-07
 11
221.8823221012548
 21
-4.984812107931875
 31
-2.813242998901642E-07
  0
LINE
  5
375
330
36B
100
AcDbEntity
  8
MOBILIARIO
100
AcDbLine
 10
222.6167453762716
 20
-5.155975856650171
 30
-2.813242998901642E-07
 11
221.8823221012548
 21
-5.155975856650146
 31
-2.813242998901642E-07
  0
LINE
  5
376
330
36B
100
AcDbEntity
  8
MOBILIARIO
100
AcDbLine
 10
221.9465085070253
 20
-3.699204014645007
 30
-2.813242998901642E-07
 11
223.3185841333319
 21
-3.699204014645018
 31
-2.813242998901642E-07
  0
LINE
  5
377
330
36B
100
AcDbEntity
  8
MOBILIARIO
100
AcDbLine
 10
221.8823221012547
 20
-5.476907885503804
 30
-2.813242998901642E-07
 11
221.882322101255
 21
-3.763390420412039
 31
-2.813242998901642E-07
  0
ARC
  5
378
330
36B
100
AcDbEntity
  8
MOBILIARIO
100
AcDbCircle
 10
221.9465085070253
 20
-3.763390420412039
 30
-2.813242998901642E-07
 40
0.06418640577051954
100
AcDbArc
 50
90.0
 51
180.0
  0
LINE
  5
379
330
36B
100
AcDbEntity
  8
MOBILIARIO
100
AcDbLine
 10
221.9465085070253
 20
-5.198766793828211
 30
-2.813242998901642E-07
 11
221.9465085070253
 21
-5.498303354092807
 31
-2.813242998901642E-07
  0
ARC
  5
37A
330
36B
100
AcDbEntity
  8
MOBILIARIO
100
AcDbCircle
 10
221.9465085070253
 20
-5.476907885503804
 30
-2.813242998901642E-07
 40
0.06418640577051954
100
AcDbArc
 50
180.0
 51
270.0
  0
LINE
  5
37B
330
36B
100
AcDbEntity
  8
MOBILIARIO
100
AcDbLine
 10
221.8823221012547
 20
-5.541094291270836
 30
-2.813242998901642E-07
 11
221.8823221012547
 21
-5.605280697044035
 31
-2.813242998901642E-07
  0
ARC
  5
37C
330
36B
100
AcDbEntity
  8
MOBILIARIO
100
AcDbCircle
 10
222.5583092483389
 20
-4.377309135447605
 30
-2.813242998901642E-07
 40
0.7808563514371274
100
AcDbArc
 50
274.291797130785
 51
291.7675748844028
  0
ARC
  5
37D
330
36B
100
AcDbEntity
  8
MOBILIARIO
100
AcDbCircle
 10
222.4774665044511
 20
-4.572059117046459
 30
-2.813242998901642E-07
 40
0.5848095095457708
100
AcDbArc
 50
273.1663031069729
 51
312.0658014523627
  0
LINE
  5
37E
330
36B
100
AcDbEntity
  8
MOBILIARIO
100
AcDbLine
 10
222.612533669856
 20
-5.498303354092831
 30
-2.813242998901642E-07
 11
223.3185841333319
 21
-5.498303354092831
 31
-2.813242998901642E-07
  0
LINE
  5
37F
330
36B
100
AcDbEntity
  8
MOBILIARIO
100
AcDbLine
 10
223.3185841333319
 20
-5.198766793828222
 30
-2.813242998901642E-07
 11
222.612533669856
 21
-5.198766793828222
 31
-2.813242998901642E-07
  0
LINE
  5
380
330
36B
100
AcDbEntity
  8
MOBILIARIO
100
AcDbLine
 10
222.5525589705011
 20
-5.498303354092831
 30
-2.813242998901642E-07
 11
222.5525589705011
 21
-5.198766793828222
 31
-2.813242998901642E-07
  0
ARC
  5
381
330
36B
100
AcDbEntity
  8
MOBILIARIO
100
AcDbCircle
 10
223.0660502166655
 20
-5.348535073963587
 30
-2.813242998901642E-07
 40
0.5348867147543297
100
AcDbArc
 50
163.7397950000019
 51
196.2602049999981
  0
ARC
  5
382
330
36B
100
AcDbEntity
  8
MOBILIARIO
100
AcDbCircle
 10
222.0990424236921
 20
-5.348535073963587
 30
-2.813242998901642E-07
 40
0.5348867147543297
100
AcDbArc
 50
343.7397950000019
 51
16.26020499999811
  0
LINE
  5
383
330
36B
100
AcDbEntity
  8
MOBILIARIO
100
AcDbLine
 10
222.612533669856
 20
-5.198766793828222
 30
-2.813242998901642E-07
 11
222.612533669856
 21
-5.498303354092831
 31
-2.813242998901642E-07
  0
ARC
  5
384
330
36B
100
AcDbEntity
  8
MOBILIARIO
100
AcDbCircle
 10
223.350677336217
 20
-5.589234095599219
 30
-2.813242998901642E-07
 40
0.7560846439880472
100
AcDbArc
 50
87.56726000000079
 51
129.5460809999994
  0
ARC
  5
385
330
36B
100
AcDbEntity
  8
MOBILIARIO
100
AcDbCircle
 10
223.4986626677643
 20
-6.965675901104932
 30
-2.813242998901642E-07
 40
1.973571703988267
100
AcDbArc
 50
93.36646100000243
 51
109.2534040000018
  0
LINE
  5
386
330
36B
100
AcDbEntity
  8
MOBILIARIO
100
AcDbLine
 10
223.3827705391024
 20
-3.763390420412064
 30
-2.813242998901642E-07
 11
223.3827705391024
 21
-5.476907885503815
 31
-2.813242998901642E-07
  0
ARC
  5
387
330
36B
100
AcDbEntity
  8
MOBILIARIO
100
AcDbCircle
 10
223.3185841333319
 20
-3.763390420412064
 30
-2.813242998901642E-07
 40
0.06418640577051954
100
AcDbArc
 50
1.272221872585407E-14
 51
90.0
  0
ARC
  5
388
330
36B
100
AcDbEntity
  8
MOBILIARIO
100
AcDbCircle
 10
223.8320753794958
 20
-5.348535073963587
 30
-2.813242998901642E-07
 40
0.5348867147543297
100
AcDbArc
 50
163.7397950000019
 51
196.2602049999981
  0
LINE
  5
389
330
36B
100
AcDbEntity
  8
MOBILIARIO
100
AcDbLine
 10
223.3185841333319
 20
-5.498303354092831
 30
-2.813242998901642E-07
 11
223.3185841333319
 21
-5.198766793828222
 31
-2.813242998901642E-07
  0
LINE
  5
38A
330
36B
100
AcDbEntity
  8
MOBILIARIO
100
AcDbLine
 10
223.3827705391024
 20
-5.54109429127085
 30
-2.813242998901642E-07
 11
223.3827705391024
 21
-5.605280697044046
 31
-2.813242998901642E-07
  0
ARC
  5
38B
330
36B
100
AcDbEntity
  8
MOBILIARIO
100
AcDbCircle
 10
223.3185841333319
 20
-5.476907885503815
 30
-2.813242998901642E-07
 40
0.06418640577051954
100
AcDbArc
 50
270.0
 51
1.272221872585407E-14
  0
LINE
  5
38C
330
36B
100
AcDbEntity
  8
MOBILIARIO
100
AcDbLine
 10
223.8508901268685
 20
-5.277231278300379
 30
-2.813220203277353E-07
 11
223.8098839495255
 21
-5.277231278300379
 31
-2.813220203277353E-07
  0
LINE
  5
38D
330
36B
100
AcDbEntity
  8
MOBILIARIO
100
AcDbLine
 10
223.8098839495255
 20
-5.277231278300379
 30
-2.813220203277353E-07
 11
223.8098839495255
 21
-5.236225100957435
 31
-2.813220203277353E-07
  0
LINE
  5
38E
330
36B
100
AcDbEntity
  8
MOBILIARIO
100
AcDbLine
 10
223.8098839495255
 20
-5.236225100957435
 30
-2.813220203277353E-07
 11
223.481834530782
 21
-5.236225100957435
 31
-2.813220203277353E-07
  0
LINE
  5
38F
330
36B
100
AcDbEntity
  8
MOBILIARIO
100
AcDbLine
 10
223.481834530782
 20
-5.236225100957435
 30
-2.813220203277353E-07
 11
223.481834530782
 21
-5.277231278300379
 31
-2.813220203277353E-07
  0
LINE
  5
390
330
36B
100
AcDbEntity
  8
MOBILIARIO
100
AcDbLine
 10
223.440828353439
 20
-5.277231278300379
 30
-2.813220203277353E-07
 11
223.440828353439
 21
-5.605280697044046
 31
-2.813220203277353E-07
  0
LINE
  5
391
330
36B
100
AcDbEntity
  8
MOBILIARIO
100
AcDbLine
 10
223.440828353439
 20
-5.605280697044046
 30
-2.813220203277353E-07
 11
223.8508901268685
 21
-5.605280697044046
 31
-2.813220203277353E-07
  0
LINE
  5
392
330
36B
100
AcDbEntity
  8
MOBILIARIO
100
AcDbLine
 10
223.8508901268685
 20
-5.605280697044046
 30
-2.813220203277353E-07
 11
223.8508901268685
 21
-5.277231278300379
 31
-2.813220203277353E-07
  0
LINE
  5
393
330
36B
100
AcDbEntity
  8
MOBILIARIO
100
AcDbLine
 10
223.8508901268685
 20
-5.277231278300379
 30
-2.813220203277353E-07
 11
223.440828353439
 21
-5.277231278300379
 31
-2.813220203277353E-07
  0
LINE
  5
394
330
36B
100
AcDbEntity
  8
MOBILIARIO
100
AcDbLine
 10
221.4142025134886
 20
-5.277231278300379
 30
-2.813220203277353E-07
 11
221.4552086908316
 21
-5.277231278300379
 31
-2.813220203277353E-07
  0
LINE
  5
395
330
36B
100
AcDbEntity
  8
MOBILIARIO
100
AcDbLine
 10
221.4552086908316
 20
-5.277231278300379
 30
-2.813220203277353E-07
 11
221.4552086908316
 21
-5.236225100957435
 31
-2.813220203277353E-07
  0
LINE
  5
396
330
36B
100
AcDbEntity
  8
MOBILIARIO
100
AcDbLine
 10
221.4552086908316
 20
-5.236225100957435
 30
-2.813220203277353E-07
 11
221.7832581095752
 21
-5.236225100957435
 31
-2.813220203277353E-07
  0
LINE
  5
397
330
36B
100
AcDbEntity
  8
MOBILIARIO
100
AcDbLine
 10
221.7832581095752
 20
-5.236225100957435
 30
-2.813220203277353E-07
 11
221.7832581095752
 21
-5.277231278300379
 31
-2.813220203277353E-07
  0
LINE
  5
398
330
36B
100
AcDbEntity
  8
MOBILIARIO
100
AcDbLine
 10
221.8242642869182
 20
-5.277231278300379
 30
-2.813220203277353E-07
 11
221.8242642869182
 21
-5.605280697044046
 31
-2.813220203277353E-07
  0
LINE
  5
399
330
36B
100
AcDbEntity
  8
MOBILIARIO
100
AcDbLine
 10
221.8242642869182
 20
-5.605280697044046
 30
-2.813220203277353E-07
 11
221.4142025134886
 21
-5.605280697044046
 31
-2.813220203277353E-07
  0
LINE
  5
39A
330
36B
100
AcDbEntity
  8
MOBILIARIO
100
AcDbLine
 10
221.4142025134886
 20
-5.605280697044046
 30
-2.813220203277353E-07
 11
221.4142025134886
 21
-5.277231278300379
 31
-2.813220203277353E-07
  0
LINE
  5
39B
330
36B
100
AcDbEntity
  8
MOBILIARIO
100
AcDbLine
 10
221.4142025134886
 20
-5.277231278300379
 30
-2.813220203277353E-07
 11
221.8242642869182
 21
-5.277231278300379
 31
-2.813220203277353E-07
  0
ENDBLK
  5
39C
330
36B
100
AcDbEntity
  8
0
100
AcDbBlockEnd
  0
BLOCK
  5
39F
330
39E
100
AcDbEntity
  8
0
100
AcDbBlockBegin
  2
cols
 70
     0
 10
0.0
 20
0.0
 30
0.0
  3
cols
  1

  0
LINE
  5
3A0
330
39E
100
AcDbEntity
  8
A-WALL
100
AcDbLine
 10
303.4425681283467
 20
-41.86111204797044
 30
0.0
 11
303.6425681283467
 21
-41.86111204797044
 31
0.0
  0
LINE
  5
3A1
330
39E
100
AcDbEntity
  8
A-WALL
100
AcDbLine
 10
303.6425681283467
 20
-41.86111204797044
 30
0.0
 11
303.6425681283467
 21
-41.46111204797044
 31
0.0
  0
LINE
  5
3A2
330
39E
100
AcDbEntity
  8
A-WALL
100
AcDbLine
 10
303.6425681283467
 20
-41.46111204797044
 30
0.0
 11
303.4425681283467
 21
-41.46111204797044
 31
0.0
  0
LINE
  5
3A3
330
39E
100
AcDbEntity
  8
A-WALL
100
AcDbLine
 10
303.4425681283467
 20
-41.46111204797044
 30
0.0
 11
303.4425681283467
 21
-41.86111204797044
 31
0.0
  0
ENDBLK
  5
3A4
330
39E
100
AcDbEntity
  8
0
100
AcDbBlockEnd
  0
BLOCK
  5
3A8
330
3A7
100
AcDbEntity
  8
0
100
AcDbBlockBegin
  2
t.v.
 70
     0
 10
0.0
 20
0.0
 30
0.0
  3
t.v.
  1

  0
LWPOLYLINE
  5
3A9
330
3A7
100
AcDbEntity
  8
MOBILIARIO
100
AcDbPolyline
 90
        4
 70
     1
 43
0.0
 38
-7.098659818372348E-05
210
-2.737459194592746E-11
220
-1.539501203601899E-10
230
1.0
 10
230.8610904904668
 20
26.47742010518749
 10
231.256303896154
 20
26.47742010633891
 10
231.2563038921766
 20
27.73238494294464
 10
230.8610904864876
 20
27.73238494179322
1001
AcDbBlockRepETag
1070
     1
1071
       58
1005
3A9
  0
LINE
  5
3AA
330
3A7
100
AcDbEntity
  8
MOBILIARIO
100
AcDbLine
 10
231.1814786914257
 20
26.5723635451376
 30
-7.181398054277877E-05
 11
231.1814786898439
 21
27.63236353717803
 31
5.808718174477913E-05
210
-2.643679161129127E-05
220
-0.0001225482663056409
230
0.9999999921415094
  0
LINE
  5
3AB
330
3A7
100
AcDbEntity
  8
MOBILIARIO
100
AcDbLine
 10
231.1814786898439
 20
27.63236353717803
 30
5.808718174477913E-05
 11
231.2279908598603
 21
27.63236353709662
 31
5.931681429057872E-05
210
-2.643679161129127E-05
220
-0.0001225482663056409
230
0.9999999921415094
  0
LINE
  5
3AC
330
3A7
100
AcDbEntity
  8
MOBILIARIO
100
AcDbLine
 10
231.2279908598603
 20
27.63236353709662
 30
5.931681429057872E-05
 11
231.2279908614421
 21
26.57236354505631
 31
-7.058434799696517E-05
210
-2.643679161129127E-05
220
-0.0001225482663056409
230
0.9999999921415094
  0
LINE
  5
3AD
330
3A7
100
AcDbEntity
  8
MOBILIARIO
100
AcDbLine
 10
231.2279908614421
 20
26.57236354505631
 30
-7.058434799696517E-05
 11
231.1814786914257
 21
26.5723635451376
 31
-7.181398054277877E-05
210
-2.643679161129127E-05
220
-0.0001225482663056409
230
0.9999999921415094
  0
ELLIPSE
  5
3AE
330
3A7
100
AcDbEntity
  8
MOBILIARIO
100
AcDbEllipse
 10
231.7081018102766
 20
26.9314486401344
 30
-1.388649858874942E-05
 11
-0.0731366889321632
 21
1.223319339717707
 31
0.0001479821659790434
210
-2.643679161129128E-05
220
-0.0001225482663056409
230
0.9999999921415091
 40
0.455102243524774
 41
1.35122308931577
 42
1.790369564271081
  0
ELLIPSE
  5
3AF
330
3A7
100
AcDbEntity
  8
MOBILIARIO
100
AcDbEllipse
 10
231.7074264899913
 20
27.3255168216903
 30
3.438802094485313E-05
 11
0.07313668570816509
 21
0.9384584040486409
 31
0.0001169399506542985
210
-2.643679161129121E-05
220
-0.000122548266305641
230
0.9999999921415093
 40
0.5925072873391326
 41
1.351223089324745
 42
1.790369564267834
  0
ENDBLK
  5
3B0
330
3A7
100
AcDbEntity
  8
0
100
AcDbBlockEnd
  0
BLOCK
  5
3BF
330
3BE
100
AcDbEntity
  8
0
100
AcDbBlockBegin
  2
mesita1
 70
     0
 10
0.0
 20
0.0
 30
0.0
  3
mesita1
  1

  0
CIRCLE
  5
3C0
330
3BE
100
AcDbEntity
  8
0
100
AcDbCircle
 10
1871.492034270395
 20
917.6894534460966
 30
0.0
 40
0.3
  0
LWPOLYLINE
  5
3C1
330
3BE
100
AcDbEntity
  8
0
100
AcDbPolyline
 90
       12
 70
     1
 43
0.0
 10
1872.099837266347
 20
917.3364570999942
 42
-0.4142135623730951
 10
1872.099837266347
 20
917.081898658767
 42
0.0
 10
1872.099589057725
 20
917.0816504501447
 42
-0.4142135623730951
 10
1871.845030616498
 20
917.0816504501447
 42
0.0
 10
1871.706686144901
 20
917.2199949217414
 42
1.0
 10
1871.66425973803
 20
917.1775685148702
 42
0.0
 10
1871.802604209627
 20
917.0392240432735
 42
0.4142135623730951
 10
1872.142015464596
 20
917.0392240432735
 42
0.0
 10
1872.142263673218
 20
917.0394722518959
 42
0.4142135623730955
 10
1872.142263673218
 20
917.3788835068653
 42
0.0
 10
1872.003919201622
 20
917.5172279784621
 42
1.0
 10
1871.961492794751
 20
917.4748015715909
 42
0.0
  0
ARC
  5
3C2
330
3BE
100
AcDbEntity
  8
0
100
AcDbCircle
 10
1872.079061059331
 20
917.1024266571612
 30
0.0
 40
0.3728568362625241
100
AcDbArc
 50
106.1034455994743
 51
163.8965544001224
  0
ARC
  5
3C3
330
3BE
100
AcDbEntity
  8
0
100
AcDbCircle
 10
1870.90500748146
 20
917.1024266571612
 30
0.0
 40
0.3728568362625241
100
AcDbArc
 50
16.10344559987755
 51
73.89655440052569
  0
LWPOLYLINE
  5
3C4
330
3BE
100
AcDbEntity
  8
0
100
AcDbPolyline
 90
       12
 70
     1
 43
0.0
 10
1871.139037924293
 20
917.0816504501447
 42
-0.4142135623730951
 10
1870.884479483066
 20
917.0816504501447
 42
0.0
 10
1870.884231274443
 20
917.081898658767
 42
-0.4142135623730951
 10
1870.884231274443
 20
917.3364570999942
 42
0.0
 10
1871.02257574604
 20
917.4748015715909
 42
1.0
 10
1870.980149339169
 20
917.5172279784621
 42
0.0
 10
1870.841804867572
 20
917.3788835068653
 42
0.4142135623730951
 10
1870.841804867572
 20
917.0394722518959
 42
0.0
 10
1870.842053076195
 20
917.0392240432735
 42
0.4142135623730955
 10
1871.181464331164
 20
917.0392240432735
 42
0.0
 10
1871.319808802761
 20
917.1775685148702
 42
1.0
 10
1871.27738239589
 20
917.2199949217414
 42
0.0
  0
ARC
  5
3C5
330
3BE
100
AcDbEntity
  8
0
100
AcDbCircle
 10
1870.90500748146
 20
918.2764802350321
 30
0.0
 40
0.3728568362625241
100
AcDbArc
 50
286.1034455994743
 51
343.8965544001225
  0
LWPOLYLINE
  5
3C6
330
3BE
100
AcDbEntity
  8
0
100
AcDbPolyline
 90
       12
 70
     1
 43
0.0
 10
1870.884231274443
 20
918.0424497921991
 42
-0.4142135623730951
 10
1870.884231274443
 20
918.2970082334263
 42
0.0
 10
1870.884479483066
 20
918.2972564420486
 42
-0.4142135623730951
 10
1871.139037924293
 20
918.2972564420486
 42
0.0
 10
1871.27738239589
 20
918.1589119704519
 42
1.0
 10
1871.319808802761
 20
918.2013383773231
 42
0.0
 10
1871.181464331164
 20
918.3396828489198
 42
0.4142135623730951
 10
1870.842053076195
 20
918.3396828489198
 42
0.0
 10
1870.841804867572
 20
918.3394346402974
 42
0.4142135623730955
 10
1870.841804867572
 20
918.0000233853279
 42
0.0
 10
1870.980149339169
 20
917.8616789137312
 42
1.0
 10
1871.02257574604
 20
917.9041053206024
 42
0.0
  0
LWPOLYLINE
  5
3C7
330
3BE
100
AcDbEntity
  8
0
100
AcDbPolyline
 90
       12
 70
     1
 43
0.0
 10
1871.845030616498
 20
918.2972564420486
 42
-0.4142135623730951
 10
1872.099589057725
 20
918.2972564420486
 42
0.0
 10
1872.099837266347
 20
918.2970082334263
 42
-0.4142135623730951
 10
1872.099837266347
 20
918.0424497921991
 42
0.0
 10
1871.961492794751
 20
917.9041053206024
 42
1.0
 10
1872.003919201622
 20
917.8616789137312
 42
0.0
 10
1872.142263673219
 20
918.0000233853279
 42
0.4142135623730951
 10
1872.142263673219
 20
918.3394346402974
 42
0.0
 10
1872.142015464596
 20
918.3396828489198
 42
0.4142135623730955
 10
1871.802604209627
 20
918.3396828489198
 42
0.0
 10
1871.66425973803
 20
918.2013383773231
 42
1.0
 10
1871.706686144901
 20
918.1589119704519
 42
0.0
  0
ARC
  5
3C8
330
3BE
100
AcDbEntity
  8
0
100
AcDbCircle
 10
1872.079061059331
 20
918.2764802350321
 30
0.0
 40
0.3728568362625241
100
AcDbArc
 50
196.1034455998775
 51
253.8965544005257
  0
ENDBLK
  5
3C9
330
3BE
100
AcDbEntity
  8
0
100
AcDbBlockEnd
  0
BLOCK
  5
3EE
330
3ED
100
AcDbEntity
  8
0
100
AcDbBlockBegin
  2
freg
 70
     0
 10
0.0
 20
0.0
 30
0.0
  3
freg
  1

  0
LINE
  5
3EF
330
3ED
100
AcDbEntity
  8
10-MUEBLES
100
AcDbLine
 10
139.1216648783872
 20
-29.63001303317544
 30
-5.034531279694774E-12
 11
139.9616648783874
 21
-29.63001303317402
 31
-8.748482116234313E-12
  0
LINE
  5
3F0
330
3ED
100
AcDbEntity
  8
10-MUEBLES
100
AcDbLine
 10
139.1416648783876
 20
-29.65001303317542
 30
-4.869653261449172E-12
 11
139.9416648783874
 21
-29.650013033174
 31
-8.406749296237389E-12
  0
ARC
  5
3F1
330
3ED
100
AcDbEntity
  8
10-MUEBLES
100
AcDbCircle
 10
139.2516648783875
 20
-29.83001303317503
 30
1.42012705033024E-09
 40
0.08
100
AcDbArc
 50
90.00000000010422
 51
180.0000000000782
  0
LINE
  5
3F2
330
3ED
100
AcDbEntity
  8
10-MUEBLES
100
AcDbLine
 10
139.1216648783881
 20
-30.19001303317493
 30
2.058020455727059E-12
 11
139.9616648783883
 21
-30.19001303317397
 31
-1.65593038078601E-12
  0
LINE
  5
3F3
330
3ED
100
AcDbEntity
  8
10-MUEBLES
100
AcDbLine
 10
139.1416648783881
 20
-30.1700130331754
 30
1.716287635756605E-12
 11
139.9416648783878
 21
-30.17001303317398
 31
-1.820808399031612E-12
  0
ARC
  5
3F4
330
3ED
100
AcDbEntity
  8
10-MUEBLES
100
AcDbCircle
 10
139.251664878388
 20
-30.0600130331746
 30
1.420127050330214E-09
 40
0.08
100
AcDbArc
 50
180.0000000000782
 51
270.0000000001042
  0
ARC
  5
3F5
330
3ED
100
AcDbEntity
  8
10-MUEBLES
100
AcDbCircle
 10
139.6097448783875
 20
-29.80984803317456
 30
1.42012705033024E-09
 40
0.0125
100
AcDbArc
 50
213.0000000001005
 51
33.00000000010021
  0
ARC
  5
3F6
330
3ED
100
AcDbEntity
  8
10-MUEBLES
100
AcDbCircle
 10
139.6416648783874
 20
-29.83001303317435
 30
1.420127050330214E-09
 40
0.08
100
AcDbArc
 50
90.00000000010422
 51
125.3548030434287
  0
LINE
  5
3F7
330
3ED
100
AcDbEntity
  8
10-MUEBLES
100
AcDbLine
 10
139.6202273783874
 20
-29.80303803317458
 30
-5.047452074829234E-12
 11
139.5521291161446
 21
-29.69817408102888
 31
-6.074494825581131E-12
  0
ARC
  5
3F8
330
3ED
100
AcDbEntity
  8
10-MUEBLES
100
AcDbCircle
 10
139.6416648783879
 20
-30.06001303317391
 30
1.42012705033024E-09
 40
0.08
100
AcDbArc
 50
180.0000000000782
 51
270.0000000001042
  0
CIRCLE
  5
3F9
330
3ED
100
AcDbEntity
  8
10-MUEBLES
100
AcDbCircle
 10
139.7366648783874
 20
-29.94501303317402
 30
1.42012705033024E-09
 40
0.04
  0
LINE
  5
3FA
330
3ED
100
AcDbEntity
  8
10-MUEBLES
100
AcDbLine
 10
139.9116648783874
 20
-29.83001303317395
 30
-5.994359422839148E-12
 11
139.9116648783879
 21
-30.06001303317352
 31
-3.081347102924771E-12
  0
LINE
  5
3FB
330
3ED
100
AcDbEntity
  8
10-MUEBLES
100
AcDbLine
 10
139.9616648783874
 20
-29.63001303317402
 30
-8.748482116234313E-12
 11
139.9616648783883
 21
-30.19001303317397
 31
-1.65593038078601E-12
  0
LINE
  5
3FC
330
3ED
100
AcDbEntity
  8
10-MUEBLES
100
AcDbLine
 10
139.9416648783874
 20
-29.650013033174
 30
-8.406749296237389E-12
 11
139.9416648783878
 21
-30.17001303317398
 31
-1.820808399031612E-12
  0
LINE
  5
3FD
330
3ED
100
AcDbEntity
  8
10-MUEBLES
100
AcDbLine
 10
139.6416648783881
 20
-30.14001303317475
 30
-8.743555146646163E-13
 11
139.8316648783882
 21
-30.14001303317401
 31
-1.714415822937075E-12
  0
ARC
  5
3FE
330
3ED
100
AcDbEntity
  8
10-MUEBLES
100
AcDbCircle
 10
139.8316648783879
 20
-30.06001303317454
 30
1.42012705033024E-09
 40
0.08
100
AcDbArc
 50
270.0000000001042
 51
7.816531185164739E-11
  0
CIRCLE
  5
3FF
330
3ED
100
AcDbEntity
  8
10-MUEBLES
100
AcDbCircle
 10
139.7366648783874
 20
-29.94501303317402
 30
1.42012705033024E-09
 40
0.02
  0
LINE
  5
400
330
3ED
100
AcDbEntity
  8
10-MUEBLES
100
AcDbLine
 10
139.6416648783872
 20
-29.75001303317442
 30
-5.813811187575566E-12
 11
139.8316648783872
 21
-29.75001303317414
 31
-6.653871495848025E-12
  0
ARC
  5
401
330
3ED
100
AcDbEntity
  8
10-MUEBLES
100
AcDbCircle
 10
139.8316648783875
 20
-29.83001303317407
 30
1.42012705033024E-09
 40
0.08
100
AcDbArc
 50
7.816531185164739E-11
 51
90.00000000010422
  0
CIRCLE
  5
402
330
3ED
100
AcDbEntity
  8
10-MUEBLES
100
AcDbCircle
 10
139.3466648783876
 20
-29.94501303317515
 30
1.420127050330214E-09
 40
0.04
  0
LINE
  5
403
330
3ED
100
AcDbEntity
  8
10-MUEBLES
100
AcDbLine
 10
139.5216648783875
 20
-29.83001303317458
 30
-4.270025105863018E-12
 11
139.521664878388
 21
-30.06001303317414
 31
-1.357012785948641E-12
  0
LINE
  5
404
330
3ED
100
AcDbEntity
  8
10-MUEBLES
100
AcDbLine
 10
139.5616648783875
 20
-29.83001303317446
 30
-4.44687990761434E-12
 11
139.5616648783879
 21
-30.06001303317403
 31
-1.533867587699963E-12
  0
LINE
  5
405
330
3ED
100
AcDbEntity
  8
10-MUEBLES
100
AcDbLine
 10
139.2516648783882
 20
-30.14001303317498
 30
8.499788022850441E-13
 11
139.4416648783883
 21
-30.14001303317509
 31
9.918494012585578E-15
  0
ARC
  5
406
330
3ED
100
AcDbEntity
  8
10-MUEBLES
100
AcDbCircle
 10
139.4416648783881
 20
-30.06001303317471
 30
1.42012705033024E-09
 40
0.08
100
AcDbArc
 50
270.0000000001042
 51
7.816531185164739E-11
  0
CIRCLE
  5
407
330
3ED
100
AcDbEntity
  8
10-MUEBLES
100
AcDbCircle
 10
139.3466648783876
 20
-29.94501303317515
 30
1.420127050330214E-09
 40
0.02
  0
LINE
  5
408
330
3ED
100
AcDbEntity
  8
10-MUEBLES
100
AcDbLine
 10
139.2516648783873
 20
-29.7500130331751
 30
-4.089476870625906E-12
 11
139.4416648783874
 21
-29.75001303317476
 31
-4.929537178871895E-12
  0
ARC
  5
409
330
3ED
100
AcDbEntity
  8
10-MUEBLES
100
AcDbCircle
 10
139.4416648783871
 20
-29.83001303317469
 30
1.42012705033024E-09
 40
0.08000000000000185
100
AcDbArc
 50
7.816531185164739E-11
 51
90.00000000010422
  0
LINE
  5
40A
330
3ED
100
AcDbEntity
  8
10-MUEBLES
100
AcDbLine
 10
139.5311997814535
 20
-29.71185254683958
 30
-5.808717016393117E-12
 11
139.5992598783877
 21
-29.81665553317448
 31
-4.782277671187007E-12
  0
ARC
  5
40B
330
3ED
100
AcDbEntity
  8
10-MUEBLES
100
AcDbCircle
 10
139.6416648783874
 20
-29.83001303317435
 30
1.420127050330214E-09
 40
0.08
100
AcDbArc
 50
143.7083361796824
 51
180.0000000000782
  0
ARC
  5
40C
330
3ED
100
AcDbEntity
  8
10-MUEBLES
100
AcDbCircle
 10
139.5416648783873
 20
-29.70501303317458
 30
1.42012705033024E-09
 40
0.03750000000000009
100
AcDbArc
 50
322.4720752059285
 51
283.525898627581
  0
ARC
  5
40D
330
3ED
100
AcDbEntity
  8
10-MUEBLES
100
AcDbCircle
 10
139.5416648783873
 20
-29.70501303317458
 30
1.42012705033024E-09
 40
0.04715918612260905
100
AcDbArc
 50
318.3710637112687
 51
287.6272803322232
  0
ARC
  5
40E
330
3ED
100
AcDbEntity
  8
10-MUEBLES
100
AcDbCircle
 10
139.5416648783873
 20
-29.70501303317458
 30
1.42012705033024E-09
 40
0.01875
100
AcDbArc
 50
344.8131732993085
 51
261.1822547238481
  0
LINE
  5
40F
330
3ED
100
AcDbEntity
  8
10-MUEBLES
100
AcDbLine
 10
139.1716648783876
 20
-29.83001303317526
 30
-2.72254559063821E-12
 11
139.1716648783881
 21
-30.06001303317482
 31
1.904667292496972E-13
  0
LINE
  5
410
330
3ED
100
AcDbEntity
  8
10-MUEBLES
100
AcDbLine
 10
139.1216648783872
 20
-29.63001303317544
 30
-5.034531279694774E-12
 11
139.1216648783881
 21
-30.19001303317493
 31
2.058020455727059E-12
  0
LINE
  5
411
330
3ED
100
AcDbEntity
  8
10-MUEBLES
100
AcDbLine
 10
139.1416648783876
 20
-29.65001303317542
 30
-4.869653261449172E-12
 11
139.1416648783881
 21
-30.1700130331754
 31
1.716287635756605E-12
  0
ENDBLK
  5
412
330
3ED
100
AcDbEntity
  8
0
100
AcDbBlockEnd
  0
BLOCK
  5
425
330
422
100
AcDbEntity
  8
0
100
AcDbBlockBegin
  2
A$C58626E39
 70
     0
 10
0.0
 20
0.0
 30
0.0
  3
A$C58626E39
  1

  0
LINE
  5
426
330
422
100
AcDbEntity
  8
casa
 62
     1
100
AcDbLine
 10
0.09722897859785462
 20
1.847037178520679
 30
-2.49790505395494E-12
 11
0.09722897854919665
 21
1.886680338336703
 31
-2.515530125699037E-12
  0
LINE
  5
42A
330
422
100
AcDbEntity
  8
casa
 62
     1
284
     1
100
AcDbLine
 10
0.04059589327675894
 20
1.744915952794486
 30
-2.041402264766499E-12
 11
0.04059589224117133
 21
2.554782594258825
 31
-2.504882419340923E-12
  0
LINE
  5
42B
330
422
100
AcDbEntity
  8
casa
 62
     1
100
AcDbLine
 10
0.06041747317749468
 20
1.750579261363782
 30
-2.190193222671046E-12
 11
0.06041747215770954
 21
2.549119285740119
 31
-2.645375800380747E-12
  0
LINE
  5
42C
330
422
100
AcDbEntity
  8
casa
 62
     1
100
AcDbLine
 10
0.07740739881148784
 20
1.750579261385496
 30
-2.310547956044497E-12
 11
0.07740739779309536
 21
2.549119285760412
 31
-2.768267522050947E-12
  0
LINE
  5
42D
330
422
100
AcDbEntity
  8
casa
 62
     1
100
AcDbLine
 10
0.1340404841496365
 20
1.841373870021016
 30
-2.76129015665173E-12
 11
0.1340404841351841
 21
1.852700487112941
 31
-2.767050745259408E-12
  0
LINE
  5
42E
330
422
100
AcDbEntity
  8
casa
 62
     1
100
AcDbLine
 10
0.1417929051495861
 20
1.841373870030964
 30
-2.819902043973805E-12
 11
0.1340404841496365
 21
1.841373870021016
 31
-2.76129015665173E-12
  0
LINE
  5
42F
330
422
100
AcDbEntity
  8
casa
 62
     1
100
AcDbLine
 10
0.1340404841351841
 20
1.852700487112941
 30
-2.767050745259408E-12
 11
0.1170505584992725
 21
1.85270048709134
 31
-2.644159023549503E-12
  0
LINE
  5
430
330
422
100
AcDbEntity
  8
casa
 62
     1
284
     1
100
AcDbLine
 10
0.09722897831068167
 20
2.073352256744158
 30
-2.600321386318052E-12
 11
0.09722897856920554
 21
1.869526334870272
 31
-2.50934278301958E-12
  0
LINE
  5
431
330
422
100
AcDbEntity
  8
casa
 62
   252
100
AcDbLine
 10
0.03493258743925765
 20
-0.3779261893053558
 30
-8.083667816438241E-13
 11
0.03493258287004153
 21
3.201334875037617
 31
-2.779267752139704E-12
  0
LINE
  5
432
330
422
100
AcDbEntity
  8
casa
 62
     1
284
     1
100
AcDbLine
 10
0.1538620650867415
 20
1.036984901669371
 30
-2.443969559606093E-12
 11
0.1538620640518502
 21
1.847408449502154
 31
-2.907732950430784E-12
  0
LINE
  5
433
330
422
100
AcDbEntity
  8
casa
 62
   252
100
AcDbLine
 10
0.1595253708409388
 20
3.223988109405468
 30
-3.692947593571253E-12
 11
0.1595253754091601
 21
-0.3552715615722946
 31
-1.722047390328405E-12
  0
LINE
  5
434
330
422
100
AcDbEntity
  8
casa
 62
     1
100
AcDbLine
 10
0.1170505585142649
 20
1.841373870001974
 30
-2.638398434981529E-12
 11
0.1170505584992725
 21
1.85270048709134
 31
-2.644159023549503E-12
  0
LINE
  5
435
330
422
100
AcDbEntity
  8
casa
 62
     1
100
AcDbLine
 10
0.1170505585142649
 20
1.841373870001974
 30
-2.638398434981529E-12
 11
0.1085555956950657
 21
1.841373869988502
 31
-2.576952574113342E-12
  0
LINE
  5
436
330
422
100
AcDbEntity
  8
casa
 62
     1
100
AcDbLine
 10
0.1085555956950657
 20
1.841373869988502
 30
-2.576952574113342E-12
 11
0.09722897859785462
 21
1.847037178520679
 31
-2.49790505395494E-12
  0
LINE
  5
437
330
422
100
AcDbEntity
  8
casa
 62
     1
100
AcDbLine
 10
0.08515981981213372
 20
1.750579261394023
 30
-2.366622855030119E-12
 11
0.09722897872916292
 21
1.744544681956143
 31
-2.450852512913064E-12
  0
LINE
  5
438
330
422
100
AcDbEntity
  8
casa
 62
     1
100
AcDbLine
 10
0.09722897878110359
 20
1.705272793048209
 30
-2.433416265353459E-12
 11
0.08590236168981846
 21
1.705272793033771
 31
-2.351488450871365E-12
  0
LINE
  5
439
330
422
100
AcDbEntity
  8
casa
 62
     1
100
AcDbLine
 10
0.04059589327675894
 20
1.744915952794486
 30
-2.041402264766499E-12
 11
0.04059589332655378
 21
1.705272792976018
 31
-2.023777193022401E-12
  0
LINE
  5
43A
330
422
100
AcDbEntity
  8
casa
 62
     1
100
AcDbLine
 10
0.05192251041728468
 20
1.705272792990456
 30
-2.108241995801244E-12
 11
0.04059589332655378
 21
1.705272792976018
 31
-2.023777193022401E-12
  0
LINE
  5
43B
330
422
100
AcDbEntity
  8
casa
 62
     1
100
AcDbLine
 10
0.08590236170357457
 20
1.693946175943154
 30
-2.345727862290157E-12
 11
0.05192251043104079
 21
1.693946175899839
 31
-2.102481407220035E-12
  0
LINE
  5
43C
330
422
100
AcDbEntity
  8
casa
 62
     1
100
AcDbLine
 10
0.08590236170357457
 20
1.693946175943154
 30
-2.345727862290157E-12
 11
0.08590236168981846
 21
1.705272793033771
 31
-2.351488450871365E-12
  0
LINE
  5
43D
330
422
100
AcDbEntity
  8
casa
 62
     1
100
AcDbLine
 10
0.05192251043104079
 20
1.693946175899839
 30
-2.102481407220035E-12
 11
0.05192251041728468
 21
1.705272792990456
 31
-2.108241995801244E-12
  0
LINE
  5
43E
330
422
100
AcDbEntity
  8
casa
 62
     1
100
AcDbLine
 10
0.04059589330063318
 20
1.725094372883973
 30
-2.031321234726223E-12
 11
0.01473733335581073
 21
1.725094372851061
 31
-1.84681779565905E-12
  0
LINE
  5
43F
330
422
100
AcDbEntity
  8
casa
 62
     1
100
AcDbLine
 10
0.04059589329709468
 20
1.727926027157366
 30
-2.032761381874834E-12
 11
0.01473733335409122
 21
1.72792602712434
 31
-1.848257942820896E-12
  0
LINE
  5
440
330
422
100
AcDbEntity
  8
casa
 62
     1
100
AcDbLine
 10
2.86165018792417E-07
 20
1.723036516315346
 30
-1.739175017304393E-12
 11
0.01473733335842553
 21
1.723036516334162
 31
-1.845771193252624E-12
  0
LINE
  5
441
330
422
100
AcDbEntity
  8
casa
 62
     1
100
AcDbLine
 10
0.01473733335842553
 20
1.723036516334162
 30
-1.845771193252624E-12
 11
0.01473733335036798
 21
1.729871188859363
 31
-1.849247229922383E-12
  0
LINE
  5
442
330
422
100
AcDbEntity
  8
casa
 62
     1
100
AcDbLine
 10
0.01473733335036798
 20
1.729871188859363
 30
-1.849247229922383E-12
 11
2.861562506950577E-07
 21
1.729871188840605
 31
-1.742651053987388E-12
  0
LINE
  5
443
330
422
100
AcDbEntity
  8
casa
 62
     1
100
AcDbLine
 10
2.861562506950577E-07
 20
1.729871188840605
 30
-1.742651053987388E-12
 11
2.86165018792417E-07
 21
1.723036516315346
 31
-1.739175017304393E-12
  0
LINE
  5
444
330
422
100
AcDbEntity
  8
casa
 62
     1
100
AcDbLine
 10
0.06041747319125079
 20
1.739252644273222
 30
-2.184432634076602E-12
 11
0.06041747317749468
 21
1.750579261363782
 31
-2.190193222671046E-12
  0
LINE
  5
445
330
422
100
AcDbEntity
  8
casa
 62
     1
100
AcDbLine
 10
0.07740739882660819
 20
1.739252644294879
 30
-2.304787367450054E-12
 11
0.07740739881148784
 21
1.750579261385496
 31
-2.310547956044497E-12
  0
LINE
  5
446
330
422
100
AcDbEntity
  8
casa
 62
     1
100
AcDbLine
 10
0.07740739882660819
 20
1.739252644294879
 30
-2.304787367450054E-12
 11
0.06041747319125079
 21
1.739252644273222
 31
-2.184432634076602E-12
  0
LINE
  5
447
330
422
100
AcDbEntity
  8
casa
 62
     1
100
AcDbLine
 10
0.06041747317749468
 20
1.750579261363782
 30
-2.190193222671046E-12
 11
0.05192251035816753
 21
1.750579261350424
 31
-2.12621037347964E-12
  0
LINE
  5
448
330
422
100
AcDbEntity
  8
casa
 62
     1
100
AcDbLine
 10
0.05192251035816753
 20
1.750579261350424
 30
-2.12621037347964E-12
 11
0.04059589327675894
 21
1.744915952794486
 31
-2.041402264766499E-12
  0
LINE
  5
449
330
422
100
AcDbEntity
  8
casa
 62
     1
100
AcDbLine
 10
0.08515981981213372
 20
1.750579261394023
 30
-2.366622855030119E-12
 11
0.07740739881148784
 21
1.750579261385496
 31
-2.310547956044497E-12
  0
LINE
  5
44A
330
422
100
AcDbEntity
  8
casa
 62
     1
100
AcDbLine
 10
0.09722897878110359
 20
1.705272793048209
 30
-2.433416265353459E-12
 11
0.09722897872916292
 21
1.744544681956143
 31
-2.450852512913064E-12
  0
LINE
  5
44B
330
422
100
AcDbEntity
  8
casa
 62
   252
100
AcDbLine
 10
0.09156567288292194
 20
-0.3665981787494843
 30
-1.262467423007408E-12
 11
0.09156567209174682
 21
0.2485961261388638
 31
-1.540809823730775E-12
  0
LINE
  5
44C
330
422
100
AcDbEntity
  8
casa
 62
   252
100
AcDbLine
 10
0.1028922899557756
 20
-0.355271561644372
 30
-1.311255971243397E-12
 11
0.102892288227622
 21
0.9977130126977727
 31
-2.060395135253225E-12
  0
LINE
  5
44D
330
422
100
AcDbEntity
  8
casa
 62
     1
100
AcDbLine
 10
0.1595296018446959
 20
-0.3779247957548364
 30
5.313705769898559E-11
 11
0.159529601814441
 21
-0.3552715615722377
 31
5.312807351013316E-11
  0
LINE
  5
44E
330
422
100
AcDbEntity
  8
casa
 62
     1
100
AcDbLine
 10
0.1482029847382762
 20
-0.366598178679908
 30
5.321576191318323E-11
 11
0.1482029847232553
 21
-0.3552715615853117
 31
5.321000132460202E-11
  0
LINE
  5
44F
330
422
100
AcDbEntity
  8
casa
 62
     1
100
AcDbLine
 10
0.1482029847382762
 20
-0.366598178679908
 30
5.321576191318323E-11
 11
0.1028965163744289
 21
-0.3665981787350461
 31
5.354093618272221E-11
  0
LINE
  5
450
330
422
100
AcDbEntity
  8
casa
 62
     1
100
AcDbLine
 10
0.1028965163744289
 20
-0.3665981787350461
 30
5.354093618272221E-11
 11
0.1028965163606728
 21
-0.3552715616444289
 31
5.353771258245098E-11
  0
LINE
  5
451
330
422
100
AcDbEntity
  8
casa
 62
     1
100
AcDbLine
 10
0.159529601814441
 20
-0.3552715615722377
 30
5.312807351013316E-11
 11
0.1482029847232553
 21
-0.3552715615853117
 31
5.321000132460202E-11
  0
LINE
  5
452
330
422
100
AcDbEntity
  8
casa
 62
     1
100
AcDbLine
 10
0.09156989928381165
 20
-0.3665981787494843
 30
5.362540098551428E-11
 11
0.09156989926994186
 21
-0.3552715616588671
 31
5.361964039691984E-11
  0
LINE
  5
453
330
422
100
AcDbEntity
  8
casa
 62
     1
100
AcDbLine
 10
0.09156989928381165
 20
-0.3665981787494843
 30
5.362540098551428E-11
 11
0.04626343092122909
 21
-0.3665981788072941
 31
5.395311224336325E-11
  0
LINE
  5
454
330
422
100
AcDbEntity
  8
casa
 62
     1
100
AcDbLine
 10
0.04626343092122909
 20
-0.3665981788072941
 30
5.395311224336325E-11
 11
0.04626343090485818
 21
-0.35527156171662
 31
5.394735165479528E-11
  0
LINE
  5
455
330
422
100
AcDbEntity
  8
casa
 62
     1
100
AcDbLine
 10
0.04626343090485818
 20
-0.35527156171662
 30
5.394735165479528E-11
 11
0.03493681381550573
 21
-0.3552715617310582
 31
5.402927946926413E-11
  0
LINE
  5
456
330
422
100
AcDbEntity
  8
casa
 62
     1
100
AcDbLine
 10
0.03493681384506431
 20
-0.3779247959123495
 30
5.403826365810333E-11
 11
0.03493681381550573
 21
-0.3552715617310582
 31
5.402927946926413E-11
  0
LINE
  5
457
330
422
100
AcDbEntity
  8
casa
 62
     1
100
AcDbLine
 10
0.1028965163606728
 20
-0.3552715616444289
 30
5.353771258245098E-11
 11
0.09156989926994186
 21
-0.3552715616588671
 31
5.361964039691984E-11
  0
LINE
  5
458
330
422
100
AcDbEntity
  8
casa
 62
     1
100
AcDbLine
 10
0.1538620651367779
 20
0.9977130127628016
 30
-2.426533312020017E-12
 11
0.1538620650867415
 21
1.036984901669371
 31
-2.443969559606093E-12
  0
LINE
  5
459
330
422
100
AcDbEntity
  8
casa
 62
     1
100
AcDbLine
 10
0.09722897963240484
 20
1.037356172507941
 30
-2.034519311433057E-12
 11
0.09722897968232758
 21
0.9977130126906673
 31
-2.019431228012179E-12
  0
LINE
  5
45A
330
422
100
AcDbEntity
  8
casa
 62
     1
100
AcDbLine
 10
0.1425354480600163
 20
0.9863863956590535
 30
-2.338844908983185E-12
 11
0.1425354480461465
 21
0.9977130127496707
 31
-2.344605497564394E-12
  0
LINE
  5
45B
330
422
100
AcDbEntity
  8
casa
 62
     1
100
AcDbLine
 10
0.1425354480600163
 20
0.9863863956590535
 30
-2.338844908983185E-12
 11
0.1085555967873688
 21
0.986386395615682
 31
-2.095598453899829E-12
  0
LINE
  5
45C
330
422
100
AcDbEntity
  8
casa
 62
     1
100
AcDbLine
 10
0.1085555967748775
 20
0.9977130127036844
 30
-2.101359042494272E-12
 11
0.09722897968232758
 21
0.9977130126906673
 31
-2.019431228012179E-12
  0
LINE
  5
45D
330
422
100
AcDbEntity
  8
casa
 62
     1
100
AcDbLine
 10
0.1085555967873688
 20
0.986386395615682
 30
-2.095598453899829E-12
 11
0.1085555967748775
 21
0.9977130127036844
 31
-2.101359042494272E-12
  0
LINE
  5
45E
330
422
100
AcDbEntity
  8
casa
 62
     1
100
AcDbLine
 10
0.1538620651367779
 20
0.9977130127628016
 30
-2.426533312020017E-12
 11
0.1425354480461465
 21
0.9977130127496707
 31
-2.344605497564394E-12
  0
LINE
  5
45F
330
422
100
AcDbEntity
  8
casa
 62
     1
100
AcDbLine
 10
0.1085555967151919
 20
1.043019481067631
 30
-2.121864408495887E-12
 11
0.09722897963240484
 21
1.037356172507941
 31
-2.034519311433057E-12
  0
LINE
  5
460
330
422
100
AcDbEntity
  8
casa
 62
     1
100
AcDbLine
 10
0.1417929061665291
 20
1.043019481111287
 30
-2.359739901723147E-12
 11
0.1340404851704449
 21
1.043019481101396
 31
-2.303665002737526E-12
  0
LINE
  5
461
330
422
100
AcDbEntity
  8
casa
 62
     1
100
AcDbLine
 10
0.1170505595331548
 20
1.043019481078488
 30
-2.183310269350839E-12
 11
0.1085555967151919
 21
1.043019481067631
 31
-2.121864408495887E-12
  0
LINE
  5
462
330
422
100
AcDbEntity
  8
casa
 62
     1
100
AcDbLine
 10
0.134040485184201
 20
1.031692864010779
 30
-2.300441402466301E-12
 11
0.1170505595470104
 21
1.031692863989122
 31
-2.177549680769631E-12
  0
LINE
  5
463
330
422
100
AcDbEntity
  8
casa
 62
     1
100
AcDbLine
 10
0.1417929061665291
 20
1.043019481111287
 30
-2.359739901723147E-12
 11
0.1538620650867415
 21
1.036984901669371
 31
-2.443969559606093E-12
  0
LINE
  5
464
330
422
100
AcDbEntity
  8
casa
 62
     1
100
AcDbLine
 10
0.134040485184201
 20
1.031692864010779
 30
-2.300441402466301E-12
 11
0.1340404851704449
 21
1.043019481101396
 31
-2.303665002737526E-12
  0
LINE
  5
465
330
422
100
AcDbEntity
  8
casa
 62
     1
100
AcDbLine
 10
0.1170505595470104
 20
1.031692863989122
 30
-2.177549680769631E-12
 11
0.1170505595331548
 21
1.043019481078488
 31
-2.183310269350839E-12
  0
LINE
  5
466
330
422
100
AcDbEntity
  8
casa
 62
     1
100
AcDbLine
 10
0.08590236239875537
 20
1.14907570432365
 30
-2.004336803173261E-12
 11
0.05192251112610791
 21
1.149075704281756
 31
-1.758553359766685E-12
  0
LINE
  5
467
330
422
100
AcDbEntity
  8
casa
 62
     1
100
AcDbLine
 10
2.869443278541439E-07
 20
1.113150691207238
 30
-1.367254877410841E-12
 11
2.869350055334507E-07
 21
1.119985363733804
 31
-1.370730914093836E-12
  0
LINE
  5
468
330
422
100
AcDbEntity
  8
casa
 62
     1
100
AcDbLine
 10
0.01473733413638456
 20
1.113150691227361
 30
-1.473851053359071E-12
 11
2.869443278541439E-07
 21
1.113150691207238
 31
-1.367254877410841E-12
  0
LINE
  5
469
330
422
100
AcDbEntity
  8
casa
 62
     1
100
AcDbLine
 10
0.0147373341283128
 20
1.119985363752619
 30
-1.477327090055301E-12
 11
0.01473733413638456
 21
1.113150691227361
 31
-1.473851053359071E-12
  0
LINE
  5
46A
330
422
100
AcDbEntity
  8
casa
 62
     1
100
AcDbLine
 10
2.869350055334507E-07
 20
1.119985363733804
 30
-1.370730914093836E-12
 11
0.0147373341283128
 21
1.119985363752619
 31
-1.477327090055301E-12
  0
LINE
  5
46B
330
422
100
AcDbEntity
  8
casa
 62
     1
100
AcDbLine
 10
0.08515982065159733
 20
1.092442618869597
 30
-1.972699886694637E-12
 11
0.07740739965288412
 21
1.09244261885965
 31
-1.916624987695781E-12
  0
LINE
  5
46C
330
422
100
AcDbEntity
  8
casa
 62
     1
100
AcDbLine
 10
0.06041747401501141
 20
1.092442618838049
 30
-1.796270254309094E-12
 11
0.05192251119704849
 21
1.092442618827192
 31
-1.734824393467376E-12
  0
LINE
  5
46D
330
422
100
AcDbEntity
  8
casa
 62
     1
100
AcDbLine
 10
0.09722897950187814
 20
1.137749087250143
 30
-2.080504029047676E-12
 11
0.0972289795532788
 21
1.098477198340959
 31
-2.0630677814616E-12
  0
LINE
  5
46E
330
422
100
AcDbEntity
  8
casa
 62
     1
100
AcDbLine
 10
0.05192251119704849
 20
1.092442618827192
 30
-1.734824393467376E-12
 11
0.04059589410179854
 21
1.098105927358063
 31
-1.653239884985756E-12
  0
LINE
  5
46F
330
422
100
AcDbEntity
  8
casa
 62
     1
100
AcDbLine
 10
0.07740739963912802
 20
1.103769235950267
 30
-1.922385576290224E-12
 11
0.06041747400058739
 21
1.103769235928667
 31
-1.799493854580319E-12
  0
LINE
  5
470
330
422
100
AcDbEntity
  8
casa
 62
     1
100
AcDbLine
 10
0.07740739963912802
 20
1.103769235950267
 30
-1.922385576290224E-12
 11
0.07740739965288412
 21
1.09244261885965
 31
-1.916624987695781E-12
  0
LINE
  5
471
330
422
100
AcDbEntity
  8
casa
 62
     1
100
AcDbLine
 10
0.06041747400058739
 20
1.103769235928667
 30
-1.799493854580319E-12
 11
0.06041747401501141
 21
1.092442618838049
 31
-1.796270254309094E-12
  0
LINE
  5
472
330
422
100
AcDbEntity
  8
casa
 62
     1
100
AcDbLine
 10
0.04059589407813746
 20
1.115095852992681
 30
-1.659343779540967E-12
 11
0.01473733413455136
 21
1.115095852963748
 31
-1.474840340500264E-12
  0
LINE
  5
473
330
422
100
AcDbEntity
  8
casa
 62
     1
100
AcDbLine
 10
0.04059589407587794
 20
1.117927507267439
 30
-1.660783926689578E-12
 11
0.01473733413160971
 21
1.117927507234469
 31
-1.476280487622405E-12
  0
LINE
  5
474
330
422
100
AcDbEntity
  8
casa
 62
     1
100
AcDbLine
 10
0.05192251112610791
 20
1.149075704281756
 30
-1.758553359766685E-12
 11
0.05192251114122826
 21
1.137749087189775
 31
-1.752792771198712E-12
  0
LINE
  5
475
330
422
100
AcDbEntity
  8
casa
 62
     1
100
AcDbLine
 10
0.08590236239875537
 20
1.14907570432365
 30
-2.004336803173261E-12
 11
0.08590236241320781
 21
1.137749087234454
 31
-1.998576214565583E-12
  0
LINE
  5
476
330
422
100
AcDbEntity
  8
casa
 62
     1
100
AcDbLine
 10
0.05192251114122826
 20
1.137749087189775
 30
-1.752792771198712E-12
 11
0.04059589405130737
 21
1.137749087175337
 31
-1.670864956716619E-12
  0
LINE
  5
477
330
422
100
AcDbEntity
  8
casa
 62
     1
100
AcDbLine
 10
0.04059589410179854
 20
1.098105927358063
 30
-1.653239884985756E-12
 11
0.04059589405130737
 21
1.137749087175337
 31
-1.670864956716619E-12
  0
LINE
  5
478
330
422
100
AcDbEntity
  8
casa
 62
     1
100
AcDbLine
 10
0.09722897950187814
 20
1.137749087250143
 30
-2.080504029047676E-12
 11
0.08590236241320781
 21
1.137749087234454
 31
-1.998576214565583E-12
  0
LINE
  5
479
330
422
100
AcDbEntity
  8
casa
 62
     1
100
AcDbLine
 10
0.08515982065159733
 20
1.092442618869597
 30
-1.972699886694637E-12
 11
0.0972289795532788
 21
1.098477198340959
 31
-2.0630677814616E-12
  0
LINE
  5
47A
330
422
100
AcDbEntity
  8
casa
 62
     1
100
AcDbLine
 10
0.05192251227583711
 20
0.2485961260910017
 30
-1.254062473109623E-12
 11
0.04059589518590201
 21
0.2485961260765635
 31
-1.172134658667234E-12
  0
LINE
  5
47B
330
422
100
AcDbEntity
  8
casa
 62
     1
100
AcDbLine
 10
0.07740740068324214
 20
0.282575977392753
 30
-1.453144833068417E-12
 11
0.06041747504923478
 21
0.2825759773737673
 31
-1.330253111411452E-12
  0
LINE
  5
47C
330
422
100
AcDbEntity
  8
casa
 62
     1
100
AcDbLine
 10
0.08590236356224068
 20
0.2372695090411412
 30
-1.496622316231739E-12
 11
0.05192251228959321
 21
0.2372695090004413
 31
-1.24830188451518E-12
  0
LINE
  5
47D
330
422
100
AcDbEntity
  8
casa
 62
     1
100
AcDbLine
 10
0.08590236356224068
 20
0.2372695090411412
 30
-1.496622316231739E-12
 11
0.08590236354712033
 21
0.2485961261317016
 31
-1.502382904826182E-12
  0
LINE
  5
47E
330
422
100
AcDbEntity
  8
casa
 62
     1
100
AcDbLine
 10
0.05192251228959321
 20
0.2372695090004413
 30
-1.24830188451518E-12
 11
0.05192251227583711
 21
0.2485961260910017
 31
-1.254062473109623E-12
  0
LINE
  5
47F
330
422
100
AcDbEntity
  8
casa
 62
     1
100
AcDbLine
 10
0.09722898063840546
 20
0.2485961261488114
 30
-1.581773730971822E-12
 11
0.08590236354712033
 21
0.2485961261317016
 31
-1.502382904826182E-12
  0
LINE
  5
480
330
422
100
AcDbEntity
  8
casa
 62
     1
100
AcDbLine
 10
0.05192251221808419
 20
0.2939025944510263
 30
-1.274567839150942E-12
 11
0.04059589513269657
 21
0.28823928589253
 31
-1.192296718708081E-12
  0
LINE
  5
481
330
422
100
AcDbEntity
  8
casa
 62
     1
100
AcDbLine
 10
0.08515982167000402
 20
0.2939025944958757
 30
-1.514980320688187E-12
 11
0.07740740066948604
 21
0.2939025944847344
 31
-1.458905421662861E-12
  0
LINE
  5
482
330
422
100
AcDbEntity
  8
casa
 62
     1
100
AcDbLine
 10
0.06041747503479655
 20
0.2939025944617697
 30
-1.33601369999266E-12
 11
0.05192251221808419
 21
0.2939025944510263
 31
-1.274567839150942E-12
  0
LINE
  5
483
330
422
100
AcDbEntity
  8
casa
 62
     1
100
AcDbLine
 10
0.08515982167000402
 20
0.2939025944958757
 30
-1.514980320688187E-12
 11
0.09722898058898011
 21
0.2878680150527657
 31
-1.601746966867882E-12
  0
LINE
  5
484
330
422
100
AcDbEntity
  8
casa
 62
     1
100
AcDbLine
 10
0.06041747503479655
 20
0.2939025944617697
 30
-1.33601369999266E-12
 11
0.06041747504923478
 21
0.2825759773737673
 31
-1.330253111411452E-12
  0
LINE
  5
485
330
422
100
AcDbEntity
  8
casa
 62
     1
100
AcDbLine
 10
0.07740740066948604
 20
0.2939025944847344
 30
-1.458905421662861E-12
 11
0.07740740068324214
 21
0.282575977392753
 31
-1.453144833068417E-12
  0
LINE
  5
486
330
422
100
AcDbEntity
  8
casa
 62
     1
100
AcDbLine
 10
0.04059589513269657
 20
0.28823928589253
 30
-1.192296718708081E-12
 11
0.04059589518590201
 21
0.2485961260765635
 31
-1.172134658667234E-12
  0
LINE
  5
487
330
422
100
AcDbEntity
  8
casa
 62
     1
100
AcDbLine
 10
0.09722898063840546
 20
0.2485961261488114
 30
-1.581773730971822E-12
 11
0.09722898058898011
 21
0.2878680150527657
 31
-1.601746966867882E-12
  0
LINE
  5
488
330
422
100
AcDbEntity
  8
casa
 62
     1
100
AcDbLine
 10
0.07740739965288412
 20
1.09244261885965
 30
-1.916624987695781E-12
 11
0.07740740066948604
 21
0.2939025944847344
 31
-1.458905421662861E-12
  0
LINE
  5
489
330
422
100
AcDbEntity
  8
casa
 62
     1
100
AcDbLine
 10
0.06041747401501141
 20
1.092442618838049
 30
-1.796270254309094E-12
 11
0.06041747503479655
 21
0.2939025944617697
 31
-1.33601369999266E-12
  0
LINE
  5
48A
330
422
100
AcDbEntity
  8
casa
 62
     1
284
     1
100
AcDbLine
 10
0.04059589410179854
 20
1.098105927358063
 30
-1.653239884985756E-12
 11
0.04059589513269657
 21
0.28823928589253
 31
-1.192296718708081E-12
  0
LINE
  5
48B
330
422
100
AcDbEntity
  8
casa
 62
     1
284
     1
100
AcDbLine
 10
0.09722898058898011
 20
0.2878680150527657
 30
-1.601746966867882E-12
 11
0.09722897968232758
 21
0.9977130126906673
 31
-2.019431228012179E-12
  0
LINE
  5
48C
330
422
100
AcDbEntity
  8
casa
 62
     1
100
AcDbLine
 10
0.1170505595331548
 20
1.043019481078488
 30
-2.183310269350839E-12
 11
0.1170505585142649
 21
1.841373870001974
 31
-2.638398434981529E-12
  0
LINE
  5
48D
330
422
100
AcDbEntity
  8
casa
 62
     1
100
AcDbLine
 10
0.1340404851704449
 20
1.043019481101396
 30
-2.303665002737526E-12
 11
0.1340404841496365
 21
1.841373870021016
 31
-2.76129015665173E-12
  0
LINE
  5
48E
330
422
100
AcDbEntity
  8
casa
 62
     1
284
     1
100
AcDbLine
 10
0.09722897859695934
 20
1.847222813974724
 30
-2.497999466020716E-12
 11
0.09722897963240484
 21
1.037356172507941
 31
-2.034519311433057E-12
  0
LINE
  5
48F
330
422
100
AcDbEntity
  8
casa
 62
     1
100
AcDbLine
 10
0.1595228837692275
 20
3.223988109377729
 30
2.644146768443888E-11
 11
0.1595228837988003
 21
3.201334875196494
 31
2.645045187331778E-11
  0
LINE
  5
490
330
422
100
AcDbEntity
  8
casa
 62
     1
100
AcDbLine
 10
0.1538620640011459
 20
1.886680338412702
 30
-2.927706186326844E-12
 11
0.1538620640518502
 21
1.847408449502154
 31
-2.907732950430784E-12
  0
LINE
  5
491
330
422
100
AcDbEntity
  8
casa
 62
     1
100
AcDbLine
 10
0.1417929051495861
 20
1.841373870030964
 30
-2.819902043973805E-12
 11
0.1538620640518502
 21
1.847408449502154
 31
-2.907732950430784E-12
  0
LINE
  5
492
330
422
100
AcDbEntity
  8
casa
 62
     1
100
AcDbLine
 10
0.1425354468980089
 20
1.898006955486323
 30
-2.849001972168915E-12
 11
0.1085555956248072
 21
1.898006955444316
 31
-2.603218528749104E-12
  0
LINE
  5
493
330
422
100
AcDbEntity
  8
casa
 62
     1
100
AcDbLine
 10
0.1425354468980089
 20
1.898006955486323
 30
-2.849001972168915E-12
 11
0.1425354469117792
 21
1.88668033839707
 31
-2.843241383548002E-12
  0
LINE
  5
494
330
422
100
AcDbEntity
  8
casa
 62
     1
100
AcDbLine
 10
0.1085555956248072
 20
1.898006955444316
 30
-2.603218528749104E-12
 11
0.1085555956399276
 21
1.886680338352335
 31
-2.597457940154661E-12
  0
LINE
  5
495
330
422
100
AcDbEntity
  8
casa
 62
     1
100
AcDbLine
 10
0.1085555956399276
 20
1.886680338352335
 30
-2.597457940154661E-12
 11
0.09722897854919665
 21
1.886680338336703
 31
-2.515530125699037E-12
  0
LINE
  5
496
330
422
100
AcDbEntity
  8
casa
 62
     1
100
AcDbLine
 10
0.1538620640011459
 20
1.886680338412702
 30
-2.927706186326844E-12
 11
0.1425354469117792
 21
1.88668033839707
 31
-2.843241383548002E-12
  0
LINE
  5
497
330
422
100
AcDbEntity
  8
casa
 62
     1
100
AcDbLine
 10
0.09722897764584104
 20
2.59442575414954
 30
-2.934683551726062E-12
 11
0.09722897769461269
 21
2.555153865241721
 31
-2.914710315830002E-12
  0
LINE
  5
498
330
422
100
AcDbEntity
  8
casa
 62
     1
100
AcDbLine
 10
0.04059589224117133
 20
2.554782594258825
 30
-2.504882419340923E-12
 11
0.04059589218945803
 21
2.594425754077292
 31
-2.522507491071785E-12
  0
LINE
  5
499
330
422
100
AcDbEntity
  8
casa
 62
     1
100
AcDbLine
 10
0.07740739779309536
 20
2.549119285760412
 30
-2.768267522050947E-12
 11
0.07740739777921135
 21
2.56044590285228
 31
-2.774028110645391E-12
  0
LINE
  5
49A
330
422
100
AcDbEntity
  8
casa
 62
     1
100
AcDbLine
 10
0.06041747215770954
 20
2.549119285740119
 30
-2.645375800380747E-12
 11
0.0604174721452182
 21
2.560445902830679
 31
-2.651136388961955E-12
  0
LINE
  5
49B
330
422
100
AcDbEntity
  8
casa
 62
     1
100
AcDbLine
 10
0.08515981879429546
 20
2.549119285771553
 30
-2.826879409386257E-12
 11
0.09722897769461269
 21
2.555153865241721
 31
-2.914710315830002E-12
  0
LINE
  5
49C
330
422
100
AcDbEntity
  8
casa
 62
     1
100
AcDbLine
 10
0.06041747215770954
 20
2.549119285740119
 30
-2.645375800380747E-12
 11
0.05192250934101139
 21
2.549119285729319
 31
-2.583929939525794E-12
  0
LINE
  5
49D
330
422
100
AcDbEntity
  8
casa
 62
     1
100
AcDbLine
 10
0.08515981879429546
 20
2.549119285771553
 30
-2.826879409386257E-12
 11
0.07740739779309536
 21
2.549119285760412
 31
-2.768267522050947E-12
  0
LINE
  5
49E
330
422
100
AcDbEntity
  8
casa
 62
     1
100
AcDbLine
 10
0.05192250934101139
 20
2.549119285729319
 30
-2.583929939525794E-12
 11
0.04059589224117133
 21
2.554782594258825
 31
-2.504882419340923E-12
  0
LINE
  5
49F
330
422
100
AcDbEntity
  8
casa
 62
     1
100
AcDbLine
 10
0.05192250926620545
 20
2.605752371182462
 30
-2.610195894135087E-12
 11
0.0519225092813258
 21
2.594425754094402
 31
-2.604435305540644E-12
  0
LINE
  5
4A0
330
422
100
AcDbEntity
  8
casa
 62
     1
100
AcDbLine
 10
0.07740739777921135
 20
2.56044590285228
 30
-2.774028110645391E-12
 11
0.0604174721452182
 21
2.560445902830679
 31
-2.651136388961955E-12
  0
LINE
  5
4A1
330
422
100
AcDbEntity
  8
casa
 62
     1
100
AcDbLine
 10
0.0519225092813258
 20
2.594425754094402
 30
-2.604435305540644E-12
 11
0.04059589218945803
 21
2.594425754077292
 31
-2.522507491071785E-12
  0
LINE
  5
4A2
330
422
100
AcDbEntity
  8
casa
 62
     1
284
     1
100
AcDbLine
 10
0.09722897769461269
 20
2.555153865241721
 30
-2.914710315830002E-12
 11
0.09722897840276801
 21
2.001617960874512
 31
-2.566375127907357E-12
  0
LINE
  5
4A3
330
422
100
AcDbEntity
  8
casa
 62
     1
100
AcDbLine
 10
0.1028897983311623
 20
3.212661492214863
 30
2.685686734536438E-11
 11
0.1028897983449042
 21
3.201334875124303
 31
2.686009094562237E-11
  0
LINE
  5
4A4
330
422
100
AcDbEntity
  8
casa
 62
     1
100
AcDbLine
 10
0.09156318124041718
 20
3.212661492200425
 30
2.693879515982E-11
 11
0.09156318125361906
 21
3.201334875109808
 31
2.694201876010446E-11
  0
LINE
  5
4A5
330
422
100
AcDbEntity
  8
casa
 62
     1
100
AcDbLine
 10
0.04625671288980016
 20
3.201334875052055
 30
2.726973001797989E-11
 11
0.03493009579906925
 21
3.201334875037617
 31
2.735165783243552E-11
  0
LINE
  5
4A6
330
422
100
AcDbEntity
  8
casa
 62
     1
100
AcDbLine
 10
0.04625671287659827
 20
3.212661492142672
 30
2.726396942937222E-11
 11
0.04625671288980016
 21
3.201334875052055
 31
2.726973001797989E-11
  0
LINE
  5
4A7
330
422
100
AcDbEntity
  8
casa
 62
     1
100
AcDbLine
 10
0.09156318124041718
 20
3.212661492200425
 30
2.693879515982E-11
 11
0.04625671287659827
 21
3.212661492142672
 31
2.726396942937222E-11
  0
LINE
  5
4A8
330
422
100
AcDbEntity
  8
casa
 62
     1
100
AcDbLine
 10
0.03493009577029227
 20
3.223988109218965
 30
2.734267364358308E-11
 11
0.03493009579906925
 21
3.201334875037617
 31
2.735165783243552E-11
  0
LINE
  5
4A9
330
422
100
AcDbEntity
  8
casa
 62
     1
100
AcDbLine
 10
0.1028897983449042
 20
3.201334875124303
 30
2.686009094562237E-11
 11
0.09156318125361906
 21
3.201334875109808
 31
2.694201876010446E-11
  0
LINE
  5
4AA
330
422
100
AcDbEntity
  8
casa
 62
   252
100
AcDbLine
 10
0.1028922854017651
 20
3.21266149221492
 30
-3.275024471094594E-12
 11
0.1028922870925726
 21
1.886680338343865
 31
-2.556494032913614E-12
  0
LINE
  5
4AB
330
422
100
AcDbEntity
  8
casa
 62
     1
100
AcDbLine
 10
0.1481962666923806
 20
3.212661492270001
 30
2.652661909919219E-11
 11
0.1481962667055825
 21
3.201334875181999
 31
2.653237968779987E-11
  0
LINE
  5
4AC
330
422
100
AcDbEntity
  8
casa
 62
     1
100
AcDbLine
 10
0.1481962666923806
 20
3.212661492270001
 30
2.652661909919219E-11
 11
0.1028897983311623
 21
3.212661492214863
 31
2.685686734536438E-11
  0
LINE
  5
4AD
330
422
100
AcDbEntity
  8
casa
 62
     1
100
AcDbLine
 10
0.1595228837988003
 20
3.201334875196494
 30
2.645045187331778E-11
 11
0.1481962667055825
 21
3.201334875181999
 31
2.653237968779987E-11
  0
LINE
  5
4AE
330
422
100
AcDbEntity
  8
DIM
 48
3.0
100
AcDbLine
 10
0.1595228837692275
 20
3.223988109377729
 30
2.644146768443888E-11
 11
0.03493009577029227
 21
3.223988109218965
 31
2.734267364358308E-11
  0
LINE
  5
4B2
330
422
100
AcDbEntity
  8
DIM
 48
3.0
100
AcDbLine
 10
0.1595296018446959
 20
-0.3779247957548364
 30
5.313705769898559E-11
 11
0.03493681384506431
 21
-0.3779247959175791
 31
5.403826365810333E-11
  0
LINE
  5
4B3
330
422
100
AcDbEntity
  8
casa
 62
     1
100
AcDbLine
 10
0.08590236020552311
 20
2.605752371225549
 30
-2.855979335106443E-12
 11
0.05192250893287564
 21
2.605752371183655
 31
-2.610195891713102E-12
  0
LINE
  5
4B4
330
422
100
AcDbEntity
  8
casa
 62
     1
100
AcDbLine
 10
0.05192250893287564
 20
2.605752371183655
 30
-2.610195891713102E-12
 11
0.05192250894799599
 21
2.594425754091674
 31
-2.604435303131894E-12
  0
LINE
  5
4B5
330
422
100
AcDbEntity
  8
casa
 62
     1
100
AcDbLine
 10
0.08590236020552311
 20
2.605752371225549
 30
-2.855979335106443E-12
 11
0.08590236021996134
 21
2.594425754136353
 31
-2.850218746512E-12
  0
LINE
  5
4B6
330
422
100
AcDbEntity
  8
casa
 62
     1
100
AcDbLine
 10
0.05192250894799599
 20
2.594425754091674
 30
-2.604435303131894E-12
 11
0.04059589185804668
 21
2.594425754077236
 31
-2.522507488689505E-12
  0
LINE
  5
4B7
330
422
100
AcDbEntity
  8
casa
 62
     1
100
AcDbLine
 10
0.09722897730864588
 20
2.594425754152041
 30
-2.932146560994093E-12
 11
0.08590236021996134
 21
2.594425754136353
 31
-2.850218746512E-12
  0
ENDBLK
  5
4B8
330
422
100
AcDbEntity
  8
0
100
AcDbBlockEnd
  0
BLOCK
  5
4D0
330
4CD
100
AcDbEntity
  8
0
100
AcDbBlockBegin
  2
mue
 70
     0
 10
0.0
 20
0.0
 30
0.0
  3
mue
  1

  0
LINE
  5
4D1
330
4CD
100
AcDbEntity
  8
MOBILIARIO
100
AcDbLine
 10
78.6267932525315
 20
-1.260738432946678
 30
0.0
 11
78.67038952738187
 21
-1.260891712158519
 31
0.0
  0
LINE
  5
4D2
330
4CD
100
AcDbEntity
  8
MOBILIARIO
100
AcDbLine
 10
78.67038952738187
 20
-1.260891712158519
 30
0.0
 11
78.6978046960745
 21
-1.233668644866786
 31
0.0
  0
LINE
  5
4D3
330
4CD
100
AcDbEntity
  8
MOBILIARIO
100
AcDbLine
 10
78.57827395922469
 20
-1.236265175839294
 30
0.0
 11
78.6267932525315
 21
-1.260738432946678
 31
0.0
  0
LINE
  5
4D4
330
4CD
100
AcDbEntity
  8
MOBILIARIO
100
AcDbLine
 10
80.64575863852328
 20
-1.26783687023665
 30
0.0
 11
80.6021623636729
 21
-1.267683591024809
 31
0.0
  0
LINE
  5
4D5
330
4CD
100
AcDbEntity
  8
MOBILIARIO
100
AcDbLine
 10
80.6021623636729
 20
-1.267683591024809
 30
0.0
 11
80.57892492838432
 21
-1.244282179204147
 31
0.0
  0
LINE
  5
4D6
330
4CD
100
AcDbEntity
  8
MOBILIARIO
100
AcDbLine
 10
80.64575863852328
 20
-1.26783687023665
 30
0.0
 11
80.69836677728937
 21
-1.241763599906492
 31
0.0
  0
LINE
  5
4D7
330
4CD
100
AcDbEntity
  8
0
  6
ByBlock
100
AcDbLine
 10
80.57892492838432
 20
-0.6861119686566628
 30
0.0
 11
80.5790370707125
 21
-0.6542160076630719
 31
0.0
  0
LINE
  5
4D8
330
4CD
100
AcDbEntity
  8
MOBILIARIO
100
AcDbLine
 10
78.6950050757669
 20
-1.450495000362309
 30
0.0
 11
80.57892492838432
 21
-1.450495000362309
 31
0.0
  0
LINE
  5
4D9
330
4CD
100
AcDbEntity
  8
MOBILIARIO
100
AcDbLine
 10
79.32459444079527
 20
-0.7360486079252295
 30
0.0
 11
79.32459444079527
 21
-1.450495000362309
 31
0.0
  0
LINE
  5
4DA
330
4CD
100
AcDbEntity
  8
MOBILIARIO
100
AcDbLine
 10
79.95459054698952
 20
-0.7382635977827772
 30
0.0
 11
79.95459054698952
 21
-1.450495000362309
 31
0.0
  0
LINE
  5
4DB
330
4CD
100
AcDbEntity
  8
MOBILIARIO
100
AcDbLine
 10
78.69691581662683
 20
-0.907034587845891
 30
0.0
 11
80.57814819126482
 21
-0.9070345878458912
 31
0.0
  0
LINE
  5
4DC
330
4CD
100
AcDbEntity
  8
MOBILIARIO
100
AcDbLine
 10
78.69673804073732
 20
-0.9575983038795577
 30
0.0
 11
80.57797041537532
 21
-0.9575983038795577
 31
0.0
  0
LINE
  5
4DD
330
4CD
100
AcDbEntity
  8
MOBILIARIO
100
AcDbLine
 10
78.69656026484776
 20
-1.008162019920467
 30
0.0
 11
80.57779263948576
 21
-1.008162019920467
 31
0.0
  0
LINE
  5
4DE
330
4CD
100
AcDbEntity
  8
MOBILIARIO
100
AcDbLine
 10
78.69752473404374
 20
-0.7338439069329956
 30
0.0
 11
80.57875710868173
 21
-0.7338439069329956
 31
0.0
  0
LINE
  5
4DF
330
4CD
100
AcDbEntity
  8
MOBILIARIO
100
AcDbLine
 10
78.6978046960745
 20
-0.6542160076630719
 30
0.0
 11
80.57903707071252
 21
-0.6542160076630719
 31
0.0
  0
LINE
  5
4E0
330
4CD
100
AcDbEntity
  8
MOBILIARIO
100
AcDbLine
 10
80.57892492838432
 20
-0.6542160076630719
 30
0.0
 11
80.57892492838432
 21
-1.450495000362309
 31
0.0
  0
LINE
  5
4E1
330
4CD
100
AcDbEntity
  8
MOBILIARIO
100
AcDbLine
 10
78.6978046960745
 20
-0.6542160076630719
 30
0.0
 11
78.6978046960745
 21
-1.450495000362309
 31
0.0
  0
LINE
  5
4E2
330
4CD
100
AcDbEntity
  8
MOBILIARIO
100
AcDbLine
 10
78.62652658869722
 20
-1.336584006997179
 30
0.0
 11
78.6978046960745
 21
-1.336584006997179
 31
0.0
  0
LINE
  5
4E3
330
4CD
100
AcDbEntity
  8
MOBILIARIO
100
AcDbLine
 10
78.62652658869722
 20
-1.336584006997179
 30
0.0
 11
78.62652658869722
 21
-1.260603927018568
 31
0.0
  0
LINE
  5
4E4
330
4CD
100
AcDbEntity
  8
MOBILIARIO
100
AcDbLine
 10
80.57892492838432
 20
-1.343448402630446
 30
0.0
 11
80.64575863852328
 21
-1.343448402630446
 31
0.0
  0
LINE
  5
4E5
330
4CD
100
AcDbEntity
  8
MOBILIARIO
100
AcDbLine
 10
80.64575863852328
 20
-1.26783687023665
 30
0.0
 11
80.64575863852328
 21
-1.343448402630446
 31
0.0
  0
LINE
  5
4E6
330
4CD
100
AcDbEntity
  8
MOBILIARIO
100
AcDbLine
 10
80.69836677728938
 20
-0.6865319117028026
 30
0.0
 11
80.69836677728937
 21
-1.241763599906483
 31
0.0
  0
LINE
  5
4E7
330
4CD
100
AcDbEntity
  8
MOBILIARIO
100
AcDbLine
 10
80.69836677728938
 20
-0.6865319117028026
 30
0.0
 11
80.57892492838432
 21
-0.6865319117028024
 31
0.0
  0
LINE
  5
4E8
330
4CD
100
AcDbEntity
  8
MOBILIARIO
100
AcDbLine
 10
78.57827395922469
 20
-0.6790779226337653
 30
0.0
 11
78.57827395922469
 21
-1.236265175839286
 31
0.0
  0
LINE
  5
4E9
330
4CD
100
AcDbEntity
  8
MOBILIARIO
100
AcDbLine
 10
78.57827395922469
 20
-0.6790779226337653
 30
0.0
 11
78.69780469607451
 21
-0.6790779226337655
 31
0.0
  0
ENDBLK
  5
4EA
330
4CD
100
AcDbEntity
  8
0
100
AcDbBlockEnd
  0
BLOCK
  5
4ED
330
4EC
100
AcDbEntity
  8
0
100
AcDbBlockBegin
  2
muegl
 70
     0
 10
0.0
 20
0.0
 30
0.0
  3
muegl
  1

  0
LINE
  5
4EE
330
4EC
100
AcDbEntity
  8
MOBILIARIO
100
AcDbLine
 10
39.03989472597716
 20
-8.739763636713709
 30
0.0
 11
39.07697363270925
 21
-8.739894001650148
 31
0.0
  0
LINE
  5
4EF
330
4EC
100
AcDbEntity
  8
MOBILIARIO
100
AcDbLine
 10
39.07697363270925
 20
-8.739894001650148
 30
0.0
 11
39.10029040659619
 21
-8.716740611216307
 31
0.0
  0
LINE
  5
4F0
330
4EC
100
AcDbEntity
  8
MOBILIARIO
100
AcDbLine
 10
38.99862876099725
 20
-8.718948977185351
 30
0.0
 11
39.03989472597716
 21
-8.739763636713709
 31
0.0
  0
LINE
  5
4F1
330
4EC
100
AcDbEntity
  8
MOBILIARIO
100
AcDbLine
 10
40.22603719164917
 20
-8.745800902400331
 30
0.0
 11
40.18895828491708
 21
-8.745670537463894
 31
0.0
  0
LINE
  5
4F2
330
4EC
100
AcDbEntity
  8
MOBILIARIO
100
AcDbLine
 10
40.18895828491708
 20
-8.745670537463894
 30
0.0
 11
40.16919469964023
 21
-8.72576748911227
 31
0.0
  0
LINE
  5
4F3
330
4EC
100
AcDbEntity
  8
MOBILIARIO
100
AcDbLine
 10
40.22603719164917
 20
-8.745800902400331
 30
0.0
 11
40.2707807454815
 21
-8.723625421534349
 31
0.0
  0
LINE
  5
4F4
330
4EC
100
AcDbEntity
  8
0
  6
ByBlock
100
AcDbLine
 10
40.16919469964023
 20
-8.251040204532226
 30
0.0
 11
40.16929007739765
 21
-8.223912488531928
 31
0.0
  0
LINE
  5
4F5
330
4EC
100
AcDbEntity
  8
MOBILIARIO
100
AcDbLine
 10
39.09790931186672
 20
-8.901152794139533
 30
0.0
 11
40.16919469964023
 21
-8.901152794139533
 31
0.0
  0
LINE
  5
4F6
330
4EC
100
AcDbEntity
  8
MOBILIARIO
100
AcDbLine
 10
39.63337903778998
 20
-8.293511631192141
 30
0.0
 11
39.63337903778998
 21
-8.901152794139533
 31
0.0
  0
LINE
  5
4F7
330
4EC
100
AcDbEntity
  8
MOBILIARIO
100
AcDbLine
 10
40.16919469964022
 20
-8.223912488531925
 30
0.0
 11
40.16919469964023
 21
-8.901152794139533
 31
0.0
  0
LINE
  5
4F8
330
4EC
100
AcDbEntity
  8
MOBILIARIO
100
AcDbLine
 10
39.09953440901957
 20
-8.438936285563029
 30
0.0
 11
40.16919469964022
 21
-8.438936285563029
 31
0.0
  0
LINE
  5
4F9
330
4EC
100
AcDbEntity
  8
MOBILIARIO
100
AcDbLine
 10
39.09938320950427
 20
-8.481941044966787
 30
0.0
 11
40.16919469964022
 21
-8.481941044966787
 31
0.0
  0
LINE
  5
4FA
330
4EC
100
AcDbEntity
  8
MOBILIARIO
100
AcDbLine
 10
39.09923200998892
 20
-8.524945804376703
 30
0.0
 11
40.16919469964023
 21
-8.524945804376703
 31
0.0
  0
LINE
  5
4FB
330
4EC
100
AcDbEntity
  8
MOBILIARIO
100
AcDbLine
 10
39.10005229712323
 20
-8.291636519092684
 30
0.0
 11
40.16919469964022
 21
-8.291636519092684
 31
0.0
  0
LINE
  5
4FC
330
4EC
100
AcDbEntity
  8
MOBILIARIO
100
AcDbLine
 10
39.10029040659619
 20
-8.223912488531923
 30
0.0
 11
40.16919469964022
 21
-8.223912488531923
 31
0.0
  0
LINE
  5
4FD
330
4EC
100
AcDbEntity
  8
MOBILIARIO
100
AcDbLine
 10
40.16919469964022
 20
-8.223912488531928
 30
0.0
 11
40.16929007739766
 21
-8.223912488531928
 31
0.0
  0
LINE
  5
4FE
330
4EC
100
AcDbEntity
  8
MOBILIARIO
100
AcDbLine
 10
40.16919469964023
 20
-8.223912488531928
 30
0.0
 11
40.16919469964023
 21
-8.901152794139538
 31
0.0
  0
LINE
  5
4FF
330
4EC
100
AcDbEntity
  8
MOBILIARIO
100
AcDbLine
 10
39.10029040659619
 20
-8.223912488531923
 30
0.0
 11
39.10029040659619
 21
-8.901152794139533
 31
0.0
  0
LINE
  5
500
330
4EC
100
AcDbEntity
  8
MOBILIARIO
100
AcDbLine
 10
39.0396679267042
 20
-8.804270775819345
 30
0.0
 11
39.10029040659619
 21
-8.804270775819345
 31
0.0
  0
LINE
  5
501
330
4EC
100
AcDbEntity
  8
MOBILIARIO
100
AcDbLine
 10
39.0396679267042
 20
-8.804270775819345
 30
0.0
 11
39.0396679267042
 21
-8.739649238573492
 31
0.0
  0
LINE
  5
502
330
4EC
100
AcDbEntity
  8
MOBILIARIO
100
AcDbLine
 10
40.16919469964023
 20
-8.810108987600785
 30
0.0
 11
40.22603719164917
 21
-8.810108987600785
 31
0.0
  0
LINE
  5
503
330
4EC
100
AcDbEntity
  8
MOBILIARIO
100
AcDbLine
 10
40.22603719164917
 20
-8.745800902400331
 30
0.0
 11
40.22603719164917
 21
-8.810108987600785
 31
0.0
  0
LINE
  5
504
330
4EC
100
AcDbEntity
  8
MOBILIARIO
100
AcDbLine
 10
40.27078074548152
 20
-8.251397368741646
 30
0.0
 11
40.2707807454815
 21
-8.723625421534342
 31
0.0
  0
LINE
  5
505
330
4EC
100
AcDbEntity
  8
MOBILIARIO
100
AcDbLine
 10
40.27078074548152
 20
-8.251397368741646
 30
0.0
 11
40.16919469964023
 21
-8.251397368741646
 31
0.0
  0
LINE
  5
506
330
4EC
100
AcDbEntity
  8
MOBILIARIO
100
AcDbLine
 10
38.99862876099725
 20
-8.245057704024381
 30
0.0
 11
38.99862876099725
 21
-8.718948977185345
 31
0.0
  0
LINE
  5
507
330
4EC
100
AcDbEntity
  8
MOBILIARIO
100
AcDbLine
 10
38.99862876099725
 20
-8.245057704024381
 30
0.0
 11
39.10029040659619
 21
-8.245057704024381
 31
0.0
  0
ENDBLK
  5
508
330
4EC
100
AcDbEntity
  8
0
100
AcDbBlockEnd
  0
BLOCK
  5
50E
330
50B
100
AcDbEntity
  8
0
100
AcDbBlockBegin
  2
eslcaeras
 70
     0
 10
0.0
 20
0.0
 30
0.0
  3
eslcaeras
  1

  0
LINE
  5
50F
330
50B
100
AcDbEntity
  8
A-SECTMBM
100
AcDbLine
 10
362.7935251882529
 20
-18.18302314833437
 30
0.0
 11
363.7935251882529
 21
-18.18302314833437
 31
0.0
1001
REVIT
1002
{
1070
     1
1000
128150
1002
}
1002
{
1070
     5
1000
28598
1002
}
1002
{
1070
     2
1000
-2000120
1002
}
1002
{
1070
     3
1000
-2000122
1002
}
  0
LINE
  5
514
330
50B
100
AcDbEntity
  8
A-WALL
370
    25
100
AcDbLine
 10
363.8335251882528
 20
-20.29302314833442
 30
0.0
 11
363.8335251882528
 21
-20.24302314833441
 31
0.0
  0
LINE
  5
515
330
50B
100
AcDbEntity
  8
A-WALL
370
    25
100
AcDbLine
 10
363.8335251882528
 20
-20.61302314833437
 30
0.0
 11
363.8335251882528
 21
-17.96302314833436
 31
0.0
  0
LINE
  5
516
330
50B
100
AcDbEntity
  8
A-SECTMBM
  6
DASHED
100
AcDbLine
 10
362.7935251882529
 20
-20.34302314833437
 30
0.0
 11
363.7935251882529
 21
-20.34302314833437
 31
0.0
1001
REVIT
1002
{
1070
     1
1000
128150
1002
}
1002
{
1070
     5
1000
28598
1002
}
1002
{
1070
     2
1000
-2000120
1002
}
1002
{
1070
     3
1000
-2000122
1002
}
  0
LINE
  5
518
330
50B
100
AcDbEntity
  8
A-SECTMBM
  6
DASHED
100
AcDbLine
 10
362.7935251882529
 20
-20.61302314833437
 30
0.0
 11
363.7935251882529
 21
-20.61302314833437
 31
0.0
1001
REVIT
1002
{
1070
     1
1000
128150
1002
}
1002
{
1070
     5
1000
28598
1002
}
1002
{
1070
     2
1000
-2000120
1002
}
1002
{
1070
     3
1000
-2000122
1002
}
  0
LINE
  5
519
330
50B
100
AcDbEntity
  8
A-SECTMBM
  6
DASHED
100
AcDbLine
 10
362.7935251882529
 20
-20.07302314833436
 30
0.0
 11
363.7935251882529
 21
-20.07302314833436
 31
0.0
1001
REVIT
1002
{
1070
     1
1000
128150
1002
}
1002
{
1070
     5
1000
28598
1002
}
1002
{
1070
     2
1000
-2000120
1002
}
1002
{
1070
     3
1000
-2000122
1002
}
  0
LINE
  5
51A
330
50B
100
AcDbEntity
  8
A-SECTMBM
  6
DASHED
100
AcDbLine
 10
362.7935251882529
 20
-19.80302314833438
 30
0.0
 11
363.7935251882529
 21
-19.80302314833438
 31
0.0
1001
REVIT
1002
{
1070
     1
1000
128150
1002
}
1002
{
1070
     5
1000
28598
1002
}
1002
{
1070
     2
1000
-2000120
1002
}
1002
{
1070
     3
1000
-2000122
1002
}
  0
LINE
  5
51B
330
50B
100
AcDbEntity
  8
A-SECTMBM
  6
DASHED
100
AcDbLine
 10
362.7935251882529
 20
-19.53302314833437
 30
0.0
 11
363.7935251882529
 21
-19.53302314833437
 31
0.0
1001
REVIT
1002
{
1070
     1
1000
128150
1002
}
1002
{
1070
     5
1000
28598
1002
}
1002
{
1070
     2
1000
-2000120
1002
}
1002
{
1070
     3
1000
-2000122
1002
}
  0
LINE
  5
51C
330
50B
100
AcDbEntity
  8
A-SECTMBM
100
AcDbLine
 10
362.7935251882529
 20
-18.99302314833438
 30
0.0
 11
363.7935251882529
 21
-18.99302314833438
 31
0.0
1001
REVIT
1002
{
1070
     1
1000
128150
1002
}
1002
{
1070
     5
1000
28598
1002
}
1002
{
1070
     2
1000
-2000120
1002
}
1002
{
1070
     3
1000
-2000122
1002
}
  0
LINE
  5
51D
330
50B
100
AcDbEntity
  8
A-SECTMBM
100
AcDbLine
 10
362.7935251882529
 20
-18.72302314833437
 30
0.0
 11
363.7935251882529
 21
-18.72302314833437
 31
0.0
1001
REVIT
1002
{
1070
     1
1000
128150
1002
}
1002
{
1070
     5
1000
28598
1002
}
1002
{
1070
     2
1000
-2000120
1002
}
1002
{
1070
     3
1000
-2000122
1002
}
  0
LINE
  5
51E
330
50B
100
AcDbEntity
  8
A-SECTMBM
100
AcDbLine
 10
362.7935251882529
 20
-18.45302314833436
 30
0.0
 11
363.3971486336961
 21
-18.45302314833436
 31
0.0
1001
REVIT
1002
{
1070
     1
1000
128150
1002
}
1002
{
1070
     5
1000
28598
1002
}
1002
{
1070
     2
1000
-2000120
1002
}
1002
{
1070
     3
1000
-2000122
1002
}
  0
LINE
  5
51F
330
50B
100
AcDbEntity
  8
A-SECTMBM
100
AcDbLine
 10
362.7935251882529
 20
-17.91302314833436
 30
0.0
 11
363.7935251882529
 21
-17.91302314833436
 31
0.0
1001
REVIT
1002
{
1070
     1
1000
128150
1002
}
1002
{
1070
     5
1000
28598
1002
}
1002
{
1070
     2
1000
-2000120
1002
}
1002
{
1070
     3
1000
-2000122
1002
}
  0
LINE
  5
520
330
50B
100
AcDbEntity
  8
A-SECTMBM
100
AcDbLine
 10
362.7935251882528
 20
-16.98678096559971
 30
0.0
 11
364.3935251882529
 21
-16.98678096559976
 31
0.0
1001
REVIT
1002
{
1070
     1
1000
128150
1002
}
1002
{
1070
     5
1000
28598
1002
}
1002
{
1070
     2
1000
-2000120
1002
}
1002
{
1070
     3
1000
-2000122
1002
}
  0
LINE
  5
521
330
50B
100
AcDbEntity
  8
A-FLORHRM
  6
Overhead
100
AcDbLine
 10
363.8335251882529
 20
-20.29302314833442
 30
0.0
 11
363.833525188253
 21
-18.54302314833436
 31
0.0
1001
REVIT
1002
{
1070
     1
1000
128150
1002
}
1002
{
1070
     5
1000
28598
1002
}
1002
{
1070
     2
1000
-2000120
1002
}
1002
{
1070
     3
1000
-2000124
1002
}
  0
LINE
  5
525
330
50B
100
AcDbEntity
  8
A-FLORHRM
  6
Overhead
100
AcDbLine
 10
363.7935251882529
 20
-17.91302314833436
 30
0.0
 11
363.7935251882531
 21
-20.61302314833437
 31
0.0
1001
REVIT
1002
{
1070
     1
1000
128150
1002
}
1002
{
1070
     5
1000
28598
1002
}
1002
{
1070
     2
1000
-2000120
1002
}
1002
{
1070
     3
1000
-2000124
1002
}
  0
LINE
  5
526
330
50B
100
AcDbEntity
  8
A-FLORHRM
  6
Overhead
100
AcDbLine
 10
363.8335251882528
 20
-17.96302314833436
 30
0.0
 11
363.8335251882528
 21
-20.61302314833437
 31
0.0
1001
REVIT
1002
{
1070
     1
1000
128150
1002
}
1002
{
1070
     5
1000
28598
1002
}
1002
{
1070
     2
1000
-2000120
1002
}
1002
{
1070
     3
1000
-2000124
1002
}
  0
LINE
  5
527
330
50B
100
AcDbEntity
  8
A-SECTMBM
  6
DASHED
100
AcDbLine
 10
362.7935251882529
 20
-19.26302314833442
 30
0.0
 11
363.7935251882529
 21
-19.26302314833433
 31
0.0
  0
INSERT
  5
528
330
50B
100
AcDbEntity
  8
A-FLORSTM
100
AcDbBlockReference
  2
cutlin
 10
558.6037638671532
 20
-18.68510525023544
 30
0.0
 50
180.0
  0
LINE
  5
534
330
50B
100
AcDbEntity
  8
A-SECTMBM
100
AcDbLine
 10
363.3971486336961
 20
-18.45302314833436
 30
0.0
 11
363.7935251882529
 21
-18.45302314833436
 31
0.0
  0
LINE
  5
535
330
50B
100
AcDbEntity
  8
A-FLORHRM
  6
Overhead
100
AcDbLine
 10
363.8335251882528
 20
-20.61302314833437
 30
0.0
 11
363.7935251882529
 21
-20.61302314833437
 31
0.0
  0
LINE
  5
536
330
50B
100
AcDbEntity
  8
A-SECTMBM
100
AcDbLine
 10
363.7935251882529
 20
-17.91302314833436
 30
0.0
 11
364.6935251882529
 21
-17.91302314833436
 31
0.0
  0
LINE
  5
537
330
50B
100
AcDbEntity
  8
A-FLORHRM
  6
Overhead
100
AcDbLine
 10
363.8335251882528
 20
-17.96302314833436
 30
0.0
 11
364.6935251882528
 21
-17.96302314833437
 31
0.0
  0
LINE
  5
538
330
50B
100
AcDbEntity
  8
A-SECTMBM
100
AcDbLine
 10
364.0935251882529
 20
-17.91302314833436
 30
0.0
 11
364.0935251882529
 21
-16.98678096559975
 31
0.0
  0
LINE
  5
539
330
50B
100
AcDbEntity
  8
A-SECTMBM
100
AcDbLine
 10
364.3935251882529
 20
-17.91302314833436
 30
0.0
 11
364.3935251882529
 21
-16.98678096559975
 31
0.0
  0
LINE
  5
53A
330
50B
100
AcDbEntity
  8
A-SECTMBM
100
AcDbLine
 10
363.8335251882529
 20
-17.91302314833436
 30
0.0
 11
363.8335251882529
 21
-16.98678096559974
 31
0.0
  0
LINE
  5
53B
330
50B
100
AcDbEntity
  8
A-FLORHRM
  6
Overhead
100
AcDbLine
 10
364.6935251882529
 20
-17.96302314833437
 30
0.0
 11
364.6935251882529
 21
-17.91302314833437
 31
0.0
  0
LINE
  5
53C
330
50B
100
AcDbEntity
  8
A-SECTMBM
100
AcDbLine
 10
364.6935251882529
 20
-17.91302314833436
 30
0.0
 11
364.6935251882529
 21
-16.98678096559975
 31
0.0
  0
ENDBLK
  5
53D
330
50B
100
AcDbEntity
  8
0
100
AcDbBlockEnd
  0
BLOCK
  5
52D
330
52C
100
AcDbEntity
  8
0
100
AcDbBlockBegin
  2
cutlin
 70
     0
 10
0.0
 20
0.0
 30
0.0
  3
cutlin
  1

  0
LINE
  5
52E
330
52C
100
AcDbEntity
  8
A-FLORSTM
100
AcDbLine
 10
195.8102386789002
 20
0.1670859802347425
 30
0.0
 11
195.4146365830884
 21
0.4411303411517241
 31
0.0
1001
REVIT
1002
{
1070
     1
1000
128150
1002
}
1002
{
1070
     5
1000
28598
1002
}
1002
{
1070
     2
1000
-2000120
1002
}
  0
LINE
  5
52F
330
52C
100
AcDbEntity
  8
A-FLORSTM
100
AcDbLine
 10
195.4146365830884
 20
0.4411303411517241
 30
0.0
 11
195.4006377732086
 21
0.6439469968334964
 31
0.0
1001
REVIT
1002
{
1070
     1
1000
128150
1002
}
1002
{
1070
     5
1000
28598
1002
}
1002
{
1070
     2
1000
-2000120
1002
}
  0
LINE
  5
530
330
52C
100
AcDbEntity
  8
A-FLORSTM
100
AcDbLine
 10
195.4006377732086
 20
0.6439469968334964
 30
0.0
 11
195.2198395845919
 21
0.382952236363214
 31
0.0
1001
REVIT
1002
{
1070
     1
1000
128150
1002
}
1002
{
1070
     5
1000
28598
1002
}
1002
{
1070
     2
1000
-2000120
1002
}
  0
LINE
  5
531
330
52C
100
AcDbEntity
  8
A-FLORSTM
100
AcDbLine
 10
195.2198395845919
 20
0.382952236363214
 30
0.0
 11
195.2058407747122
 21
0.5857688920450431
 31
0.0
1001
REVIT
1002
{
1070
     1
1000
128150
1002
}
1002
{
1070
     5
1000
28598
1002
}
1002
{
1070
     2
1000
-2000120
1002
}
  0
LINE
  5
532
330
52C
100
AcDbEntity
  8
A-FLORSTM
100
AcDbLine
 10
195.2058407747122
 20
0.5857688920450431
 30
0.0
 11
194.8102386789003
 21
0.8598132529619892
 31
0.0
1001
REVIT
1002
{
1070
     1
1000
128150
1002
}
1002
{
1070
     5
1000
28598
1002
}
1002
{
1070
     2
1000
-2000120
1002
}
  0
ENDBLK
  5
533
330
52C
100
AcDbEntity
  8
0
100
AcDbBlockEnd
  0
BLOCK
  5
576
330
573
100
AcDbEntity
  8
0
100
AcDbBlockBegin
  2
isla kitc
 70
     0
 10
0.0
 20
0.0
 30
0.0
  3
isla kitc
  1

  0
LINE
  5
577
330
573
100
AcDbEntity
  8
MOBILIARIO
100
AcDbLine
 10
-371.2105569453407
 20
5.381032986212112
 30
0.0
 11
-371.2685280744262
 21
5.372646124748307
 31
0.0
  0
LINE
  5
578
330
573
100
AcDbEntity
  8
MOBILIARIO
100
AcDbLine
 10
-371.1576999648108
 20
5.405092412807235
 30
0.0
 11
-371.2105569453407
 21
5.381032986212112
 31
0.0
  0
LINE
  5
579
330
573
100
AcDbEntity
  8
MOBILIARIO
100
AcDbLine
 10
-371.0745528959218
 20
5.495713840710529
 30
0.0
 11
-371.0818753718835
 21
5.485227207232185
 31
0.0
  0
LINE
  5
57A
330
573
100
AcDbEntity
  8
MOBILIARIO
100
AcDbLine
 10
-371.0521768753071
 20
5.555077019216171
 30
0.0
 11
-371.0745528959218
 21
5.495713840710529
 31
0.0
  0
LINE
  5
57B
330
573
100
AcDbEntity
  8
MOBILIARIO
100
AcDbLine
 10
-371.044544831375
 20
5.618781556672751
 30
0.0
 11
-371.0521768753071
 21
5.555077019216171
 31
0.0
  0
LINE
  5
57C
330
573
100
AcDbEntity
  8
MOBILIARIO
100
AcDbLine
 10
-371.052176875307
 20
5.682486094129331
 30
0.0
 11
-371.044544831375
 21
5.618781556672751
 31
0.0
  0
LINE
  5
57D
330
573
100
AcDbEntity
  8
MOBILIARIO
100
AcDbLine
 10
-371.0820451882926
 20
5.761726188958775
 30
0.0
 11
-371.052176875307
 21
5.682486094129331
 31
0.0
  0
LINE
  5
57E
330
573
100
AcDbEntity
  8
MOBILIARIO
100
AcDbLine
 10
-371.0706762097309
 20
5.651599614262672
 30
0.0
 11
-371.0818753718835
 21
5.651599614262672
 31
0.0
  0
LINE
  5
57F
330
573
100
AcDbEntity
  8
MOBILIARIO
100
AcDbLine
 10
-371.0333125040816
 20
5.553926188958769
 30
0.0
 11
-371.0465530040815
 21
5.553926188958762
 31
0.0
  0
LINE
  5
580
330
573
100
AcDbEntity
  8
MOBILIARIO
100
AcDbLine
 10
-371.464278115788
 20
5.684065834832509
 30
0.0
 11
-371.4551807769689
 21
5.689981688253212
 31
0.0
  0
LINE
  5
581
330
573
100
AcDbEntity
  8
MOBILIARIO
100
AcDbLine
 10
-371.3264992035117
 20
5.381032986212112
 30
0.0
 11
-371.2685280744262
 21
5.372646124748307
 31
0.0
  0
LINE
  5
582
330
573
100
AcDbEntity
  8
MOBILIARIO
100
AcDbLine
 10
-371.3793561840416
 20
5.405092412807242
 30
0.0
 11
-371.3264992035117
 21
5.381032986212112
 31
0.0
  0
LINE
  5
583
330
573
100
AcDbEntity
  8
MOBILIARIO
100
AcDbLine
 10
-371.4625032529306
 20
5.495713840710529
 30
0.0
 11
-371.4551807769689
 21
5.485227207232192
 31
0.0
  0
LINE
  5
584
330
573
100
AcDbEntity
  8
MOBILIARIO
100
AcDbLine
 10
-371.4848792735453
 20
5.555077019216178
 30
0.0
 11
-371.4625032529306
 21
5.495713840710529
 31
0.0
  0
LINE
  5
585
330
573
100
AcDbEntity
  8
MOBILIARIO
100
AcDbLine
 10
-371.4925113174774
 20
5.618781556672758
 30
0.0
 11
-371.4848792735453
 21
5.555077019216178
 31
0.0
  0
LINE
  5
586
330
573
100
AcDbEntity
  8
MOBILIARIO
100
AcDbLine
 10
-371.4848792735453
 20
5.682486094129338
 30
0.0
 11
-371.4925113174774
 21
5.618781556672758
 31
0.0
  0
LINE
  5
587
330
573
100
AcDbEntity
  8
MOBILIARIO
100
AcDbLine
 10
-371.4625032529306
 20
5.74184927263498
 30
0.0
 11
-371.4848792735453
 21
5.682486094129338
 31
0.0
  0
LINE
  5
588
330
573
100
AcDbEntity
  8
MOBILIARIO
100
AcDbLine
 10
-371.4551807769689
 20
5.752335906113352
 30
0.0
 11
-371.4625032529306
 21
5.74184927263498
 31
0.0
  0
LINE
  5
589
330
573
100
AcDbEntity
  8
MOBILIARIO
100
AcDbLine
 10
-371.4663799391215
 20
5.651599614262679
 30
0.0
 11
-371.4551807769689
 21
5.651599614262679
 31
0.0
  0
LINE
  5
58A
330
573
100
AcDbEntity
  8
MOBILIARIO
100
AcDbLine
 10
-371.4663799391215
 20
5.58596349908283
 30
0.0
 11
-371.4551807769689
 21
5.58596349908283
 31
0.0
  0
LINE
  5
58B
330
573
100
AcDbEntity
  8
MOBILIARIO
100
AcDbLine
 10
-372.0563779740914
 20
5.802098831758499
 30
0.0
 11
-372.0543993224397
 21
5.802266538073688
 31
0.0
  0
LINE
  5
58C
330
573
100
AcDbEntity
  8
MOBILIARIO
100
AcDbLine
 10
-372.0730741892233
 20
5.796271609836538
 30
0.0
 11
-372.0681839810314
 21
5.793855821976955
 31
0.0
  0
LINE
  5
58D
330
573
100
AcDbEntity
  8
MOBILIARIO
100
AcDbLine
 10
-372.0624892129767
 20
5.792337194242151
 30
0.0
 11
-372.0563779740914
 21
5.791819218602605
 31
0.0
  0
LINE
  5
58E
330
573
100
AcDbEntity
  8
MOBILIARIO
100
AcDbLine
 10
-372.063762402586
 20
5.805746777205144
 30
0.0
 11
-372.0629986715556
 21
5.804559732448503
 31
0.0
  0
LINE
  5
58F
330
573
100
AcDbEntity
  8
MOBILIARIO
100
AcDbLine
 10
-372.0617837509343
 20
5.803540394007044
 30
0.0
 11
-372.0602004355546
 21
5.802758228111038
 31
0.0
  0
LINE
  5
590
330
573
100
AcDbEntity
  8
MOBILIARIO
100
AcDbLine
 10
-372.0583566257431
 20
5.802266538073688
 30
0.0
 11
-372.0563779740914
 21
5.802098831758499
 31
0.0
  0
LINE
  5
591
330
573
100
AcDbEntity
  8
MOBILIARIO
100
AcDbLine
 10
-372.0681839810314
 20
5.793855821976955
 30
0.0
 11
-372.0624892129767
 21
5.792337194242151
 31
0.0
  0
LINE
  5
592
330
573
100
AcDbEntity
  8
MOBILIARIO
100
AcDbLine
 10
-372.076826577946
 20
5.799419925870552
 30
0.0
 11
-372.0730741892233
 21
5.796271609836538
 31
0.0
  0
LINE
  5
593
330
573
100
AcDbEntity
  8
MOBILIARIO
100
AcDbLine
 10
-372.0602004355546
 20
5.802758228111038
 30
0.0
 11
-372.0583566257431
 21
5.802266538073688
 31
0.0
  0
LINE
  5
594
330
573
100
AcDbEntity
  8
MOBILIARIO
100
AcDbLine
 10
-372.0799899879713
 20
5.807020633138507
 30
0.0
 11
-372.0791854281087
 21
5.803086217544113
 31
0.0
  0
LINE
  5
595
330
573
100
AcDbEntity
  8
MOBILIARIO
100
AcDbLine
 10
-372.0629986715556
 20
5.804559732448503
 30
0.0
 11
-372.0617837509343
 21
5.803540394007044
 31
0.0
  0
LINE
  5
596
330
573
100
AcDbEntity
  8
MOBILIARIO
100
AcDbLine
 10
-372.0640228970178
 20
5.807020633138507
 30
0.0
 11
-372.063762402586
 21
5.805746777205144
 31
0.0
  0
LINE
  5
597
330
573
100
AcDbEntity
  8
MOBILIARIO
100
AcDbLine
 10
-372.0791854281087
 20
5.803086217544113
 30
0.0
 11
-372.076826577946
 21
5.799419925870552
 31
0.0
  0
LINE
  5
598
330
573
100
AcDbEntity
  8
MOBILIARIO
100
AcDbLine
 10
-372.050266735206
 20
5.792337194242151
 30
0.0
 11
-372.0445719671515
 21
5.793855821976955
 31
0.0
  0
LINE
  5
599
330
573
100
AcDbEntity
  8
MOBILIARIO
100
AcDbLine
 10
-372.063762402586
 20
5.808294489071862
 30
0.0
 11
-372.0640228970178
 21
5.807020633138507
 31
0.0
  0
LINE
  5
59A
330
573
100
AcDbEntity
  8
MOBILIARIO
100
AcDbLine
 10
-372.0525555126282
 20
5.802758228111038
 30
0.0
 11
-372.0509721972485
 21
5.803540394007044
 31
0.0
  0
LINE
  5
59B
330
573
100
AcDbEntity
  8
MOBILIARIO
100
AcDbLine
 10
-372.076826577946
 20
5.814621340406454
 30
0.0
 11
-372.0791854281087
 21
5.810955048732893
 31
0.0
  0
LINE
  5
59C
330
573
100
AcDbEntity
  8
MOBILIARIO
100
AcDbLine
 10
-372.0629986715556
 20
5.809481533828503
 30
0.0
 11
-372.063762402586
 21
5.808294489071862
 31
0.0
  0
LINE
  5
59D
330
573
100
AcDbEntity
  8
MOBILIARIO
100
AcDbLine
 10
-372.0730741892233
 20
5.817769656440468
 30
0.0
 11
-372.076826577946
 21
5.814621340406454
 31
0.0
  0
LINE
  5
59E
330
573
100
AcDbEntity
  8
MOBILIARIO
100
AcDbLine
 10
-372.0445719671515
 20
5.793855821976955
 30
0.0
 11
-372.0396817589594
 21
5.796271609836538
 31
0.0
  0
LINE
  5
59F
330
573
100
AcDbEntity
  8
MOBILIARIO
100
AcDbLine
 10
-372.0617837509343
 20
5.810500872269955
 30
0.0
 11
-372.0629986715556
 21
5.809481533828503
 31
0.0
  0
LINE
  5
5A0
330
573
100
AcDbEntity
  8
MOBILIARIO
100
AcDbLine
 10
-372.0509721972485
 20
5.803540394007044
 30
0.0
 11
-372.0497572766272
 21
5.804559732448503
 31
0.0
  0
LINE
  5
5A1
330
573
100
AcDbEntity
  8
MOBILIARIO
100
AcDbLine
 10
-372.0681839810314
 20
5.820185444300051
 30
0.0
 11
-372.0730741892233
 21
5.817769656440468
 31
0.0
  0
LINE
  5
5A2
330
573
100
AcDbEntity
  8
MOBILIARIO
100
AcDbLine
 10
-372.0335705200741
 20
5.803086217544113
 30
0.0
 11
-372.0327659602115
 21
5.807020633138507
 31
0.0
  0
LINE
  5
5A3
330
573
100
AcDbEntity
  8
MOBILIARIO
100
AcDbLine
 10
-372.0602004355546
 20
5.811283038165968
 30
0.0
 11
-372.0617837509343
 21
5.810500872269955
 31
0.0
  0
LINE
  5
5A4
330
573
100
AcDbEntity
  8
MOBILIARIO
100
AcDbLine
 10
-372.0359293702369
 20
5.814621340406454
 30
0.0
 11
-372.0396817589594
 21
5.817769656440468
 31
0.0
  0
LINE
  5
5A5
330
573
100
AcDbEntity
  8
MOBILIARIO
100
AcDbLine
 10
-372.0396817589594
 20
5.817769656440468
 30
0.0
 11
-372.0445719671515
 21
5.820185444300051
 31
0.0
  0
LINE
  5
5A6
330
573
100
AcDbEntity
  8
MOBILIARIO
100
AcDbLine
 10
-372.0445719671515
 20
5.820185444300051
 30
0.0
 11
-372.050266735206
 21
5.821704072034855
 31
0.0
  0
LINE
  5
5A7
330
573
100
AcDbEntity
  8
MOBILIARIO
100
AcDbLine
 10
-372.050266735206
 20
5.821704072034855
 30
0.0
 11
-372.0563779740914
 21
5.822222047674401
 31
0.0
  0
LINE
  5
5A8
330
573
100
AcDbEntity
  8
MOBILIARIO
100
AcDbLine
 10
-372.0563779740914
 20
5.822222047674401
 30
0.0
 11
-372.0624892129767
 21
5.821704072034855
 31
0.0
  0
LINE
  5
5A9
330
573
100
AcDbEntity
  8
MOBILIARIO
100
AcDbLine
 10
-372.0624892129767
 20
5.821704072034855
 30
0.0
 11
-372.0681839810314
 21
5.820185444300051
 31
0.0
  0
LINE
  5
5AA
330
573
100
AcDbEntity
  8
MOBILIARIO
100
AcDbLine
 10
-372.0791854281087
 20
5.810955048732893
 30
0.0
 11
-372.0799899879713
 21
5.807020633138507
 31
0.0
  0
LINE
  5
5AB
330
573
100
AcDbEntity
  8
MOBILIARIO
100
AcDbLine
 10
-372.0563779740914
 20
5.791819218602605
 30
0.0
 11
-372.050266735206
 21
5.792337194242151
 31
0.0
  0
LINE
  5
5AC
330
573
100
AcDbEntity
  8
MOBILIARIO
100
AcDbLine
 10
-372.0396817589594
 20
5.796271609836538
 30
0.0
 11
-372.0359293702369
 21
5.799419925870552
 31
0.0
  0
LINE
  5
5AD
330
573
100
AcDbEntity
  8
MOBILIARIO
100
AcDbLine
 10
-372.0359293702369
 20
5.799419925870552
 30
0.0
 11
-372.0335705200741
 21
5.803086217544113
 31
0.0
  0
LINE
  5
5AE
330
573
100
AcDbEntity
  8
MOBILIARIO
100
AcDbLine
 10
-372.0327659602115
 20
5.807020633138507
 30
0.0
 11
-372.0335705200741
 21
5.810955048732893
 31
0.0
  0
LINE
  5
5AF
330
573
100
AcDbEntity
  8
MOBILIARIO
100
AcDbLine
 10
-372.0335705200741
 20
5.810955048732893
 30
0.0
 11
-372.0359293702369
 21
5.814621340406454
 31
0.0
  0
LINE
  5
5B0
330
573
100
AcDbEntity
  8
MOBILIARIO
100
AcDbLine
 10
-372.0583566257431
 20
5.811774728203318
 30
0.0
 11
-372.0602004355546
 21
5.811283038165968
 31
0.0
  0
LINE
  5
5B1
330
573
100
AcDbEntity
  8
MOBILIARIO
100
AcDbLine
 10
-372.0497572766272
 20
5.804559732448503
 30
0.0
 11
-372.0489935455968
 21
5.805746777205144
 31
0.0
  0
LINE
  5
5B2
330
573
100
AcDbEntity
  8
MOBILIARIO
100
AcDbLine
 10
-372.0563779740914
 20
5.811942434518507
 30
0.0
 11
-372.0583566257431
 21
5.811774728203318
 31
0.0
  0
LINE
  5
5B3
330
573
100
AcDbEntity
  8
MOBILIARIO
100
AcDbLine
 10
-372.0543993224397
 20
5.811774728203318
 30
0.0
 11
-372.0563779740914
 21
5.811942434518507
 31
0.0
  0
LINE
  5
5B4
330
573
100
AcDbEntity
  8
MOBILIARIO
100
AcDbLine
 10
-372.0543993224397
 20
5.802266538073688
 30
0.0
 11
-372.0525555126282
 21
5.802758228111038
 31
0.0
  0
LINE
  5
5B5
330
573
100
AcDbEntity
  8
MOBILIARIO
100
AcDbLine
 10
-372.0489935455968
 20
5.805746777205144
 30
0.0
 11
-372.048733051165
 21
5.807020633138507
 31
0.0
  0
LINE
  5
5B6
330
573
100
AcDbEntity
  8
MOBILIARIO
100
AcDbLine
 10
-372.0525555126282
 20
5.811283038165968
 30
0.0
 11
-372.0543993224397
 21
5.811774728203318
 31
0.0
  0
LINE
  5
5B7
330
573
100
AcDbEntity
  8
MOBILIARIO
100
AcDbLine
 10
-372.0509721972485
 20
5.810500872269955
 30
0.0
 11
-372.0525555126282
 21
5.811283038165968
 31
0.0
  0
LINE
  5
5B8
330
573
100
AcDbEntity
  8
MOBILIARIO
100
AcDbLine
 10
-372.0497572766272
 20
5.809481533828503
 30
0.0
 11
-372.0509721972485
 21
5.810500872269955
 31
0.0
  0
LINE
  5
5B9
330
573
100
AcDbEntity
  8
MOBILIARIO
100
AcDbLine
 10
-372.0489935455968
 20
5.808294489071862
 30
0.0
 11
-372.0497572766272
 21
5.809481533828503
 31
0.0
  0
LINE
  5
5BA
330
573
100
AcDbEntity
  8
MOBILIARIO
100
AcDbLine
 10
-372.048733051165
 20
5.807020633138507
 30
0.0
 11
-372.0489935455968
 21
5.808294489071862
 31
0.0
  0
LINE
  5
5BB
330
573
100
AcDbEntity
  8
MOBILIARIO
100
AcDbLine
 10
-371.9930728848616
 20
5.807020633138507
 30
0.0
 11
-371.9928424960867
 21
5.807020633138507
 31
0.0
  0
LINE
  5
5BC
330
573
100
AcDbEntity
  8
MOBILIARIO
100
AcDbLine
 10
-371.9943736224804
 20
5.808294489071862
 30
0.0
 11
-371.9946341169122
 21
5.807020633138507
 31
0.0
  0
LINE
  5
5BD
330
573
100
AcDbEntity
  8
MOBILIARIO
100
AcDbLine
 10
-371.9831667325226
 20
5.802758228111038
 30
0.0
 11
-371.9815834171429
 21
5.803540394007044
 31
0.0
  0
LINE
  5
5BE
330
573
100
AcDbEntity
  8
MOBILIARIO
100
AcDbLine
 10
-372.0074377978403
 20
5.814621340406454
 30
0.0
 11
-372.0097966480031
 21
5.810955048732893
 31
0.0
  0
LINE
  5
5BF
330
573
100
AcDbEntity
  8
MOBILIARIO
100
AcDbLine
 10
-371.99360989145
 20
5.809481533828503
 30
0.0
 11
-371.9943736224804
 21
5.808294489071862
 31
0.0
  0
LINE
  5
5C0
330
573
100
AcDbEntity
  8
MOBILIARIO
100
AcDbLine
 10
-372.0036854091178
 20
5.817769656440468
 30
0.0
 11
-372.0074377978403
 21
5.814621340406454
 31
0.0
  0
LINE
  5
5C1
330
573
100
AcDbEntity
  8
MOBILIARIO
100
AcDbLine
 10
-371.9751831870458
 20
5.793855821976955
 30
0.0
 11
-371.9702929788538
 21
5.796271609836538
 31
0.0
  0
LINE
  5
5C2
330
573
100
AcDbEntity
  8
MOBILIARIO
100
AcDbLine
 10
-371.9923949708287
 20
5.810500872269955
 30
0.0
 11
-371.99360989145
 21
5.809481533828503
 31
0.0
  0
LINE
  5
5C3
330
573
100
AcDbEntity
  8
MOBILIARIO
100
AcDbLine
 10
-371.9815834171429
 20
5.803540394007044
 30
0.0
 11
-371.9803684965216
 21
5.804559732448503
 31
0.0
  0
LINE
  5
5C4
330
573
100
AcDbEntity
  8
MOBILIARIO
100
AcDbLine
 10
-371.9987952009258
 20
5.820185444300051
 30
0.0
 11
-372.0036854091178
 21
5.817769656440468
 31
0.0
  0
LINE
  5
5C5
330
573
100
AcDbEntity
  8
MOBILIARIO
100
AcDbLine
 10
-371.9641817399685
 20
5.803086217544113
 30
0.0
 11
-371.9633771801059
 21
5.807020633138507
 31
0.0
  0
LINE
  5
5C6
330
573
100
AcDbEntity
  8
MOBILIARIO
100
AcDbLine
 10
-371.990811655449
 20
5.811283038165968
 30
0.0
 11
-371.9923949708287
 21
5.810500872269955
 31
0.0
  0
LINE
  5
5C7
330
573
100
AcDbEntity
  8
MOBILIARIO
100
AcDbLine
 10
-371.9665405901313
 20
5.814621340406454
 30
0.0
 11
-371.9702929788538
 21
5.817769656440468
 31
0.0
  0
LINE
  5
5C8
330
573
100
AcDbEntity
  8
MOBILIARIO
100
AcDbLine
 10
-371.9702929788538
 20
5.817769656440468
 30
0.0
 11
-371.9751831870458
 21
5.820185444300051
 31
0.0
  0
LINE
  5
5C9
330
573
100
AcDbEntity
  8
MOBILIARIO
100
AcDbLine
 10
-371.9751831870458
 20
5.820185444300051
 30
0.0
 11
-371.9808779551005
 21
5.821704072034855
 31
0.0
  0
LINE
  5
5CA
330
573
100
AcDbEntity
  8
MOBILIARIO
100
AcDbLine
 10
-371.9808779551005
 20
5.821704072034855
 30
0.0
 11
-371.9869891939858
 21
5.822222047674401
 31
0.0
  0
LINE
  5
5CB
330
573
100
AcDbEntity
  8
MOBILIARIO
100
AcDbLine
 10
-371.9869891939858
 20
5.822222047674401
 30
0.0
 11
-371.9931004328712
 21
5.821704072034855
 31
0.0
  0
LINE
  5
5CC
330
573
100
AcDbEntity
  8
MOBILIARIO
100
AcDbLine
 10
-371.9931004328712
 20
5.821704072034855
 30
0.0
 11
-371.9987952009258
 21
5.820185444300051
 31
0.0
  0
LINE
  5
5CD
330
573
100
AcDbEntity
  8
MOBILIARIO
100
AcDbLine
 10
-372.0097966480031
 20
5.810955048732893
 30
0.0
 11
-372.0106012078658
 21
5.807020633138507
 31
0.0
  0
LINE
  5
5CE
330
573
100
AcDbEntity
  8
MOBILIARIO
100
AcDbLine
 10
-371.9869891939858
 20
5.791819218602605
 30
0.0
 11
-371.9808779551005
 21
5.792337194242151
 31
0.0
  0
LINE
  5
5CF
330
573
100
AcDbEntity
  8
MOBILIARIO
100
AcDbLine
 10
-371.9702929788538
 20
5.796271609836538
 30
0.0
 11
-371.9665405901313
 21
5.799419925870552
 31
0.0
  0
LINE
  5
5D0
330
573
100
AcDbEntity
  8
MOBILIARIO
100
AcDbLine
 10
-371.9665405901313
 20
5.799419925870552
 30
0.0
 11
-371.9641817399685
 21
5.803086217544113
 31
0.0
  0
LINE
  5
5D1
330
573
100
AcDbEntity
  8
MOBILIARIO
100
AcDbLine
 10
-371.9633771801059
 20
5.807020633138507
 30
0.0
 11
-371.9641817399685
 21
5.810955048732893
 31
0.0
  0
LINE
  5
5D2
330
573
100
AcDbEntity
  8
MOBILIARIO
100
AcDbLine
 10
-371.9641817399685
 20
5.810955048732893
 30
0.0
 11
-371.9665405901313
 21
5.814621340406454
 31
0.0
  0
LINE
  5
5D3
330
573
100
AcDbEntity
  8
MOBILIARIO
100
AcDbLine
 10
-371.9889678456375
 20
5.811774728203318
 30
0.0
 11
-371.990811655449
 21
5.811283038165968
 31
0.0
  0
LINE
  5
5D4
330
573
100
AcDbEntity
  8
MOBILIARIO
100
AcDbLine
 10
-371.9803684965216
 20
5.804559732448503
 30
0.0
 11
-371.9796047654912
 21
5.805746777205144
 31
0.0
  0
LINE
  5
5D5
330
573
100
AcDbEntity
  8
MOBILIARIO
100
AcDbLine
 10
-371.9869891939858
 20
5.811942434518507
 30
0.0
 11
-371.9889678456375
 21
5.811774728203318
 31
0.0
  0
LINE
  5
5D6
330
573
100
AcDbEntity
  8
MOBILIARIO
100
AcDbLine
 10
-371.9850105423341
 20
5.811774728203318
 30
0.0
 11
-371.9869891939858
 21
5.811942434518507
 31
0.0
  0
LINE
  5
5D7
330
573
100
AcDbEntity
  8
MOBILIARIO
100
AcDbLine
 10
-371.9850105423341
 20
5.802266538073688
 30
0.0
 11
-371.9831667325226
 21
5.802758228111038
 31
0.0
  0
LINE
  5
5D8
330
573
100
AcDbEntity
  8
MOBILIARIO
100
AcDbLine
 10
-371.9796047654912
 20
5.805746777205144
 30
0.0
 11
-371.9793442710594
 21
5.807020633138507
 31
0.0
  0
LINE
  5
5D9
330
573
100
AcDbEntity
  8
MOBILIARIO
100
AcDbLine
 10
-371.9831667325226
 20
5.811283038165968
 30
0.0
 11
-371.9850105423341
 21
5.811774728203318
 31
0.0
  0
LINE
  5
5DA
330
573
100
AcDbEntity
  8
MOBILIARIO
100
AcDbLine
 10
-371.9815834171429
 20
5.810500872269955
 30
0.0
 11
-371.9831667325226
 21
5.811283038165968
 31
0.0
  0
LINE
  5
5DB
330
573
100
AcDbEntity
  8
MOBILIARIO
100
AcDbLine
 10
-371.9803684965216
 20
5.809481533828503
 30
0.0
 11
-371.9815834171429
 21
5.810500872269955
 31
0.0
  0
LINE
  5
5DC
330
573
100
AcDbEntity
  8
MOBILIARIO
100
AcDbLine
 10
-371.9796047654912
 20
5.808294489071862
 30
0.0
 11
-371.9803684965216
 21
5.809481533828503
 31
0.0
  0
LINE
  5
5DD
330
573
100
AcDbEntity
  8
MOBILIARIO
100
AcDbLine
 10
-371.9793442710594
 20
5.807020633138507
 30
0.0
 11
-371.9796047654912
 21
5.808294489071862
 31
0.0
  0
LINE
  5
5DE
330
573
100
AcDbEntity
  8
MOBILIARIO
100
AcDbLine
 10
-371.9869891939858
 20
5.802098831758499
 30
0.0
 11
-371.9850105423341
 21
5.802266538073688
 31
0.0
  0
LINE
  5
5DF
330
573
100
AcDbEntity
  8
MOBILIARIO
100
AcDbLine
 10
-372.0036854091178
 20
5.796271609836538
 30
0.0
 11
-371.9987952009258
 21
5.793855821976955
 31
0.0
  0
LINE
  5
5E0
330
573
100
AcDbEntity
  8
MOBILIARIO
100
AcDbLine
 10
-371.9931004328712
 20
5.792337194242151
 30
0.0
 11
-371.9869891939858
 21
5.791819218602605
 31
0.0
  0
LINE
  5
5E1
330
573
100
AcDbEntity
  8
MOBILIARIO
100
AcDbLine
 10
-371.9943736224804
 20
5.805746777205144
 30
0.0
 11
-371.99360989145
 21
5.804559732448503
 31
0.0
  0
LINE
  5
5E2
330
573
100
AcDbEntity
  8
MOBILIARIO
100
AcDbLine
 10
-371.9923949708287
 20
5.803540394007044
 30
0.0
 11
-371.990811655449
 21
5.802758228111038
 31
0.0
  0
LINE
  5
5E3
330
573
100
AcDbEntity
  8
MOBILIARIO
100
AcDbLine
 10
-371.9889678456375
 20
5.802266538073688
 30
0.0
 11
-371.9869891939858
 21
5.802098831758499
 31
0.0
  0
LINE
  5
5E4
330
573
100
AcDbEntity
  8
MOBILIARIO
100
AcDbLine
 10
-371.9987952009258
 20
5.793855821976955
 30
0.0
 11
-371.9931004328712
 21
5.792337194242151
 31
0.0
  0
LINE
  5
5E5
330
573
100
AcDbEntity
  8
MOBILIARIO
100
AcDbLine
 10
-372.0074377978403
 20
5.799419925870552
 30
0.0
 11
-372.0036854091178
 21
5.796271609836538
 31
0.0
  0
LINE
  5
5E6
330
573
100
AcDbEntity
  8
MOBILIARIO
100
AcDbLine
 10
-371.990811655449
 20
5.802758228111038
 30
0.0
 11
-371.9889678456375
 21
5.802266538073688
 31
0.0
  0
LINE
  5
5E7
330
573
100
AcDbEntity
  8
MOBILIARIO
100
AcDbLine
 10
-372.0106012078658
 20
5.807020633138507
 30
0.0
 11
-372.0097966480031
 21
5.803086217544113
 31
0.0
  0
LINE
  5
5E8
330
573
100
AcDbEntity
  8
MOBILIARIO
100
AcDbLine
 10
-371.99360989145
 20
5.804559732448503
 30
0.0
 11
-371.9923949708287
 21
5.803540394007044
 31
0.0
  0
LINE
  5
5E9
330
573
100
AcDbEntity
  8
MOBILIARIO
100
AcDbLine
 10
-371.9946341169122
 20
5.807020633138507
 30
0.0
 11
-371.9943736224804
 21
5.805746777205144
 31
0.0
  0
LINE
  5
5EA
330
573
100
AcDbEntity
  8
MOBILIARIO
100
AcDbLine
 10
-372.0097966480031
 20
5.803086217544113
 30
0.0
 11
-372.0074377978403
 21
5.799419925870552
 31
0.0
  0
LINE
  5
5EB
330
573
100
AcDbEntity
  8
MOBILIARIO
100
AcDbLine
 10
-371.9808779551005
 20
5.792337194242151
 30
0.0
 11
-371.9751831870458
 21
5.793855821976955
 31
0.0
  0
LINE
  5
5EC
330
573
100
AcDbEntity
  8
MOBILIARIO
100
AcDbLine
 10
-371.7167153902281
 20
5.792464469472009
 30
0.0
 11
-371.7090910745095
 21
5.794588739574735
 31
0.0
  0
LINE
  5
5ED
330
573
100
AcDbEntity
  8
MOBILIARIO
100
AcDbLine
 10
-371.7311833412478
 20
5.813098139869957
 30
0.0
 11
-371.7313611443663
 21
5.812108573283233
 31
0.0
  0
LINE
  5
5EE
330
573
100
AcDbEntity
  8
MOBILIARIO
100
AcDbLine
 10
-371.7239908243891
 20
5.815869632339641
 30
0.0
 11
-371.7255278958193
 21
5.815984101987326
 31
0.0
  0
LINE
  5
5EF
330
573
100
AcDbEntity
  8
MOBILIARIO
100
AcDbLine
 10
-371.7270586116439
 20
5.815838552497311
 30
0.0
 11
-371.7284786561091
 21
5.815442902826803
 31
0.0
  0
LINE
  5
5F0
330
573
100
AcDbEntity
  8
MOBILIARIO
100
AcDbLine
 10
-371.7053220503807
 20
5.790534606052184
 30
0.0
 11
-371.6973101139004
 21
5.794623080684502
 31
0.0
  0
LINE
  5
5F1
330
573
100
AcDbEntity
  8
MOBILIARIO
100
AcDbLine
 10
-371.6973101139004
 20
5.794623080684502
 30
0.0
 11
-371.6912148170202
 21
5.799907254480154
 31
0.0
  0
LINE
  5
5F2
330
573
100
AcDbEntity
  8
MOBILIARIO
100
AcDbLine
 10
-371.7147046262302
 20
5.787920453372855
 30
0.0
 11
-371.7053220503807
 21
5.790534606052184
 31
0.0
  0
LINE
  5
5F3
330
573
100
AcDbEntity
  8
MOBILIARIO
100
AcDbLine
 10
-371.7526877165691
 20
5.794062048573394
 30
0.0
 11
-371.7444799287535
 21
5.790137896441948
 31
0.0
  0
LINE
  5
5F4
330
573
100
AcDbEntity
  8
MOBILIARIO
100
AcDbLine
 10
-371.730520511933
 20
5.810208873808691
 30
0.0
 11
-371.7295593640924
 21
5.809428202300658
 31
0.0
  0
LINE
  5
5F5
330
573
100
AcDbEntity
  8
MOBILIARIO
100
AcDbLine
 10
-371.7283171227457
 20
5.808834285384442
 30
0.0
 11
-371.7268784445878
 21
5.808467597516376
 31
0.0
  0
LINE
  5
5F6
330
573
100
AcDbEntity
  8
MOBILIARIO
100
AcDbLine
 10
-371.7248184344105
 20
5.786958772831532
 30
0.0
 11
-371.7147046262302
 21
5.787920453372855
 31
0.0
  0
LINE
  5
5F7
330
573
100
AcDbEntity
  8
MOBILIARIO
100
AcDbLine
 10
-371.7349742356077
 20
5.787715101367851
 30
0.0
 11
-371.7248184344105
 21
5.786958772831532
 31
0.0
  0
LINE
  5
5F8
330
573
100
AcDbEntity
  8
MOBILIARIO
100
AcDbLine
 10
-371.7444799287535
 20
5.790137896441948
 30
0.0
 11
-371.7349742356077
 21
5.787715101367851
 31
0.0
  0
LINE
  5
5F9
330
573
100
AcDbEntity
  8
MOBILIARIO
100
AcDbLine
 10
-371.7296912555313
 20
5.814824115847003
 30
0.0
 11
-371.7306137732638
 21
5.814024360868004
 31
0.0
  0
LINE
  5
5FA
330
573
100
AcDbEntity
  8
MOBILIARIO
100
AcDbLine
 10
-371.7361646427468
 20
5.836416776483169
 30
0.0
 11
-371.7455472185964
 21
5.833802623803841
 31
0.0
  0
LINE
  5
5FB
330
573
100
AcDbEntity
  8
MOBILIARIO
100
AcDbLine
 10
-371.7255278958193
 20
5.815984101987326
 30
0.0
 11
-371.7270586116439
 21
5.815838552497311
 31
0.0
  0
LINE
  5
5FC
330
573
100
AcDbEntity
  8
MOBILIARIO
100
AcDbLine
 10
-371.7630987561958
 20
5.805260635611354
 30
0.0
 11
-371.7590382518787
 21
5.799220133279384
 31
0.0
  0
LINE
  5
5FD
330
573
100
AcDbEntity
  8
MOBILIARIO
100
AcDbLine
 10
-371.7535591550766
 20
5.829714149171515
 30
0.0
 11
-371.7596544519567
 21
5.824429975375864
 31
0.0
  0
LINE
  5
5FE
330
573
100
AcDbEntity
  8
MOBILIARIO
100
AcDbLine
 10
-371.7268784445878
 20
5.808467597516376
 30
0.0
 11
-371.7253413731577
 21
5.808353127868699
 31
0.0
  0
LINE
  5
5FF
330
573
100
AcDbEntity
  8
MOBILIARIO
100
AcDbLine
 10
-371.7311350656306
 20
5.811123098435374
 30
0.0
 11
-371.730520511933
 21
5.810208873808691
 31
0.0
  0
LINE
  5
600
330
573
100
AcDbEntity
  8
MOBILIARIO
100
AcDbLine
 10
-371.7634177248274
 20
5.818310210128551
 30
0.0
 11
-371.7645925128614
 21
5.811771905317784
 31
0.0
  0
LINE
  5
601
330
573
100
AcDbEntity
  8
MOBILIARIO
100
AcDbLine
 10
-371.7295593640924
 20
5.809428202300658
 30
0.0
 11
-371.7283171227457
 21
5.808834285384442
 31
0.0
  0
LINE
  5
602
330
573
100
AcDbEntity
  8
MOBILIARIO
100
AcDbLine
 10
-371.7596544519567
 20
5.824429975375864
 30
0.0
 11
-371.7634177248274
 21
5.818310210128551
 31
0.0
  0
LINE
  5
603
330
573
100
AcDbEntity
  8
MOBILIARIO
100
AcDbLine
 10
-371.7645925128614
 20
5.811771905317784
 30
0.0
 11
-371.7630987561958
 21
5.805260635611354
 31
0.0
  0
LINE
  5
604
330
573
100
AcDbEntity
  8
MOBILIARIO
100
AcDbLine
 10
-371.7284786561091
 20
5.815442902826803
 30
0.0
 11
-371.7296912555313
 21
5.814824115847003
 31
0.0
  0
LINE
  5
605
330
573
100
AcDbEntity
  8
MOBILIARIO
100
AcDbLine
 10
-371.7455472185964
 20
5.833802623803841
 30
0.0
 11
-371.7535591550766
 21
5.829714149171515
 31
0.0
  0
LINE
  5
606
330
573
100
AcDbEntity
  8
MOBILIARIO
100
AcDbLine
 10
-371.7249339080338
 20
5.791683004319474
 30
0.0
 11
-371.7167153902281
 21
5.792464469472009
 31
0.0
  0
LINE
  5
607
330
573
100
AcDbEntity
  8
MOBILIARIO
100
AcDbLine
 10
-371.7590382518787
 20
5.799220133279384
 30
0.0
 11
-371.7526877165691
 21
5.794062048573394
 31
0.0
  0
LINE
  5
608
330
573
100
AcDbEntity
  8
MOBILIARIO
100
AcDbLine
 10
-371.7259353609431
 20
5.832654225536551
 30
0.0
 11
-371.7341538787489
 21
5.831872760384009
 31
0.0
  0
LINE
  5
609
330
573
100
AcDbEntity
  8
MOBILIARIO
100
AcDbLine
 10
-371.717682719457
 20
5.832039630180184
 30
0.0
 11
-371.7259353609431
 21
5.832654225536551
 31
0.0
  0
LINE
  5
60A
330
573
100
AcDbEntity
  8
MOBILIARIO
100
AcDbLine
 10
-371.7572544707863
 20
5.811846247236502
 30
0.0
 11
-371.756040638614
 21
5.806555165473185
 31
0.0
  0
LINE
  5
60B
330
573
100
AcDbEntity
  8
MOBILIARIO
100
AcDbLine
 10
-371.7562998336997
 20
5.81715929782527
 30
0.0
 11
-371.7572544707863
 21
5.811846247236502
 31
0.0
  0
LINE
  5
60C
330
573
100
AcDbEntity
  8
MOBILIARIO
100
AcDbLine
 10
-371.6981282111377
 20
5.822690598842485
 30
0.0
 11
-371.7032886795376
 21
5.826882077486751
 31
0.0
  0
LINE
  5
60D
330
573
100
AcDbEntity
  8
MOBILIARIO
100
AcDbLine
 10
-371.7409109108073
 20
5.794266371883232
 30
0.0
 11
-371.73318654952
 21
5.792297599675834
 31
0.0
  0
LINE
  5
60E
330
573
100
AcDbEntity
  8
MOBILIARIO
100
AcDbLine
 10
-371.7527410578393
 20
5.80164663101354
 30
0.0
 11
-371.7475805894393
 21
5.797455152369267
 31
0.0
  0
LINE
  5
60F
330
573
100
AcDbEntity
  8
MOBILIARIO
100
AcDbLine
 10
-371.756040638614
 20
5.806555165473185
 30
0.0
 11
-371.7527410578393
 21
5.80164663101354
 31
0.0
  0
LINE
  5
610
330
573
100
AcDbEntity
  8
MOBILIARIO
100
AcDbLine
 10
-371.694828630363
 20
5.81778206438284
 30
0.0
 11
-371.6981282111377
 21
5.822690598842485
 31
0.0
  0
LINE
  5
611
330
573
100
AcDbEntity
  8
MOBILIARIO
100
AcDbLine
 10
-371.7090910745095
 20
5.794588739574735
 30
0.0
 11
-371.7025805453945
 21
5.797911049130668
 31
0.0
  0
LINE
  5
612
330
573
100
AcDbEntity
  8
MOBILIARIO
100
AcDbLine
 10
-371.73318654952
 20
5.792297599675834
 30
0.0
 11
-371.7249339080338
 21
5.791683004319474
 31
0.0
  0
LINE
  5
613
330
573
100
AcDbEntity
  8
MOBILIARIO
100
AcDbLine
 10
-371.7341538787489
 20
5.831872760384009
 30
0.0
 11
-371.7417781944675
 21
5.82974849028129
 31
0.0
  0
LINE
  5
614
330
573
100
AcDbEntity
  8
MOBILIARIO
100
AcDbLine
 10
-371.7475805894393
 20
5.797455152369267
 30
0.0
 11
-371.7409109108073
 21
5.794266371883232
 31
0.0
  0
LINE
  5
615
330
573
100
AcDbEntity
  8
MOBILIARIO
100
AcDbLine
 10
-371.6918310170983
 20
5.825117096576633
 30
0.0
 11
-371.6981815524078
 21
5.83027518128263
 31
0.0
  0
LINE
  5
616
330
573
100
AcDbEntity
  8
MOBILIARIO
100
AcDbLine
 10
-371.7417781944675
 20
5.82974849028129
 30
0.0
 11
-371.7482887235826
 21
5.826426180725356
 31
0.0
  0
LINE
  5
617
330
573
100
AcDbEntity
  8
MOBILIARIO
100
AcDbLine
 10
-371.6912148170202
 20
5.799907254480154
 30
0.0
 11
-371.6874515441496
 21
5.806027019727473
 31
0.0
  0
LINE
  5
618
330
573
100
AcDbEntity
  8
MOBILIARIO
100
AcDbLine
 10
-371.7313611443663
 20
5.812108573283233
 30
0.0
 11
-371.7311350656306
 21
5.811123098435374
 31
0.0
  0
LINE
  5
619
330
573
100
AcDbEntity
  8
MOBILIARIO
100
AcDbLine
 10
-371.6945694352773
 20
5.807177932030754
 30
0.0
 11
-371.6936147981907
 21
5.812490982619515
 31
0.0
  0
LINE
  5
61A
330
573
100
AcDbEntity
  8
MOBILIARIO
100
AcDbLine
 10
-371.7260508345665
 20
5.837378457024492
 30
0.0
 11
-371.7361646427468
 21
5.836416776483169
 31
0.0
  0
LINE
  5
61B
330
573
100
AcDbEntity
  8
MOBILIARIO
100
AcDbLine
 10
-371.7032886795376
 20
5.826882077486751
 30
0.0
 11
-371.7099583581697
 21
5.830070857972792
 31
0.0
  0
LINE
  5
61C
330
573
100
AcDbEntity
  8
MOBILIARIO
100
AcDbLine
 10
-371.6936147981907
 20
5.812490982619515
 30
0.0
 11
-371.694828630363
 21
5.81778206438284
 31
0.0
  0
LINE
  5
61D
330
573
100
AcDbEntity
  8
MOBILIARIO
100
AcDbLine
 10
-371.697627484683
 20
5.802204988233946
 30
0.0
 11
-371.6945694352773
 21
5.807177932030754
 31
0.0
  0
LINE
  5
61E
330
573
100
AcDbEntity
  8
MOBILIARIO
100
AcDbLine
 10
-371.7025805453945
 20
5.797911049130668
 30
0.0
 11
-371.697627484683
 21
5.802204988233946
 31
0.0
  0
LINE
  5
61F
330
573
100
AcDbEntity
  8
MOBILIARIO
100
AcDbLine
 10
-371.7063893402234
 20
5.83419933341407
 30
0.0
 11
-371.7158950333693
 21
5.836622128488173
 31
0.0
  0
LINE
  5
620
330
573
100
AcDbEntity
  8
MOBILIARIO
100
AcDbLine
 10
-371.7482887235826
 20
5.826426180725356
 30
0.0
 11
-371.753241784294
 21
5.822132241622079
 31
0.0
  0
LINE
  5
621
330
573
100
AcDbEntity
  8
MOBILIARIO
100
AcDbLine
 10
-371.7158950333693
 20
5.836622128488173
 30
0.0
 11
-371.7260508345665
 21
5.837378457024492
 31
0.0
  0
LINE
  5
622
330
573
100
AcDbEntity
  8
MOBILIARIO
100
AcDbLine
 10
-371.7306137732638
 20
5.814024360868004
 30
0.0
 11
-371.7311833412478
 21
5.813098139869957
 31
0.0
  0
LINE
  5
623
330
573
100
AcDbEntity
  8
MOBILIARIO
100
AcDbLine
 10
-371.7099583581697
 20
5.830070857972792
 30
0.0
 11
-371.717682719457
 21
5.832039630180184
 31
0.0
  0
LINE
  5
624
330
573
100
AcDbEntity
  8
MOBILIARIO
100
AcDbLine
 10
-371.6981815524078
 20
5.83027518128263
 30
0.0
 11
-371.7063893402234
 21
5.83419933341407
 31
0.0
  0
LINE
  5
625
330
573
100
AcDbEntity
  8
MOBILIARIO
100
AcDbLine
 10
-371.753241784294
 20
5.822132241622079
 30
0.0
 11
-371.7562998336997
 21
5.81715929782527
 31
0.0
  0
LINE
  5
626
330
573
100
AcDbEntity
  8
MOBILIARIO
100
AcDbLine
 10
-371.6877705127812
 20
5.819076594244663
 30
0.0
 11
-371.6918310170983
 21
5.825117096576633
 31
0.0
  0
LINE
  5
627
330
573
100
AcDbEntity
  8
MOBILIARIO
100
AcDbLine
 10
-371.7238106573331
 20
5.808498677358713
 30
0.0
 11
-371.7223906128679
 21
5.808894327029222
 31
0.0
  0
LINE
  5
628
330
573
100
AcDbEntity
  8
MOBILIARIO
100
AcDbLine
 10
-371.7223906128679
 20
5.808894327029222
 30
0.0
 11
-371.7211780134457
 21
5.809513114009022
 31
0.0
  0
LINE
  5
629
330
573
100
AcDbEntity
  8
MOBILIARIO
100
AcDbLine
 10
-371.7211780134457
 20
5.809513114009022
 30
0.0
 11
-371.7202554957132
 21
5.810312868988021
 31
0.0
  0
LINE
  5
62A
330
573
100
AcDbEntity
  8
MOBILIARIO
100
AcDbLine
 10
-371.7202554957132
 20
5.810312868988021
 30
0.0
 11
-371.7196859277292
 21
5.811239089986067
 31
0.0
  0
LINE
  5
62B
330
573
100
AcDbEntity
  8
MOBILIARIO
100
AcDbLine
 10
-371.7196859277292
 20
5.811239089986067
 30
0.0
 11
-371.7195081246107
 21
5.812228656572792
 31
0.0
  0
LINE
  5
62C
330
573
100
AcDbEntity
  8
MOBILIARIO
100
AcDbLine
 10
-371.7195081246107
 20
5.812228656572792
 30
0.0
 11
-371.7197342033464
 21
5.813214131420651
 31
0.0
  0
LINE
  5
62D
330
573
100
AcDbEntity
  8
MOBILIARIO
100
AcDbLine
 10
-371.7197342033464
 20
5.813214131420651
 30
0.0
 11
-371.720348757044
 21
5.814128356047334
 31
0.0
  0
LINE
  5
62E
330
573
100
AcDbEntity
  8
MOBILIARIO
100
AcDbLine
 10
-371.720348757044
 20
5.814128356047334
 30
0.0
 11
-371.7213099048846
 21
5.814909027555359
 31
0.0
  0
LINE
  5
62F
330
573
100
AcDbEntity
  8
MOBILIARIO
100
AcDbLine
 10
-371.7213099048846
 20
5.814909027555359
 30
0.0
 11
-371.7225521462313
 21
5.815502944471582
 31
0.0
  0
LINE
  5
630
330
573
100
AcDbEntity
  8
MOBILIARIO
100
AcDbLine
 10
-371.7225521462313
 20
5.815502944471582
 30
0.0
 11
-371.7239908243891
 21
5.815869632339641
 31
0.0
  0
LINE
  5
631
330
573
100
AcDbEntity
  8
MOBILIARIO
100
AcDbLine
 10
-371.7253413731577
 20
5.808353127868699
 30
0.0
 11
-371.7238106573331
 21
5.808498677358713
 31
0.0
  0
LINE
  5
632
330
573
100
AcDbEntity
  8
MOBILIARIO
100
AcDbLine
 10
-371.6871438499157
 20
5.785887981649907
 30
0.0
 11
-371.7673297589023
 21
5.785887981649921
 31
0.0
  0
LINE
  5
633
330
573
100
AcDbEntity
  8
MOBILIARIO
100
AcDbLine
 10
-371.7673297589023
 20
5.785887981649921
 30
0.0
 11
-371.7673297589023
 21
5.837511669855466
 31
0.0
  0
LINE
  5
634
330
573
100
AcDbEntity
  8
MOBILIARIO
100
AcDbLine
 10
-371.7673297589023
 20
5.837511669855466
 30
0.0
 11
-371.6871438499157
 21
5.837511669855452
 31
0.0
  0
LINE
  5
635
330
573
100
AcDbEntity
  8
MOBILIARIO
100
AcDbLine
 10
-371.6871438499157
 20
5.837511669855452
 30
0.0
 11
-371.6871438499157
 21
5.816344977358185
 31
0.0
  0
LINE
  5
636
330
573
100
AcDbEntity
  8
MOBILIARIO
100
AcDbLine
 10
-371.6871438499157
 20
5.807739497750269
 30
0.0
 11
-371.6871438499157
 21
5.785887981649907
 31
0.0
  0
LINE
  5
637
330
573
100
AcDbEntity
  8
MOBILIARIO
100
AcDbLine
 10
-371.6077861225448
 20
5.794388005100082
 30
0.0
 11
-371.6009242383981
 21
5.796299848192533
 31
0.0
  0
LINE
  5
638
330
573
100
AcDbEntity
  8
MOBILIARIO
100
AcDbLine
 10
-371.6208072784626
 20
5.812958308458235
 30
0.0
 11
-371.6209673012692
 21
5.812067698530178
 31
0.0
  0
LINE
  5
639
330
573
100
AcDbEntity
  8
MOBILIARIO
100
AcDbLine
 10
-371.6143340132898
 20
5.81545265168095
 30
0.0
 11
-371.6157173775769
 21
5.815555674363864
 31
0.0
  0
LINE
  5
63A
330
573
100
AcDbEntity
  8
MOBILIARIO
100
AcDbLine
 10
-371.6170950218191
 20
5.815424679822847
 30
0.0
 11
-371.6183730618377
 21
5.815068595119385
 31
0.0
  0
LINE
  5
63B
330
573
100
AcDbEntity
  8
MOBILIARIO
100
AcDbLine
 10
-371.5975321166821
 20
5.792651128022236
 30
0.0
 11
-371.5903213738499
 21
5.79633075519132
 31
0.0
  0
LINE
  5
63C
330
573
100
AcDbEntity
  8
MOBILIARIO
100
AcDbLine
 10
-371.5903213738499
 20
5.79633075519132
 30
0.0
 11
-371.5848356066577
 21
5.801086511607409
 31
0.0
  0
LINE
  5
63D
330
573
100
AcDbEntity
  8
MOBILIARIO
100
AcDbLine
 10
-371.6059764349468
 20
5.790298390610843
 30
0.0
 11
-371.5975321166821
 21
5.792651128022236
 31
0.0
  0
LINE
  5
63E
330
573
100
AcDbEntity
  8
MOBILIARIO
100
AcDbLine
 10
-371.6401612162518
 20
5.79582582629132
 30
0.0
 11
-371.6327742072178
 21
5.792294089373023
 31
0.0
  0
LINE
  5
63F
330
573
100
AcDbEntity
  8
MOBILIARIO
100
AcDbLine
 10
-371.6202107320793
 20
5.810357969003093
 30
0.0
 11
-371.6193456990227
 21
5.809655364645863
 31
0.0
  0
LINE
  5
640
330
573
100
AcDbEntity
  8
MOBILIARIO
100
AcDbLine
 10
-371.6182276818107
 20
5.809120839421269
 30
0.0
 11
-371.6169328714686
 21
5.808790820340008
 31
0.0
  0
LINE
  5
641
330
573
100
AcDbEntity
  8
MOBILIARIO
100
AcDbLine
 10
-371.615078862309
 20
5.789432878123648
 30
0.0
 11
-371.6059764349468
 21
5.790298390610843
 31
0.0
  0
LINE
  5
642
330
573
100
AcDbEntity
  8
MOBILIARIO
100
AcDbLine
 10
-371.6242190833865
 20
5.790113573806337
 30
0.0
 11
-371.615078862309
 21
5.789432878123648
 31
0.0
  0
LINE
  5
643
330
573
100
AcDbEntity
  8
MOBILIARIO
100
AcDbLine
 10
-371.6327742072178
 20
5.792294089373023
 30
0.0
 11
-371.6242190833865
 21
5.790113573806337
 31
0.0
  0
LINE
  5
644
330
573
100
AcDbEntity
  8
MOBILIARIO
100
AcDbLine
 10
-371.6194644013177
 20
5.814511686837577
 30
0.0
 11
-371.620294667277
 21
5.813791907356475
 31
0.0
  0
LINE
  5
645
330
573
100
AcDbEntity
  8
MOBILIARIO
100
AcDbLine
 10
-371.6252904498116
 20
5.833945081410121
 30
0.0
 11
-371.6337347680762
 21
5.831592343998729
 31
0.0
  0
LINE
  5
646
330
573
100
AcDbEntity
  8
MOBILIARIO
100
AcDbLine
 10
-371.6157173775769
 20
5.815555674363864
 30
0.0
 11
-371.6170950218191
 21
5.815424679822847
 31
0.0
  0
LINE
  5
647
330
573
100
AcDbEntity
  8
MOBILIARIO
100
AcDbLine
 10
-371.6495311519158
 20
5.805904554625492
 30
0.0
 11
-371.6458766980304
 21
5.800468102526722
 31
0.0
  0
LINE
  5
648
330
573
100
AcDbEntity
  8
MOBILIARIO
100
AcDbLine
 10
-371.6409455109085
 20
5.827912716829637
 30
0.0
 11
-371.6464312781006
 21
5.823156960413549
 31
0.0
  0
LINE
  5
649
330
573
100
AcDbEntity
  8
MOBILIARIO
100
AcDbLine
 10
-371.6169328714686
 20
5.808790820340008
 30
0.0
 11
-371.6155495071815
 21
5.808687797657093
 31
0.0
  0
LINE
  5
64A
330
573
100
AcDbEntity
  8
MOBILIARIO
100
AcDbLine
 10
-371.6207638304071
 20
5.811180771167102
 30
0.0
 11
-371.6202107320793
 21
5.810357969003093
 31
0.0
  0
LINE
  5
64B
330
573
100
AcDbEntity
  8
MOBILIARIO
100
AcDbLine
 10
-371.6498182236842
 20
5.817649171690967
 30
0.0
 11
-371.6508755329148
 21
5.811764697361269
 31
0.0
  0
LINE
  5
64C
330
573
100
AcDbEntity
  8
MOBILIARIO
100
AcDbLine
 10
-371.6193456990227
 20
5.809655364645863
 30
0.0
 11
-371.6182276818107
 21
5.809120839421269
 31
0.0
  0
LINE
  5
64D
330
573
100
AcDbEntity
  8
MOBILIARIO
100
AcDbLine
 10
-371.6464312781006
 20
5.823156960413549
 30
0.0
 11
-371.6498182236842
 21
5.817649171690967
 31
0.0
  0
LINE
  5
64E
330
573
100
AcDbEntity
  8
MOBILIARIO
100
AcDbLine
 10
-371.6508755329148
 20
5.811764697361269
 30
0.0
 11
-371.6495311519158
 21
5.805904554625492
 31
0.0
  0
LINE
  5
64F
330
573
100
AcDbEntity
  8
MOBILIARIO
100
AcDbLine
 10
-371.6183730618377
 20
5.815068595119385
 30
0.0
 11
-371.6194644013177
 21
5.814511686837577
 31
0.0
  0
LINE
  5
650
330
573
100
AcDbEntity
  8
MOBILIARIO
100
AcDbLine
 10
-371.6337347680762
 20
5.831592343998729
 30
0.0
 11
-371.6409455109085
 21
5.827912716829637
 31
0.0
  0
LINE
  5
651
330
573
100
AcDbEntity
  8
MOBILIARIO
100
AcDbLine
 10
-371.61518278857
 20
5.793684686462797
 30
0.0
 11
-371.6077861225448
 21
5.794388005100082
 31
0.0
  0
LINE
  5
652
330
573
100
AcDbEntity
  8
MOBILIARIO
100
AcDbLine
 10
-371.6458766980304
 20
5.800468102526722
 30
0.0
 11
-371.6401612162518
 21
5.79582582629132
 31
0.0
  0
LINE
  5
653
330
573
100
AcDbEntity
  8
MOBILIARIO
100
AcDbLine
 10
-371.6160840961884
 20
5.830558785558168
 30
0.0
 11
-371.6234807622135
 21
5.829855466920883
 31
0.0
  0
LINE
  5
654
330
573
100
AcDbEntity
  8
MOBILIARIO
100
AcDbLine
 10
-371.6086567188509
 20
5.830005649737437
 30
0.0
 11
-371.6160840961884
 21
5.830558785558168
 31
0.0
  0
LINE
  5
655
330
573
100
AcDbEntity
  8
MOBILIARIO
100
AcDbLine
 10
-371.6442712950472
 20
5.811831605088123
 30
0.0
 11
-371.6431788460922
 21
5.807069631501136
 31
0.0
  0
LINE
  5
656
330
573
100
AcDbEntity
  8
MOBILIARIO
100
AcDbLine
 10
-371.6434121216693
 20
5.816613350618013
 30
0.0
 11
-371.6442712950472
 21
5.811831605088123
 31
0.0
  0
LINE
  5
657
330
573
100
AcDbEntity
  8
MOBILIARIO
100
AcDbLine
 10
-371.5910576613634
 20
5.821591521533506
 30
0.0
 11
-371.5957020829234
 21
5.825363852313345
 31
0.0
  0
LINE
  5
658
330
573
100
AcDbEntity
  8
MOBILIARIO
100
AcDbLine
 10
-371.6295620910661
 20
5.796009717270174
 30
0.0
 11
-371.6226101659075
 21
5.79423782228352
 31
0.0
  0
LINE
  5
659
330
573
100
AcDbEntity
  8
MOBILIARIO
100
AcDbLine
 10
-371.6402092233949
 20
5.802651950487459
 30
0.0
 11
-371.635564801835
 21
5.798879619707613
 31
0.0
  0
LINE
  5
65A
330
573
100
AcDbEntity
  8
MOBILIARIO
100
AcDbLine
 10
-371.6431788460922
 20
5.807069631501136
 30
0.0
 11
-371.6402092233949
 21
5.802651950487459
 31
0.0
  0
LINE
  5
65B
330
573
100
AcDbEntity
  8
MOBILIARIO
100
AcDbLine
 10
-371.5880880386662
 20
5.817173840519828
 30
0.0
 11
-371.5910576613634
 21
5.821591521533506
 31
0.0
  0
LINE
  5
65C
330
573
100
AcDbEntity
  8
MOBILIARIO
100
AcDbLine
 10
-371.6009242383981
 20
5.796299848192533
 30
0.0
 11
-371.5950647621946
 21
5.799289926792866
 31
0.0
  0
LINE
  5
65D
330
573
100
AcDbEntity
  8
MOBILIARIO
100
AcDbLine
 10
-371.6226101659075
 20
5.79423782228352
 30
0.0
 11
-371.61518278857
 21
5.793684686462797
 31
0.0
  0
LINE
  5
65E
330
573
100
AcDbEntity
  8
MOBILIARIO
100
AcDbLine
 10
-371.6234807622135
 20
5.829855466920883
 30
0.0
 11
-371.6303426463603
 21
5.827943623828432
 31
0.0
  0
LINE
  5
65F
330
573
100
AcDbEntity
  8
MOBILIARIO
100
AcDbLine
 10
-371.635564801835
 20
5.798879619707613
 30
0.0
 11
-371.6295620910661
 21
5.796009717270174
 31
0.0
  0
LINE
  5
660
330
573
100
AcDbEntity
  8
MOBILIARIO
100
AcDbLine
 10
-371.585390186728
 20
5.823775369494243
 30
0.0
 11
-371.5911056685067
 21
5.828417645729637
 31
0.0
  0
LINE
  5
661
330
573
100
AcDbEntity
  8
MOBILIARIO
100
AcDbLine
 10
-371.6303426463603
 20
5.827943623828432
 30
0.0
 11
-371.6362021225638
 21
5.824953545228091
 31
0.0
  0
LINE
  5
662
330
573
100
AcDbEntity
  8
MOBILIARIO
100
AcDbLine
 10
-371.5848356066577
 20
5.801086511607409
 30
0.0
 11
-371.5814486610742
 21
5.806594300329998
 31
0.0
  0
LINE
  5
663
330
573
100
AcDbEntity
  8
MOBILIARIO
100
AcDbLine
 10
-371.6209673012692
 20
5.812067698530178
 30
0.0
 11
-371.6207638304071
 21
5.811180771167102
 31
0.0
  0
LINE
  5
664
330
573
100
AcDbEntity
  8
MOBILIARIO
100
AcDbLine
 10
-371.5878547630891
 20
5.807630121402951
 30
0.0
 11
-371.5869955897111
 21
5.812411866932834
 31
0.0
  0
LINE
  5
665
330
573
100
AcDbEntity
  8
MOBILIARIO
100
AcDbLine
 10
-371.6161880224494
 20
5.834810593897309
 30
0.0
 11
-371.6252904498116
 21
5.833945081410121
 31
0.0
  0
LINE
  5
666
330
573
100
AcDbEntity
  8
MOBILIARIO
100
AcDbLine
 10
-371.5957020829234
 20
5.825363852313345
 30
0.0
 11
-371.6017047936922
 21
5.828233754750784
 31
0.0
  0
LINE
  5
667
330
573
100
AcDbEntity
  8
MOBILIARIO
100
AcDbLine
 10
-371.5869955897111
 20
5.812411866932834
 30
0.0
 11
-371.5880880386662
 21
5.817173840519828
 31
0.0
  0
LINE
  5
668
330
573
100
AcDbEntity
  8
MOBILIARIO
100
AcDbLine
 10
-371.5906070075542
 20
5.80315447198582
 30
0.0
 11
-371.5878547630891
 21
5.807630121402951
 31
0.0
  0
LINE
  5
669
330
573
100
AcDbEntity
  8
MOBILIARIO
100
AcDbLine
 10
-371.5950647621946
 20
5.799289926792866
 30
0.0
 11
-371.5906070075542
 21
5.80315447198582
 31
0.0
  0
LINE
  5
66A
330
573
100
AcDbEntity
  8
MOBILIARIO
100
AcDbLine
 10
-371.5984926775406
 20
5.831949382647934
 30
0.0
 11
-371.6070478013719
 21
5.834129898214627
 31
0.0
  0
LINE
  5
66B
330
573
100
AcDbEntity
  8
MOBILIARIO
100
AcDbLine
 10
-371.6362021225638
 20
5.824953545228091
 30
0.0
 11
-371.6406598772041
 21
5.821089000035137
 31
0.0
  0
LINE
  5
66C
330
573
100
AcDbEntity
  8
MOBILIARIO
100
AcDbLine
 10
-371.6070478013719
 20
5.834129898214627
 30
0.0
 11
-371.6161880224494
 21
5.834810593897309
 31
0.0
  0
LINE
  5
66D
330
573
100
AcDbEntity
  8
MOBILIARIO
100
AcDbLine
 10
-371.620294667277
 20
5.813791907356475
 30
0.0
 11
-371.6208072784626
 21
5.812958308458235
 31
0.0
  0
LINE
  5
66E
330
573
100
AcDbEntity
  8
MOBILIARIO
100
AcDbLine
 10
-371.6017047936922
 20
5.828233754750784
 30
0.0
 11
-371.6086567188509
 21
5.830005649737437
 31
0.0
  0
LINE
  5
66F
330
573
100
AcDbEntity
  8
MOBILIARIO
100
AcDbLine
 10
-371.5911056685067
 20
5.828417645729637
 30
0.0
 11
-371.5984926775406
 21
5.831949382647934
 31
0.0
  0
LINE
  5
670
330
573
100
AcDbEntity
  8
MOBILIARIO
100
AcDbLine
 10
-371.6406598772041
 20
5.821089000035137
 30
0.0
 11
-371.6434121216693
 21
5.816613350618013
 31
0.0
  0
LINE
  5
671
330
573
100
AcDbEntity
  8
MOBILIARIO
100
AcDbLine
 10
-371.5817357328426
 20
5.818338917395465
 30
0.0
 11
-371.585390186728
 21
5.823775369494243
 31
0.0
  0
LINE
  5
672
330
573
100
AcDbEntity
  8
MOBILIARIO
100
AcDbLine
 10
-371.6141718629394
 20
5.80881879219811
 30
0.0
 11
-371.6128938229207
 21
5.809174876901572
 31
0.0
  0
LINE
  5
673
330
573
100
AcDbEntity
  8
MOBILIARIO
100
AcDbLine
 10
-371.6128938229207
 20
5.809174876901572
 30
0.0
 11
-371.6118024834407
 21
5.809731785183388
 31
0.0
  0
LINE
  5
674
330
573
100
AcDbEntity
  8
MOBILIARIO
100
AcDbLine
 10
-371.6118024834407
 20
5.809731785183388
 30
0.0
 11
-371.6109722174814
 21
5.81045156466449
 31
0.0
  0
LINE
  5
675
330
573
100
AcDbEntity
  8
MOBILIARIO
100
AcDbLine
 10
-371.6109722174814
 20
5.81045156466449
 30
0.0
 11
-371.6104596062958
 21
5.811285163562729
 31
0.0
  0
LINE
  5
676
330
573
100
AcDbEntity
  8
MOBILIARIO
100
AcDbLine
 10
-371.6104596062958
 20
5.811285163562729
 30
0.0
 11
-371.6102995834892
 21
5.812175773490779
 31
0.0
  0
LINE
  5
677
330
573
100
AcDbEntity
  8
MOBILIARIO
100
AcDbLine
 10
-371.6102995834892
 20
5.812175773490779
 30
0.0
 11
-371.6105030543513
 21
5.813062700853855
 31
0.0
  0
LINE
  5
678
330
573
100
AcDbEntity
  8
MOBILIARIO
100
AcDbLine
 10
-371.6105030543513
 20
5.813062700853855
 30
0.0
 11
-371.6110561526791
 21
5.813885503017872
 31
0.0
  0
LINE
  5
679
330
573
100
AcDbEntity
  8
MOBILIARIO
100
AcDbLine
 10
-371.6110561526791
 20
5.813885503017872
 30
0.0
 11
-371.6119211857357
 21
5.814588107375094
 31
0.0
  0
LINE
  5
67A
330
573
100
AcDbEntity
  8
MOBILIARIO
100
AcDbLine
 10
-371.6119211857357
 20
5.814588107375094
 30
0.0
 11
-371.6130392029477
 21
5.815122632599689
 31
0.0
  0
LINE
  5
67B
330
573
100
AcDbEntity
  8
MOBILIARIO
100
AcDbLine
 10
-371.6130392029477
 20
5.815122632599689
 30
0.0
 11
-371.6143340132898
 21
5.81545265168095
 31
0.0
  0
LINE
  5
67C
330
573
100
AcDbEntity
  8
MOBILIARIO
100
AcDbLine
 10
-371.6155495071815
 20
5.808687797657093
 30
0.0
 11
-371.6141718629394
 21
5.80881879219811
 31
0.0
  0
LINE
  5
67D
330
573
100
AcDbEntity
  8
MOBILIARIO
100
AcDbLine
 10
-371.5811717362637
 20
5.788469166060189
 30
0.0
 11
-371.6533390543516
 21
5.788469166060196
 31
0.0
  0
LINE
  5
67E
330
573
100
AcDbEntity
  8
MOBILIARIO
100
AcDbLine
 10
-371.6533390543516
 20
5.788469166060196
 30
0.0
 11
-371.6533390543516
 21
5.834930485445192
 31
0.0
  0
LINE
  5
67F
330
573
100
AcDbEntity
  8
MOBILIARIO
100
AcDbLine
 10
-371.6533390543516
 20
5.834930485445192
 30
0.0
 11
-371.5811717362637
 21
5.834930485445177
 31
0.0
  0
LINE
  5
680
330
573
100
AcDbEntity
  8
MOBILIARIO
100
AcDbLine
 10
-371.5811717362637
 20
5.834930485445177
 30
0.0
 11
-371.5811717362637
 21
5.815880462197633
 31
0.0
  0
LINE
  5
681
330
573
100
AcDbEntity
  8
MOBILIARIO
100
AcDbLine
 10
-371.5811717362637
 20
5.808135530550508
 30
0.0
 11
-371.5811717362637
 21
5.788469166060189
 31
0.0
  0
LINE
  5
682
330
573
100
AcDbEntity
  8
MOBILIARIO
100
AcDbLine
 10
-371.4939497816299
 20
5.796119187165345
 30
0.0
 11
-371.4877740858979
 21
5.797839845948545
 31
0.0
  0
LINE
  5
683
330
573
100
AcDbEntity
  8
MOBILIARIO
100
AcDbLine
 10
-371.5056688219559
 20
5.812832460187678
 30
0.0
 11
-371.5058128424818
 21
5.812030911252428
 31
0.0
  0
LINE
  5
684
330
573
100
AcDbEntity
  8
MOBILIARIO
100
AcDbLine
 10
-371.4998428833004
 20
5.815077369088122
 30
0.0
 11
-371.5010879111588
 21
5.81517008950275
 31
0.0
  0
LINE
  5
685
330
573
100
AcDbEntity
  8
MOBILIARIO
100
AcDbLine
 10
-371.5023277909767
 20
5.815052194415834
 30
0.0
 11
-371.5034780269935
 21
5.81473171818272
 31
0.0
  0
LINE
  5
686
330
573
100
AcDbEntity
  8
MOBILIARIO
100
AcDbLine
 10
-371.4847211763535
 20
5.794555997795278
 30
0.0
 11
-371.4782315078045
 21
5.797867662247462
 31
0.0
  0
LINE
  5
687
330
573
100
AcDbEntity
  8
MOBILIARIO
100
AcDbLine
 10
-371.4782315078045
 20
5.797867662247462
 30
0.0
 11
-371.4732943173316
 21
5.802147843021942
 31
0.0
  0
LINE
  5
688
330
573
100
AcDbEntity
  8
MOBILIARIO
100
AcDbLine
 10
-371.4923210627917
 20
5.792438534125026
 30
0.0
 11
-371.4847211763535
 21
5.794555997795278
 31
0.0
  0
LINE
  5
689
330
573
100
AcDbEntity
  8
MOBILIARIO
100
AcDbLine
 10
-371.5230873659661
 20
5.79741322623746
 30
0.0
 11
-371.5164390578356
 21
5.794234663010997
 31
0.0
  0
LINE
  5
68A
330
573
100
AcDbEntity
  8
MOBILIARIO
100
AcDbLine
 10
-371.5051319302109
 20
5.810492154678052
 30
0.0
 11
-371.50435340046
 21
5.809859810756549
 31
0.0
  0
LINE
  5
68B
330
573
100
AcDbEntity
  8
MOBILIARIO
100
AcDbLine
 10
-371.5033471849692
 20
5.809378738054413
 30
0.0
 11
-371.5021818556613
 21
5.809081720881281
 31
0.0
  0
LINE
  5
68C
330
573
100
AcDbEntity
  8
MOBILIARIO
100
AcDbLine
 10
-371.5005132474176
 20
5.791659572886552
 30
0.0
 11
-371.4923210627917
 21
5.792438534125026
 31
0.0
  0
LINE
  5
68D
330
573
100
AcDbEntity
  8
MOBILIARIO
100
AcDbLine
 10
-371.5087394463874
 20
5.792272199000969
 30
0.0
 11
-371.5005132474176
 21
5.791659572886552
 31
0.0
  0
LINE
  5
68E
330
573
100
AcDbEntity
  8
MOBILIARIO
100
AcDbLine
 10
-371.5164390578356
 20
5.794234663010997
 30
0.0
 11
-371.5087394463874
 21
5.792272199000969
 31
0.0
  0
LINE
  5
68F
330
573
100
AcDbEntity
  8
MOBILIARIO
100
AcDbLine
 10
-371.5044602325255
 20
5.814230500729089
 30
0.0
 11
-371.5052074718889
 21
5.813582699196097
 31
0.0
  0
LINE
  5
690
330
573
100
AcDbEntity
  8
MOBILIARIO
100
AcDbLine
 10
-371.50970367617
 20
5.831720555844377
 30
0.0
 11
-371.5173035626082
 21
5.829603092174125
 31
0.0
  0
LINE
  5
691
330
573
100
AcDbEntity
  8
MOBILIARIO
100
AcDbLine
 10
-371.5010879111588
 20
5.81517008950275
 30
0.0
 11
-371.5023277909767
 21
5.815052194415834
 31
0.0
  0
LINE
  5
692
330
573
100
AcDbEntity
  8
MOBILIARIO
100
AcDbLine
 10
-371.5315203080638
 20
5.806484081738212
 30
0.0
 11
-371.5282312995669
 21
5.801591274849315
 31
0.0
  0
LINE
  5
693
330
573
100
AcDbEntity
  8
MOBILIARIO
100
AcDbLine
 10
-371.5237932311572
 20
5.826291427721941
 30
0.0
 11
-371.5287304216301
 21
5.822011246947469
 31
0.0
  0
LINE
  5
694
330
573
100
AcDbEntity
  8
MOBILIARIO
100
AcDbLine
 10
-371.5021818556613
 20
5.809081720881281
 30
0.0
 11
-371.5009368278029
 21
5.808989000466653
 31
0.0
  0
LINE
  5
695
330
573
100
AcDbEntity
  8
MOBILIARIO
100
AcDbLine
 10
-371.505629718706
 20
5.811232676625664
 30
0.0
 11
-371.5051319302109
 21
5.810492154678052
 31
0.0
  0
LINE
  5
696
330
573
100
AcDbEntity
  8
MOBILIARIO
100
AcDbLine
 10
-371.5317786726553
 20
5.817054237097139
 30
0.0
 11
-371.5327302509629
 21
5.811758210200416
 31
0.0
  0
LINE
  5
697
330
573
100
AcDbEntity
  8
MOBILIARIO
100
AcDbLine
 10
-371.50435340046
 20
5.809859810756549
 30
0.0
 11
-371.5033471849692
 21
5.809378738054413
 31
0.0
  0
LINE
  5
698
330
573
100
AcDbEntity
  8
MOBILIARIO
100
AcDbLine
 10
-371.5287304216301
 20
5.822011246947469
 30
0.0
 11
-371.5317786726553
 21
5.817054237097139
 31
0.0
  0
LINE
  5
699
330
573
100
AcDbEntity
  8
MOBILIARIO
100
AcDbLine
 10
-371.5327302509629
 20
5.811758210200416
 30
0.0
 11
-371.5315203080638
 21
5.806484081738212
 31
0.0
  0
LINE
  5
69A
330
573
100
AcDbEntity
  8
MOBILIARIO
100
AcDbLine
 10
-371.5034780269935
 20
5.81473171818272
 30
0.0
 11
-371.5044602325255
 21
5.814230500729089
 31
0.0
  0
LINE
  5
69B
330
573
100
AcDbEntity
  8
MOBILIARIO
100
AcDbLine
 10
-371.5173035626082
 20
5.829603092174125
 30
0.0
 11
-371.5237932311572
 21
5.826291427721941
 31
0.0
  0
LINE
  5
69C
330
573
100
AcDbEntity
  8
MOBILIARIO
100
AcDbLine
 10
-371.5006067810526
 20
5.795486200391785
 30
0.0
 11
-371.4939497816299
 21
5.796119187165345
 31
0.0
  0
LINE
  5
69D
330
573
100
AcDbEntity
  8
MOBILIARIO
100
AcDbLine
 10
-371.5282312995669
 20
5.801591274849315
 30
0.0
 11
-371.5230873659661
 21
5.79741322623746
 31
0.0
  0
LINE
  5
69E
330
573
100
AcDbEntity
  8
MOBILIARIO
100
AcDbLine
 10
-371.5014179579091
 20
5.828672889577618
 30
0.0
 11
-371.5080749573318
 21
5.828039902804065
 31
0.0
  0
LINE
  5
69F
330
573
100
AcDbEntity
  8
MOBILIARIO
100
AcDbLine
 10
-371.4947333183054
 20
5.828175067338961
 30
0.0
 11
-371.5014179579091
 21
5.828672889577618
 31
0.0
  0
LINE
  5
6A0
330
573
100
AcDbEntity
  8
MOBILIARIO
100
AcDbLine
 10
-371.526786436882
 20
5.811818427154584
 30
0.0
 11
-371.5258032328225
 21
5.807532650926291
 31
0.0
  0
LINE
  5
6A1
330
573
100
AcDbEntity
  8
MOBILIARIO
100
AcDbLine
 10
-371.5260131808419
 20
5.816121998131479
 30
0.0
 11
-371.526786436882
 21
5.811818427154584
 31
0.0
  0
LINE
  5
6A2
330
573
100
AcDbEntity
  8
MOBILIARIO
100
AcDbLine
 10
-371.4788941665666
 20
5.820602351955422
 30
0.0
 11
-371.4830741459706
 21
5.823997449657284
 31
0.0
  0
LINE
  5
6A3
330
573
100
AcDbEntity
  8
MOBILIARIO
100
AcDbLine
 10
-371.5135481532991
 20
5.797578728118431
 30
0.0
 11
-371.5072914206563
 21
5.795984022630442
 31
0.0
  0
LINE
  5
6A4
330
573
100
AcDbEntity
  8
MOBILIARIO
100
AcDbLine
 10
-371.523130572395
 20
5.803556738013981
 30
0.0
 11
-371.518950592991
 21
5.800161640312119
 31
0.0
  0
LINE
  5
6A5
330
573
100
AcDbEntity
  8
MOBILIARIO
100
AcDbLine
 10
-371.5258032328225
 20
5.807532650926291
 30
0.0
 11
-371.523130572395
 21
5.803556738013981
 31
0.0
  0
LINE
  5
6A6
330
573
100
AcDbEntity
  8
MOBILIARIO
100
AcDbLine
 10
-371.4762215061392
 20
5.816626439043112
 30
0.0
 11
-371.4788941665666
 21
5.820602351955422
 31
0.0
  0
LINE
  5
6A7
330
573
100
AcDbEntity
  8
MOBILIARIO
100
AcDbLine
 10
-371.4877740858979
 20
5.797839845948545
 30
0.0
 11
-371.4825005573147
 21
5.800530916688849
 31
0.0
  0
LINE
  5
6A8
330
573
100
AcDbEntity
  8
MOBILIARIO
100
AcDbLine
 10
-371.5072914206563
 20
5.795984022630442
 30
0.0
 11
-371.5006067810526
 21
5.795486200391785
 31
0.0
  0
LINE
  5
6A9
330
573
100
AcDbEntity
  8
MOBILIARIO
100
AcDbLine
 10
-371.5080749573318
 20
5.828039902804065
 30
0.0
 11
-371.5142506530638
 21
5.826319244020858
 31
0.0
  0
LINE
  5
6AA
330
573
100
AcDbEntity
  8
MOBILIARIO
100
AcDbLine
 10
-371.518950592991
 20
5.800161640312119
 30
0.0
 11
-371.5135481532991
 21
5.797578728118431
 31
0.0
  0
LINE
  5
6AB
330
573
100
AcDbEntity
  8
MOBILIARIO
100
AcDbLine
 10
-371.4737934393947
 20
5.822567815120088
 30
0.0
 11
-371.4789373729955
 21
5.826745863731944
 31
0.0
  0
LINE
  5
6AC
330
573
100
AcDbEntity
  8
MOBILIARIO
100
AcDbLine
 10
-371.5142506530638
 20
5.826319244020858
 30
0.0
 11
-371.519524181647
 21
5.823628173280554
 31
0.0
  0
LINE
  5
6AD
330
573
100
AcDbEntity
  8
MOBILIARIO
100
AcDbLine
 10
-371.4732943173316
 20
5.802147843021942
 30
0.0
 11
-371.4702460663063
 21
5.807104852872264
 31
0.0
  0
LINE
  5
6AE
330
573
100
AcDbEntity
  8
MOBILIARIO
100
AcDbLine
 10
-371.5058128424818
 20
5.812030911252428
 30
0.0
 11
-371.505629718706
 21
5.811232676625664
 31
0.0
  0
LINE
  5
6AF
330
573
100
AcDbEntity
  8
MOBILIARIO
100
AcDbLine
 10
-371.4760115581198
 20
5.808037091837924
 30
0.0
 11
-371.4752383020796
 21
5.812340662814819
 31
0.0
  0
LINE
  5
6B0
330
573
100
AcDbEntity
  8
MOBILIARIO
100
AcDbLine
 10
-371.501511491544
 20
5.832499517082852
 30
0.0
 11
-371.50970367617
 21
5.831720555844377
 31
0.0
  0
LINE
  5
6B1
330
573
100
AcDbEntity
  8
MOBILIARIO
100
AcDbLine
 10
-371.4830741459706
 20
5.823997449657284
 30
0.0
 11
-371.4884765856626
 21
5.826580361850972
 31
0.0
  0
LINE
  5
6B2
330
573
100
AcDbEntity
  8
MOBILIARIO
100
AcDbLine
 10
-371.4752383020796
 20
5.812340662814819
 30
0.0
 11
-371.4762215061392
 21
5.816626439043112
 31
0.0
  0
LINE
  5
6B3
330
573
100
AcDbEntity
  8
MOBILIARIO
100
AcDbLine
 10
-371.4784885781384
 20
5.804009007362509
 30
0.0
 11
-371.4760115581198
 21
5.808037091837924
 31
0.0
  0
LINE
  5
6B4
330
573
100
AcDbEntity
  8
MOBILIARIO
100
AcDbLine
 10
-371.4825005573147
 20
5.800530916688849
 30
0.0
 11
-371.4784885781384
 21
5.804009007362509
 31
0.0
  0
LINE
  5
6B5
330
573
100
AcDbEntity
  8
MOBILIARIO
100
AcDbLine
 10
-371.4855856811261
 20
5.829924426958414
 30
0.0
 11
-371.4932852925743
 21
5.831886890968434
 31
0.0
  0
LINE
  5
6B6
330
573
100
AcDbEntity
  8
MOBILIARIO
100
AcDbLine
 10
-371.519524181647
 20
5.823628173280554
 30
0.0
 11
-371.5235361608233
 21
5.820150082606894
 31
0.0
  0
LINE
  5
6B7
330
573
100
AcDbEntity
  8
MOBILIARIO
100
AcDbLine
 10
-371.4932852925743
 20
5.831886890968434
 30
0.0
 11
-371.501511491544
 21
5.832499517082852
 31
0.0
  0
LINE
  5
6B8
330
573
100
AcDbEntity
  8
MOBILIARIO
100
AcDbLine
 10
-371.5052074718889
 20
5.813582699196097
 30
0.0
 11
-371.5056688219559
 21
5.812832460187678
 31
0.0
  0
LINE
  5
6B9
330
573
100
AcDbEntity
  8
MOBILIARIO
100
AcDbLine
 10
-371.4884765856626
 20
5.826580361850972
 30
0.0
 11
-371.4947333183054
 21
5.828175067338961
 31
0.0
  0
LINE
  5
6BA
330
573
100
AcDbEntity
  8
MOBILIARIO
100
AcDbLine
 10
-371.4789373729955
 20
5.826745863731944
 30
0.0
 11
-371.4855856811261
 21
5.829924426958414
 31
0.0
  0
LINE
  5
6BB
330
573
100
AcDbEntity
  8
MOBILIARIO
100
AcDbLine
 10
-371.5235361608233
 20
5.820150082606894
 30
0.0
 11
-371.5260131808419
 21
5.816121998131479
 31
0.0
  0
LINE
  5
6BC
330
573
100
AcDbEntity
  8
MOBILIARIO
100
AcDbLine
 10
-371.4705044308979
 20
5.817675008231191
 30
0.0
 11
-371.4737934393947
 21
5.822567815120088
 31
0.0
  0
LINE
  5
6BD
330
573
100
AcDbEntity
  8
MOBILIARIO
100
AcDbLine
 10
-371.4996969479849
 20
5.809106895553569
 30
0.0
 11
-371.4985467119682
 21
5.809427371786683
 31
0.0
  0
LINE
  5
6BE
330
573
100
AcDbEntity
  8
MOBILIARIO
100
AcDbLine
 10
-371.4985467119682
 20
5.809427371786683
 30
0.0
 11
-371.4975645064362
 21
5.809928589240315
 31
0.0
  0
LINE
  5
6BF
330
573
100
AcDbEntity
  8
MOBILIARIO
100
AcDbLine
 10
-371.4975645064362
 20
5.809928589240315
 30
0.0
 11
-371.4968172670728
 21
5.810576390773306
 31
0.0
  0
LINE
  5
6C0
330
573
100
AcDbEntity
  8
MOBILIARIO
100
AcDbLine
 10
-371.4968172670728
 20
5.810576390773306
 30
0.0
 11
-371.4963559170058
 21
5.811326629781725
 31
0.0
  0
LINE
  5
6C1
330
573
100
AcDbEntity
  8
MOBILIARIO
100
AcDbLine
 10
-371.4963559170058
 20
5.811326629781725
 30
0.0
 11
-371.4962118964798
 21
5.812128178716975
 31
0.0
  0
LINE
  5
6C2
330
573
100
AcDbEntity
  8
MOBILIARIO
100
AcDbLine
 10
-371.4962118964798
 20
5.812128178716975
 30
0.0
 11
-371.4963950202557
 21
5.812926413343739
 31
0.0
  0
LINE
  5
6C3
330
573
100
AcDbEntity
  8
MOBILIARIO
100
AcDbLine
 10
-371.4963950202557
 20
5.812926413343739
 30
0.0
 11
-371.4968928087508
 21
5.813666935291351
 31
0.0
  0
LINE
  5
6C4
330
573
100
AcDbEntity
  8
MOBILIARIO
100
AcDbLine
 10
-371.4968928087508
 20
5.813666935291351
 30
0.0
 11
-371.4976713385017
 21
5.814299279212854
 31
0.0
  0
LINE
  5
6C5
330
573
100
AcDbEntity
  8
MOBILIARIO
100
AcDbLine
 10
-371.4976713385017
 20
5.814299279212854
 30
0.0
 11
-371.4986775539925
 21
5.81478035191499
 31
0.0
  0
LINE
  5
6C6
330
573
100
AcDbEntity
  8
MOBILIARIO
100
AcDbLine
 10
-371.4986775539925
 20
5.81478035191499
 30
0.0
 11
-371.4998428833004
 21
5.815077369088122
 31
0.0
  0
LINE
  5
6C7
330
573
100
AcDbEntity
  8
MOBILIARIO
100
AcDbLine
 10
-371.5009368278029
 20
5.808989000466653
 30
0.0
 11
-371.4996969479849
 21
5.809106895553569
 31
0.0
  0
LINE
  5
6C8
330
573
100
AcDbEntity
  8
MOBILIARIO
100
AcDbLine
 10
-371.4699968339769
 20
5.790792232029439
 30
0.0
 11
-371.534947420256
 21
5.790792232029446
 31
0.0
  0
LINE
  5
6C9
330
573
100
AcDbEntity
  8
MOBILIARIO
100
AcDbLine
 10
-371.534947420256
 20
5.790792232029446
 30
0.0
 11
-371.534947420256
 21
5.832607419475941
 31
0.0
  0
LINE
  5
6CA
330
573
100
AcDbEntity
  8
MOBILIARIO
100
AcDbLine
 10
-371.534947420256
 20
5.832607419475941
 30
0.0
 11
-371.4699968339769
 21
5.832607419475927
 31
0.0
  0
LINE
  5
6CB
330
573
100
AcDbEntity
  8
MOBILIARIO
100
AcDbLine
 10
-371.4699968339769
 20
5.832607419475927
 30
0.0
 11
-371.4699968339769
 21
5.815462398553137
 31
0.0
  0
LINE
  5
6CC
330
573
100
AcDbEntity
  8
MOBILIARIO
100
AcDbLine
 10
-371.4699968339769
 20
5.808491960070725
 30
0.0
 11
-371.4699968339769
 21
5.790792232029439
 31
0.0
  0
LINE
  5
6CD
330
573
100
AcDbEntity
  8
MOBILIARIO
100
AcDbLine
 10
-371.8386367987651
 20
5.790327207663047
 30
0.0
 11
-371.8301653368555
 21
5.792687507777181
 31
0.0
  0
LINE
  5
6CE
330
573
100
AcDbEntity
  8
MOBILIARIO
100
AcDbLine
 10
-371.854712299898
 20
5.813253508105205
 30
0.0
 11
-371.8549098589186
 21
5.812153989675508
 31
0.0
  0
LINE
  5
6CF
330
573
100
AcDbEntity
  8
MOBILIARIO
100
AcDbLine
 10
-371.8467206144996
 20
5.816332944182641
 30
0.0
 11
-371.8484284716442
 21
5.816460132680064
 31
0.0
  0
LINE
  5
6D0
330
573
100
AcDbEntity
  8
MOBILIARIO
100
AcDbLine
 10
-371.8501292670048
 20
5.816298411024484
 30
0.0
 11
-371.8517070941883
 21
5.815858800279479
 31
0.0
  0
LINE
  5
6D1
330
573
100
AcDbEntity
  8
MOBILIARIO
100
AcDbLine
 10
-371.8259775322679
 20
5.788182914974342
 30
0.0
 11
-371.8170753806232
 21
5.792725664565815
 31
0.0
  0
LINE
  5
6D2
330
573
100
AcDbEntity
  8
MOBILIARIO
100
AcDbLine
 10
-371.8170753806232
 20
5.792725664565815
 30
0.0
 11
-371.8103028285341
 21
5.798596968783208
 31
0.0
  0
LINE
  5
6D3
330
573
100
AcDbEntity
  8
MOBILIARIO
100
AcDbLine
 10
-371.8364026165452
 20
5.785278300886205
 30
0.0
 11
-371.8259775322679
 21
5.788182914974342
 31
0.0
  0
LINE
  5
6D4
330
573
100
AcDbEntity
  8
MOBILIARIO
100
AcDbLine
 10
-371.8786060502551
 20
5.79210229555347
 30
0.0
 11
-371.8694862860156
 21
5.787742126518538
 31
0.0
  0
LINE
  5
6D5
330
573
100
AcDbEntity
  8
MOBILIARIO
100
AcDbLine
 10
-371.8539758228816
 20
5.810043212481574
 30
0.0
 11
-371.8529078808365
 21
5.809175799694877
 31
0.0
  0
LINE
  5
6D6
330
573
100
AcDbEntity
  8
MOBILIARIO
100
AcDbLine
 10
-371.8515276126735
 20
5.808515892010192
 30
0.0
 11
-371.849929081387
 21
5.808108461045677
 31
0.0
  0
LINE
  5
6D7
330
573
100
AcDbEntity
  8
MOBILIARIO
100
AcDbLine
 10
-371.8476401811899
 20
5.784209766951406
 30
0.0
 11
-371.8364026165452
 21
5.785278300886205
 31
0.0
  0
LINE
  5
6D8
330
573
100
AcDbEntity
  8
MOBILIARIO
100
AcDbLine
 10
-371.8589244047424
 20
5.785050131991753
 30
0.0
 11
-371.8476401811899
 21
5.784209766951406
 31
0.0
  0
LINE
  5
6D9
330
573
100
AcDbEntity
  8
MOBILIARIO
100
AcDbLine
 10
-371.8694862860156
 20
5.787742126518538
 30
0.0
 11
-371.8589244047424
 21
5.785050131991753
 31
0.0
  0
LINE
  5
6DA
330
573
100
AcDbEntity
  8
MOBILIARIO
100
AcDbLine
 10
-371.8530544268797
 20
5.815171259190819
 30
0.0
 11
-371.8540794465825
 21
5.814282642547482
 31
0.0
  0
LINE
  5
6DB
330
573
100
AcDbEntity
  8
MOBILIARIO
100
AcDbLine
 10
-371.8602470793413
 20
5.839163104342106
 30
0.0
 11
-371.8706721636186
 21
5.836258490253968
 31
0.0
  0
LINE
  5
6DC
330
573
100
AcDbEntity
  8
MOBILIARIO
100
AcDbLine
 10
-371.8484284716442
 20
5.816460132680064
 30
0.0
 11
-371.8501292670048
 21
5.816298411024484
 31
0.0
  0
LINE
  5
6DD
330
573
100
AcDbEntity
  8
MOBILIARIO
100
AcDbLine
 10
-371.8901738720625
 20
5.8045451700401
 30
0.0
 11
-371.8856622005991
 21
5.797833500782353
 31
0.0
  0
LINE
  5
6DE
330
573
100
AcDbEntity
  8
MOBILIARIO
100
AcDbLine
 10
-371.8795743152634
 20
5.831715740662496
 30
0.0
 11
-371.8863468673524
 21
5.825844436445109
 31
0.0
  0
LINE
  5
6DF
330
573
100
AcDbEntity
  8
MOBILIARIO
100
AcDbLine
 10
-371.849929081387
 20
5.808108461045677
 30
0.0
 11
-371.8482212242424
 21
5.807981272548247
 31
0.0
  0
LINE
  5
6E0
330
573
100
AcDbEntity
  8
MOBILIARIO
100
AcDbLine
 10
-371.8546586603234
 20
5.811059017622334
 30
0.0
 11
-371.8539758228816
 21
5.810043212481574
 31
0.0
  0
LINE
  5
6E1
330
573
100
AcDbEntity
  8
MOBILIARIO
100
AcDbLine
 10
-371.8905282816531
 20
5.81904469728142
 30
0.0
 11
-371.891833601691
 21
5.811779914158343
 31
0.0
  0
LINE
  5
6E2
330
573
100
AcDbEntity
  8
MOBILIARIO
100
AcDbLine
 10
-371.8529078808365
 20
5.809175799694877
 30
0.0
 11
-371.8515276126735
 21
5.808515892010192
 31
0.0
  0
LINE
  5
6E3
330
573
100
AcDbEntity
  8
MOBILIARIO
100
AcDbLine
 10
-371.8863468673524
 20
5.825844436445109
 30
0.0
 11
-371.8905282816531
 21
5.81904469728142
 31
0.0
  0
LINE
  5
6E4
330
573
100
AcDbEntity
  8
MOBILIARIO
100
AcDbLine
 10
-371.891833601691
 20
5.811779914158343
 30
0.0
 11
-371.8901738720625
 21
5.8045451700401
 31
0.0
  0
LINE
  5
6E5
330
573
100
AcDbEntity
  8
MOBILIARIO
100
AcDbLine
 10
-371.8517070941883
 20
5.815858800279479
 30
0.0
 11
-371.8530544268797
 21
5.815171259190819
 31
0.0
  0
LINE
  5
6E6
330
573
100
AcDbEntity
  8
MOBILIARIO
100
AcDbLine
 10
-371.8706721636186
 20
5.836258490253968
 30
0.0
 11
-371.8795743152634
 21
5.831715740662496
 31
0.0
  0
LINE
  5
6E7
330
573
100
AcDbEntity
  8
MOBILIARIO
100
AcDbLine
 10
-371.8477684852159
 20
5.789458913049117
 30
0.0
 11
-371.8386367987651
 21
5.790327207663047
 31
0.0
  0
LINE
  5
6E8
330
573
100
AcDbEntity
  8
MOBILIARIO
100
AcDbLine
 10
-371.8856622005991
 20
5.797833500782353
 30
0.0
 11
-371.8786060502551
 21
5.79210229555347
 31
0.0
  0
LINE
  5
6E9
330
573
100
AcDbEntity
  8
MOBILIARIO
100
AcDbLine
 10
-371.8488812106706
 20
5.834982492179201
 30
0.0
 11
-371.8580128971215
 21
5.83411419756527
 31
0.0
  0
LINE
  5
6EA
330
573
100
AcDbEntity
  8
MOBILIARIO
100
AcDbLine
 10
-371.8397116090194
 20
5.834299608449911
 30
0.0
 11
-371.8488812106706
 21
5.834982492179201
 31
0.0
  0
LINE
  5
6EB
330
573
100
AcDbEntity
  8
MOBILIARIO
100
AcDbLine
 10
-371.8836802216075
 20
5.811862516290262
 30
0.0
 11
-371.8823315191938
 21
5.805983536553235
 31
0.0
  0
LINE
  5
6EC
330
573
100
AcDbEntity
  8
MOBILIARIO
100
AcDbLine
 10
-371.8826195137335
 20
5.817765905833333
 30
0.0
 11
-371.8836802216075
 21
5.811862516290262
 31
0.0
  0
LINE
  5
6ED
330
573
100
AcDbEntity
  8
MOBILIARIO
100
AcDbLine
 10
-371.8179843775534
 20
5.82391179585246
 30
0.0
 11
-371.8237182313312
 21
5.828568994346092
 31
0.0
  0
LINE
  5
6EE
330
573
100
AcDbEntity
  8
MOBILIARIO
100
AcDbLine
 10
-371.8655207105198
 20
5.792329321453288
 30
0.0
 11
-371.8569380868671
 21
5.790141796778407
 31
0.0
  0
LINE
  5
6EF
330
573
100
AcDbEntity
  8
MOBILIARIO
100
AcDbLine
 10
-371.8786653183331
 20
5.800529609375857
 30
0.0
 11
-371.8729314645553
 21
5.795872410882218
 31
0.0
  0
LINE
  5
6F0
330
573
100
AcDbEntity
  8
MOBILIARIO
100
AcDbLine
 10
-371.8823315191938
 20
5.805983536553235
 30
0.0
 11
-371.8786653183331
 21
5.800529609375857
 31
0.0
  0
LINE
  5
6F1
330
573
100
AcDbEntity
  8
MOBILIARIO
100
AcDbLine
 10
-371.8143181766927
 20
5.818457868675075
 30
0.0
 11
-371.8179843775534
 21
5.82391179585246
 31
0.0
  0
LINE
  5
6F2
330
573
100
AcDbEntity
  8
MOBILIARIO
100
AcDbLine
 10
-371.8301653368555
 20
5.792687507777181
 30
0.0
 11
-371.8229314156166
 21
5.796378962839327
 31
0.0
  0
LINE
  5
6F3
330
573
100
AcDbEntity
  8
MOBILIARIO
100
AcDbLine
 10
-371.8569380868671
 20
5.790141796778407
 30
0.0
 11
-371.8477684852159
 21
5.789458913049117
 31
0.0
  0
LINE
  5
6F4
330
573
100
AcDbEntity
  8
MOBILIARIO
100
AcDbLine
 10
-371.8580128971215
 20
5.83411419756527
 30
0.0
 11
-371.866484359031
 21
5.831753897451129
 31
0.0
  0
LINE
  5
6F5
330
573
100
AcDbEntity
  8
MOBILIARIO
100
AcDbLine
 10
-371.8729314645553
 20
5.795872410882218
 30
0.0
 11
-371.8655207105198
 21
5.792329321453288
 31
0.0
  0
LINE
  5
6F6
330
573
100
AcDbEntity
  8
MOBILIARIO
100
AcDbLine
 10
-371.8109874952875
 20
5.826607904445964
 30
0.0
 11
-371.8180436456315
 21
5.832339109674841
 31
0.0
  0
LINE
  5
6F7
330
573
100
AcDbEntity
  8
MOBILIARIO
100
AcDbLine
 10
-371.866484359031
 20
5.831753897451129
 30
0.0
 11
-371.87371828027
 21
5.828062442388983
 31
0.0
  0
LINE
  5
6F8
330
573
100
AcDbEntity
  8
MOBILIARIO
100
AcDbLine
 10
-371.8103028285341
 20
5.798596968783208
 30
0.0
 11
-371.8061214142334
 21
5.80539670794689
 31
0.0
  0
LINE
  5
6F9
330
573
100
AcDbEntity
  8
MOBILIARIO
100
AcDbLine
 10
-371.8549098589186
 20
5.812153989675508
 30
0.0
 11
-371.8546586603234
 21
5.811059017622334
 31
0.0
  0
LINE
  5
6FA
330
573
100
AcDbEntity
  8
MOBILIARIO
100
AcDbLine
 10
-371.814030182153
 20
5.806675499394984
 30
0.0
 11
-371.812969474279
 21
5.812578888938049
 31
0.0
  0
LINE
  5
6FB
330
573
100
AcDbEntity
  8
MOBILIARIO
100
AcDbLine
 10
-371.8490095146966
 20
5.840231638276911
 30
0.0
 11
-371.8602470793413
 21
5.839163104342106
 31
0.0
  0
LINE
  5
6FC
330
573
100
AcDbEntity
  8
MOBILIARIO
100
AcDbLine
 10
-371.8237182313312
 20
5.828568994346092
 30
0.0
 11
-371.8311289853668
 21
5.832112083775023
 31
0.0
  0
LINE
  5
6FD
330
573
100
AcDbEntity
  8
MOBILIARIO
100
AcDbLine
 10
-371.812969474279
 20
5.812578888938049
 30
0.0
 11
-371.8143181766927
 21
5.818457868675075
 31
0.0
  0
LINE
  5
6FE
330
573
100
AcDbEntity
  8
MOBILIARIO
100
AcDbLine
 10
-371.817428014826
 20
5.801150006287415
 30
0.0
 11
-371.814030182153
 21
5.806675499394984
 31
0.0
  0
LINE
  5
6FF
330
573
100
AcDbEntity
  8
MOBILIARIO
100
AcDbLine
 10
-371.8229314156166
 20
5.796378962839327
 30
0.0
 11
-371.817428014826
 21
5.801150006287415
 31
0.0
  0
LINE
  5
700
330
573
100
AcDbEntity
  8
MOBILIARIO
100
AcDbLine
 10
-371.8271634098709
 20
5.83669927870978
 30
0.0
 11
-371.8377252911442
 21
5.839391273236558
 31
0.0
  0
LINE
  5
701
330
573
100
AcDbEntity
  8
MOBILIARIO
100
AcDbLine
 10
-371.87371828027
 20
5.828062442388983
 30
0.0
 11
-371.8792216810605
 21
5.823291398940896
 31
0.0
  0
LINE
  5
702
330
573
100
AcDbEntity
  8
MOBILIARIO
100
AcDbLine
 10
-371.8377252911442
 20
5.839391273236558
 30
0.0
 11
-371.8490095146966
 21
5.840231638276911
 31
0.0
  0
LINE
  5
703
330
573
100
AcDbEntity
  8
MOBILIARIO
100
AcDbLine
 10
-371.8540794465825
 20
5.814282642547482
 30
0.0
 11
-371.854712299898
 21
5.813253508105205
 31
0.0
  0
LINE
  5
704
330
573
100
AcDbEntity
  8
MOBILIARIO
100
AcDbLine
 10
-371.8311289853668
 20
5.832112083775023
 30
0.0
 11
-371.8397116090194
 21
5.834299608449911
 31
0.0
  0
LINE
  5
705
330
573
100
AcDbEntity
  8
MOBILIARIO
100
AcDbLine
 10
-371.8180436456315
 20
5.832339109674841
 30
0.0
 11
-371.8271634098709
 21
5.83669927870978
 31
0.0
  0
LINE
  5
706
330
573
100
AcDbEntity
  8
MOBILIARIO
100
AcDbLine
 10
-371.8792216810605
 20
5.823291398940896
 30
0.0
 11
-371.8826195137335
 21
5.817765905833333
 31
0.0
  0
LINE
  5
707
330
573
100
AcDbEntity
  8
MOBILIARIO
100
AcDbLine
 10
-371.806475823824
 20
5.819896235188217
 30
0.0
 11
-371.8109874952875
 21
5.826607904445964
 31
0.0
  0
LINE
  5
708
330
573
100
AcDbEntity
  8
MOBILIARIO
100
AcDbLine
 10
-371.8465204288817
 20
5.808142994203827
 30
0.0
 11
-371.8449426016982
 21
5.808582604948839
 31
0.0
  0
LINE
  5
709
330
573
100
AcDbEntity
  8
MOBILIARIO
100
AcDbLine
 10
-371.8449426016982
 20
5.808582604948839
 30
0.0
 11
-371.8435952690068
 21
5.809270146037498
 31
0.0
  0
LINE
  5
70A
330
573
100
AcDbEntity
  8
MOBILIARIO
100
AcDbLine
 10
-371.8435952690068
 20
5.809270146037498
 30
0.0
 11
-371.842570249304
 21
5.810158762680828
 31
0.0
  0
LINE
  5
70B
330
573
100
AcDbEntity
  8
MOBILIARIO
100
AcDbLine
 10
-371.842570249304
 20
5.810158762680828
 30
0.0
 11
-371.8419373959885
 21
5.811187897123105
 31
0.0
  0
LINE
  5
70C
330
573
100
AcDbEntity
  8
MOBILIARIO
100
AcDbLine
 10
-371.8419373959885
 20
5.811187897123105
 30
0.0
 11
-371.841739836968
 21
5.812287415552802
 31
0.0
  0
LINE
  5
70D
330
573
100
AcDbEntity
  8
MOBILIARIO
100
AcDbLine
 10
-371.841739836968
 20
5.812287415552802
 30
0.0
 11
-371.8419910355631
 21
5.813382387605976
 31
0.0
  0
LINE
  5
70E
330
573
100
AcDbEntity
  8
MOBILIARIO
100
AcDbLine
 10
-371.8419910355631
 20
5.813382387605976
 30
0.0
 11
-371.8426738730049
 21
5.814398192746737
 31
0.0
  0
LINE
  5
70F
330
573
100
AcDbEntity
  8
MOBILIARIO
100
AcDbLine
 10
-371.8426738730049
 20
5.814398192746737
 30
0.0
 11
-371.84374181505
 21
5.815265605533433
 31
0.0
  0
LINE
  5
710
330
573
100
AcDbEntity
  8
MOBILIARIO
100
AcDbLine
 10
-371.84374181505
 20
5.815265605533433
 30
0.0
 11
-371.845122083213
 21
5.815925513218119
 31
0.0
  0
LINE
  5
711
330
573
100
AcDbEntity
  8
MOBILIARIO
100
AcDbLine
 10
-371.845122083213
 20
5.815925513218119
 30
0.0
 11
-371.8467206144996
 21
5.816332944182641
 31
0.0
  0
LINE
  5
712
330
573
100
AcDbEntity
  8
MOBILIARIO
100
AcDbLine
 10
-371.8482212242424
 20
5.807981272548247
 30
0.0
 11
-371.8465204288817
 21
5.808142994203827
 31
0.0
  0
LINE
  5
713
330
573
100
AcDbEntity
  8
MOBILIARIO
100
AcDbLine
 10
-371.8057795317513
 20
5.783019998971817
 30
0.0
 11
-371.8948749861808
 21
5.783019998971838
 31
0.0
  0
LINE
  5
714
330
573
100
AcDbEntity
  8
MOBILIARIO
100
AcDbLine
 10
-371.8948749861808
 20
5.783019998971838
 30
0.0
 11
-371.8948749861808
 21
5.840379652533549
 31
0.0
  0
LINE
  5
715
330
573
100
AcDbEntity
  8
MOBILIARIO
100
AcDbLine
 10
-371.8948749861808
 20
5.840379652533549
 30
0.0
 11
-371.8057795317513
 21
5.840379652533535
 31
0.0
  0
LINE
  5
716
330
573
100
AcDbEntity
  8
MOBILIARIO
100
AcDbLine
 10
-371.8057795317513
 20
5.840379652533535
 30
0.0
 11
-371.8057795317513
 21
5.816861105314345
 31
0.0
  0
LINE
  5
717
330
573
100
AcDbEntity
  8
MOBILIARIO
100
AcDbLine
 10
-371.8057795317513
 20
5.807299461305554
 30
0.0
 11
-371.8057795317513
 21
5.783019998971817
 31
0.0
  0
LINE
  5
718
330
573
100
AcDbEntity
  8
MOBILIARIO
100
AcDbLine
 10
-371.9223784744556
 20
5.771861053086411
 30
0.0
 11
-371.9223784744556
 21
5.853366511557212
 31
0.0
  0
LINE
  5
719
330
573
100
AcDbEntity
  8
MOBILIARIO
100
AcDbLine
 10
-371.9214825905579
 20
5.771861053086411
 30
0.0
 11
-371.9214825905579
 21
5.852789741503898
 31
0.0
  0
LINE
  5
71A
330
573
100
AcDbEntity
  8
MOBILIARIO
100
AcDbLine
 10
-371.9223784744556
 20
5.853366511557212
 30
0.0
 11
-371.4431772987153
 21
5.853366511557212
 31
0.0
  0
LINE
  5
71B
330
573
100
AcDbEntity
  8
MOBILIARIO
100
AcDbLine
 10
-371.9214825905579
 20
5.852789741503898
 30
0.0
 11
-371.444073182613
 21
5.852789741503898
 31
0.0
  0
LINE
  5
71C
330
573
100
AcDbEntity
  8
MOBILIARIO
100
AcDbLine
 10
-371.4431772987153
 20
5.853366511557212
 30
0.0
 11
-371.4431772987153
 21
5.771861053086411
 31
0.0
  0
LINE
  5
71D
330
573
100
AcDbEntity
  8
MOBILIARIO
100
AcDbLine
 10
-371.444073182613
 20
5.852789741503898
 30
0.0
 11
-371.444073182613
 21
5.771861053086411
 31
0.0
  0
LINE
  5
71E
330
573
100
AcDbEntity
  8
MOBILIARIO
100
AcDbLine
 10
-372.7583298138163
 20
5.761726188958768
 30
0.0
 11
-371.0634180040815
 21
5.761726188958768
 31
0.0
  0
LINE
  5
71F
330
573
100
AcDbEntity
  8
MOBILIARIO
100
AcDbLine
 10
-371.0634180040815
 20
6.244576188958767
 30
0.0
 11
-372.7583298138163
 21
6.244576188958767
 31
0.0
  0
LINE
  5
720
330
573
100
AcDbEntity
  8
MOBILIARIO
100
AcDbLine
 10
-371.0818753718835
 20
5.651599614262672
 30
0.0
 11
-371.0818753718835
 21
5.667171988086643
 31
0.0
  0
LINE
  5
721
330
573
100
AcDbEntity
  8
MOBILIARIO
100
AcDbLine
 10
-371.1576999648108
 20
5.405092412807235
 30
0.0
 11
-371.0818753718834
 21
5.405092412807242
 31
0.0
  0
LINE
  5
722
330
573
100
AcDbEntity
  8
MOBILIARIO
100
AcDbLine
 10
-371.3793561840416
 20
5.405092412807242
 30
0.0
 11
-371.4551807769689
 21
5.405092412807242
 31
0.0
  0
LINE
  5
723
330
573
100
AcDbEntity
  8
MOBILIARIO
100
AcDbLine
 10
-371.6862767561156
 20
5.812565324538241
 30
0.0
 11
-371.6871438499157
 21
5.816344977358185
 31
0.0
  0
LINE
  5
724
330
573
100
AcDbEntity
  8
MOBILIARIO
100
AcDbLine
 10
-371.6871438499157
 20
5.816344977358185
 30
0.0
 11
-371.6877705127812
 21
5.819076594244663
 31
0.0
  0
LINE
  5
725
330
573
100
AcDbEntity
  8
MOBILIARIO
100
AcDbLine
 10
-371.6874515441496
 20
5.806027019727473
 30
0.0
 11
-371.6871438499157
 21
5.807739497750269
 31
0.0
  0
LINE
  5
726
330
573
100
AcDbEntity
  8
MOBILIARIO
100
AcDbLine
 10
-371.6871438499157
 20
5.807739497750269
 30
0.0
 11
-371.6862767561156
 21
5.812565324538241
 31
0.0
  0
LINE
  5
727
330
573
100
AcDbEntity
  8
MOBILIARIO
100
AcDbLine
 10
-371.5803913518436
 20
5.812478774659688
 30
0.0
 11
-371.5811717362637
 21
5.815880462197633
 31
0.0
  0
LINE
  5
728
330
573
100
AcDbEntity
  8
MOBILIARIO
100
AcDbLine
 10
-371.5811717362637
 20
5.815880462197633
 30
0.0
 11
-371.5817357328426
 21
5.818338917395465
 31
0.0
  0
LINE
  5
729
330
573
100
AcDbEntity
  8
MOBILIARIO
100
AcDbLine
 10
-371.5814486610742
 20
5.806594300329998
 30
0.0
 11
-371.5811717362637
 21
5.808135530550508
 31
0.0
  0
LINE
  5
72A
330
573
100
AcDbEntity
  8
MOBILIARIO
100
AcDbLine
 10
-371.5811717362637
 20
5.808135530550508
 30
0.0
 11
-371.5803913518436
 21
5.812478774659688
 31
0.0
  0
LINE
  5
72B
330
573
100
AcDbEntity
  8
MOBILIARIO
100
AcDbLine
 10
-371.4692944879988
 20
5.812400879768987
 30
0.0
 11
-371.4699968339769
 21
5.815462398553137
 31
0.0
  0
LINE
  5
72C
330
573
100
AcDbEntity
  8
MOBILIARIO
100
AcDbLine
 10
-371.4699968339769
 20
5.815462398553137
 30
0.0
 11
-371.4705044308979
 21
5.817675008231191
 31
0.0
  0
LINE
  5
72D
330
573
100
AcDbEntity
  8
MOBILIARIO
100
AcDbLine
 10
-371.4702460663063
 20
5.807104852872264
 30
0.0
 11
-371.4699968339769
 21
5.808491960070725
 31
0.0
  0
LINE
  5
72E
330
573
100
AcDbEntity
  8
MOBILIARIO
100
AcDbLine
 10
-371.4699968339769
 20
5.808491960070725
 30
0.0
 11
-371.4692944879988
 21
5.812400879768987
 31
0.0
  0
LINE
  5
72F
330
573
100
AcDbEntity
  8
MOBILIARIO
100
AcDbLine
 10
-371.8048160941956
 20
5.812661491069967
 30
0.0
 11
-371.8057795317513
 21
5.816861105314345
 31
0.0
  0
LINE
  5
730
330
573
100
AcDbEntity
  8
MOBILIARIO
100
AcDbLine
 10
-371.8057795317513
 20
5.816861105314345
 30
0.0
 11
-371.806475823824
 21
5.819896235188217
 31
0.0
  0
LINE
  5
731
330
573
100
AcDbEntity
  8
MOBILIARIO
100
AcDbLine
 10
-371.8061214142334
 20
5.80539670794689
 30
0.0
 11
-371.8057795317513
 21
5.807299461305554
 31
0.0
  0
LINE
  5
732
330
573
100
AcDbEntity
  8
MOBILIARIO
100
AcDbLine
 10
-371.8057795317513
 20
5.807299461305554
 30
0.0
 11
-371.8048160941956
 21
5.812661491069967
 31
0.0
  0
LINE
  5
733
330
573
100
AcDbEntity
  8
MOBILIARIO
100
AcDbLine
 10
-372.7583298138163
 20
6.244576188958767
 30
0.0
 11
-372.7583298138163
 21
5.761726188958768
 31
0.0
  0
LINE
  5
734
330
573
100
AcDbEntity
  8
MOBILIARIO
100
AcDbLine
 10
-371.0634180040815
 20
5.761726188958768
 30
0.0
 11
-371.0634180040815
 21
6.244576188958767
 31
0.0
  0
LINE
  5
735
330
573
100
AcDbEntity
  8
MOBILIARIO
100
AcDbLine
 10
-371.4551807769689
 20
5.66717198808665
 30
0.0
 11
-371.4551807769689
 21
5.651599614262679
 31
0.0
  0
LINE
  5
736
330
573
100
AcDbEntity
  8
MOBILIARIO
100
AcDbLine
 10
-372.7583298138163
 20
5.761726188958782
 30
0.0
 11
-371.8165530040815
 21
5.761726188958775
 31
0.0
  0
LINE
  5
737
330
573
100
AcDbEntity
  8
MOBILIARIO
100
AcDbLine
 10
-371.8165530040815
 20
5.761726188958775
 30
0.0
 11
-371.4879030040815
 21
5.761726188958775
 31
0.0
  0
LINE
  5
738
330
573
100
AcDbEntity
  8
MOBILIARIO
100
AcDbLine
 10
-371.4879030040815
 20
5.761726188958775
 30
0.0
 11
-371.0465530040815
 21
5.761726188958775
 31
0.0
  0
LINE
  5
739
330
573
100
AcDbEntity
  8
MOBILIARIO
100
AcDbLine
 10
-371.0727780330644
 20
5.684065834832502
 30
0.0
 11
-371.0818753718835
 21
5.667171988086643
 31
0.0
  0
LINE
  5
73A
330
573
100
AcDbEntity
  8
MOBILIARIO
100
AcDbLine
 10
-371.0818753718835
 20
5.689981688253205
 30
0.0
 11
-371.0818753718835
 21
5.667171988086643
 31
0.0
  0
LINE
  5
73B
330
573
100
AcDbEntity
  8
MOBILIARIO
100
AcDbLine
 10
-371.0706762097309
 20
5.585963499082823
 30
0.0
 11
-371.0706762097309
 21
5.651599614262672
 31
0.0
  0
LINE
  5
73C
330
573
100
AcDbEntity
  8
MOBILIARIO
100
AcDbLine
 10
-371.0818753718835
 20
5.485227207232185
 30
0.0
 11
-371.0818753718834
 21
5.405092412807242
 31
0.0
  0
LINE
  5
73D
330
573
100
AcDbEntity
  8
MOBILIARIO
100
AcDbLine
 10
-371.0818753718835
 20
5.689981688253205
 30
0.0
 11
-371.0818753718835
 21
5.761726188958775
 31
0.0
  0
LINE
  5
73E
330
573
100
AcDbEntity
  8
MOBILIARIO
100
AcDbLine
 10
-371.0818753718835
 20
5.485227207232185
 30
0.0
 11
-371.0818753718835
 21
5.585963499082823
 31
0.0
  0
LINE
  5
73F
330
573
100
AcDbEntity
  8
MOBILIARIO
100
AcDbLine
 10
-371.1576999648108
 20
5.405092412807235
 30
0.0
 11
-371.3793561840416
 21
5.405092412807242
 31
0.0
  0
LINE
  5
740
330
573
100
AcDbEntity
  8
MOBILIARIO
100
AcDbLine
 10
-371.0818753718835
 20
5.651599614262672
 30
0.0
 11
-371.0818753718835
 21
5.585963499082823
 31
0.0
  0
LINE
  5
741
330
573
100
AcDbEntity
  8
MOBILIARIO
100
AcDbLine
 10
-371.4551807769689
 20
5.761726188958775
 30
0.0
 11
-371.4551807769689
 21
5.752335906113352
 31
0.0
  0
LINE
  5
742
330
573
100
AcDbEntity
  8
MOBILIARIO
100
AcDbLine
 10
-371.4551807769689
 20
5.66717198808665
 30
0.0
 11
-371.464278115788
 21
5.684065834832509
 31
0.0
  0
LINE
  5
743
330
573
100
AcDbEntity
  8
MOBILIARIO
100
AcDbLine
 10
-371.4663799391215
 20
5.58596349908283
 30
0.0
 11
-371.4663799391215
 21
5.651599614262679
 31
0.0
  0
LINE
  5
744
330
573
100
AcDbEntity
  8
MOBILIARIO
100
AcDbLine
 10
-371.4551807769689
 20
5.689981688253212
 30
0.0
 11
-371.4551807769689
 21
5.66717198808665
 31
0.0
  0
LINE
  5
745
330
573
100
AcDbEntity
  8
MOBILIARIO
100
AcDbLine
 10
-371.4551807769689
 20
5.689981688253212
 30
0.0
 11
-371.4551807769689
 21
5.752335906113352
 31
0.0
  0
LINE
  5
746
330
573
100
AcDbEntity
  8
MOBILIARIO
100
AcDbLine
 10
-371.4551807769689
 20
5.58596349908283
 30
0.0
 11
-371.4551807769689
 21
5.651599614262679
 31
0.0
  0
LINE
  5
747
330
573
100
AcDbEntity
  8
MOBILIARIO
100
AcDbLine
 10
-371.4551807769689
 20
5.58596349908283
 30
0.0
 11
-371.4551807769689
 21
5.485227207232192
 31
0.0
  0
LINE
  5
748
330
573
100
AcDbEntity
  8
MOBILIARIO
100
AcDbLine
 10
-371.4551807769689
 20
5.485227207232192
 30
0.0
 11
-371.4551807769689
 21
5.405092412807242
 31
0.0
  0
LINE
  5
749
330
573
100
AcDbEntity
  8
MOBILIARIO
100
AcDbLine
 10
-371.9214825905579
 20
5.771861053086411
 30
0.0
 11
-371.9223784744556
 21
5.771861053086411
 31
0.0
  0
LINE
  5
74A
330
573
100
AcDbEntity
  8
MOBILIARIO
100
AcDbLine
 10
-371.4431772987153
 20
5.771861053086411
 30
0.0
 11
-371.444073182613
 21
5.771861053086411
 31
0.0
  0
LINE
  5
74B
330
573
100
AcDbEntity
  8
MOBILIARIO
100
AcDbLine
 10
-371.444073182613
 20
5.771861053086411
 30
0.0
 11
-371.9214825905579
 21
5.771861053086411
 31
0.0
  0
LINE
  5
74C
330
573
100
AcDbEntity
  8
MOBILIARIO
100
AcDbLine
 10
-371.8483187834566
 20
5.381032986212112
 30
0.0
 11
-371.906289912542
 21
5.372646124748307
 31
0.0
  0
LINE
  5
74D
330
573
100
AcDbEntity
  8
MOBILIARIO
100
AcDbLine
 10
-371.7954618029267
 20
5.405092412807235
 30
0.0
 11
-371.8483187834566
 21
5.381032986212112
 31
0.0
  0
LINE
  5
74E
330
573
100
AcDbEntity
  8
MOBILIARIO
100
AcDbLine
 10
-371.7123147340376
 20
5.495713840710529
 30
0.0
 11
-371.7196372099993
 21
5.485227207232185
 31
0.0
  0
LINE
  5
74F
330
573
100
AcDbEntity
  8
MOBILIARIO
100
AcDbLine
 10
-371.6899387134229
 20
5.555077019216171
 30
0.0
 11
-371.7123147340376
 21
5.495713840710529
 31
0.0
  0
LINE
  5
750
330
573
100
AcDbEntity
  8
MOBILIARIO
100
AcDbLine
 10
-371.6823066694909
 20
5.618781556672751
 30
0.0
 11
-371.6899387134229
 21
5.555077019216171
 31
0.0
  0
LINE
  5
751
330
573
100
AcDbEntity
  8
MOBILIARIO
100
AcDbLine
 10
-371.6899387134229
 20
5.682486094129331
 30
0.0
 11
-371.6823066694909
 21
5.618781556672751
 31
0.0
  0
LINE
  5
752
330
573
100
AcDbEntity
  8
MOBILIARIO
100
AcDbLine
 10
-371.7198070264085
 20
5.761726188958775
 30
0.0
 11
-371.6899387134229
 21
5.682486094129331
 31
0.0
  0
LINE
  5
753
330
573
100
AcDbEntity
  8
MOBILIARIO
100
AcDbLine
 10
-371.7084380478468
 20
5.651599614262672
 30
0.0
 11
-371.7196372099993
 21
5.651599614262672
 31
0.0
  0
LINE
  5
754
330
573
100
AcDbEntity
  8
MOBILIARIO
100
AcDbLine
 10
-371.6710743421974
 20
5.553926188958769
 30
0.0
 11
-371.6843148421974
 21
5.553926188958762
 31
0.0
  0
LINE
  5
755
330
573
100
AcDbEntity
  8
MOBILIARIO
100
AcDbLine
 10
-372.1020399539039
 20
5.684065834832509
 30
0.0
 11
-372.0929426150848
 21
5.689981688253212
 31
0.0
  0
LINE
  5
756
330
573
100
AcDbEntity
  8
MOBILIARIO
100
AcDbLine
 10
-371.9642610416275
 20
5.381032986212112
 30
0.0
 11
-371.906289912542
 21
5.372646124748307
 31
0.0
  0
LINE
  5
757
330
573
100
AcDbEntity
  8
MOBILIARIO
100
AcDbLine
 10
-372.0171180221574
 20
5.405092412807242
 30
0.0
 11
-371.9642610416275
 21
5.381032986212112
 31
0.0
  0
LINE
  5
758
330
573
100
AcDbEntity
  8
MOBILIARIO
100
AcDbLine
 10
-372.1002650910465
 20
5.495713840710529
 30
0.0
 11
-372.0929426150848
 21
5.485227207232192
 31
0.0
  0
LINE
  5
759
330
573
100
AcDbEntity
  8
MOBILIARIO
100
AcDbLine
 10
-372.1226411116612
 20
5.555077019216178
 30
0.0
 11
-372.1002650910465
 21
5.495713840710529
 31
0.0
  0
LINE
  5
75A
330
573
100
AcDbEntity
  8
MOBILIARIO
100
AcDbLine
 10
-372.1302731555933
 20
5.618781556672758
 30
0.0
 11
-372.1226411116612
 21
5.555077019216178
 31
0.0
  0
LINE
  5
75B
330
573
100
AcDbEntity
  8
MOBILIARIO
100
AcDbLine
 10
-372.1226411116612
 20
5.682486094129338
 30
0.0
 11
-372.1302731555933
 21
5.618781556672758
 31
0.0
  0
LINE
  5
75C
330
573
100
AcDbEntity
  8
MOBILIARIO
100
AcDbLine
 10
-372.1002650910465
 20
5.74184927263498
 30
0.0
 11
-372.1226411116612
 21
5.682486094129338
 31
0.0
  0
LINE
  5
75D
330
573
100
AcDbEntity
  8
MOBILIARIO
100
AcDbLine
 10
-372.0929426150848
 20
5.752335906113352
 30
0.0
 11
-372.1002650910465
 21
5.74184927263498
 31
0.0
  0
LINE
  5
75E
330
573
100
AcDbEntity
  8
MOBILIARIO
100
AcDbLine
 10
-372.1041417772373
 20
5.651599614262679
 30
0.0
 11
-372.0929426150848
 21
5.651599614262679
 31
0.0
  0
LINE
  5
75F
330
573
100
AcDbEntity
  8
MOBILIARIO
100
AcDbLine
 10
-372.1041417772373
 20
5.58596349908283
 30
0.0
 11
-372.0929426150848
 21
5.58596349908283
 31
0.0
  0
LINE
  5
760
330
573
100
AcDbEntity
  8
MOBILIARIO
100
AcDbLine
 10
-371.7196372099993
 20
5.651599614262672
 30
0.0
 11
-371.7196372099993
 21
5.667171988086643
 31
0.0
  0
LINE
  5
761
330
573
100
AcDbEntity
  8
MOBILIARIO
100
AcDbLine
 10
-371.7954618029267
 20
5.405092412807235
 30
0.0
 11
-371.7196372099993
 21
5.405092412807242
 31
0.0
  0
LINE
  5
762
330
573
100
AcDbEntity
  8
MOBILIARIO
100
AcDbLine
 10
-372.0171180221574
 20
5.405092412807242
 30
0.0
 11
-372.0929426150848
 21
5.405092412807242
 31
0.0
  0
LINE
  5
763
330
573
100
AcDbEntity
  8
MOBILIARIO
100
AcDbLine
 10
-372.0929426150848
 20
5.66717198808665
 30
0.0
 11
-372.0929426150848
 21
5.651599614262679
 31
0.0
  0
LINE
  5
764
330
573
100
AcDbEntity
  8
MOBILIARIO
100
AcDbLine
 10
-371.7105398711802
 20
5.684065834832502
 30
0.0
 11
-371.7196372099993
 21
5.667171988086643
 31
0.0
  0
LINE
  5
765
330
573
100
AcDbEntity
  8
MOBILIARIO
100
AcDbLine
 10
-371.7196372099993
 20
5.689981688253205
 30
0.0
 11
-371.7196372099993
 21
5.667171988086643
 31
0.0
  0
LINE
  5
766
330
573
100
AcDbEntity
  8
MOBILIARIO
100
AcDbLine
 10
-371.7084380478468
 20
5.585963499082823
 30
0.0
 11
-371.7084380478468
 21
5.651599614262672
 31
0.0
  0
LINE
  5
767
330
573
100
AcDbEntity
  8
MOBILIARIO
100
AcDbLine
 10
-371.7196372099993
 20
5.485227207232185
 30
0.0
 11
-371.7196372099993
 21
5.405092412807242
 31
0.0
  0
LINE
  5
768
330
573
100
AcDbEntity
  8
MOBILIARIO
100
AcDbLine
 10
-371.7196372099993
 20
5.689981688253205
 30
0.0
 11
-371.7196372099993
 21
5.761726188958775
 31
0.0
  0
LINE
  5
769
330
573
100
AcDbEntity
  8
MOBILIARIO
100
AcDbLine
 10
-371.7196372099993
 20
5.485227207232185
 30
0.0
 11
-371.7196372099993
 21
5.585963499082823
 31
0.0
  0
LINE
  5
76A
330
573
100
AcDbEntity
  8
MOBILIARIO
100
AcDbLine
 10
-371.7954618029267
 20
5.405092412807235
 30
0.0
 11
-372.0171180221574
 21
5.405092412807242
 31
0.0
  0
LINE
  5
76B
330
573
100
AcDbEntity
  8
MOBILIARIO
100
AcDbLine
 10
-371.7196372099993
 20
5.651599614262672
 30
0.0
 11
-371.7196372099993
 21
5.585963499082823
 31
0.0
  0
LINE
  5
76C
330
573
100
AcDbEntity
  8
MOBILIARIO
100
AcDbLine
 10
-372.0929426150848
 20
5.66717198808665
 30
0.0
 11
-372.1020399539039
 21
5.684065834832509
 31
0.0
  0
LINE
  5
76D
330
573
100
AcDbEntity
  8
MOBILIARIO
100
AcDbLine
 10
-372.1041417772373
 20
5.58596349908283
 30
0.0
 11
-372.1041417772373
 21
5.651599614262679
 31
0.0
  0
LINE
  5
76E
330
573
100
AcDbEntity
  8
MOBILIARIO
100
AcDbLine
 10
-372.0929426150848
 20
5.689981688253212
 30
0.0
 11
-372.0929426150848
 21
5.66717198808665
 31
0.0
  0
LINE
  5
76F
330
573
100
AcDbEntity
  8
MOBILIARIO
100
AcDbLine
 10
-372.0929426150848
 20
5.689981688253212
 30
0.0
 11
-372.0929426150848
 21
5.752335906113352
 31
0.0
  0
LINE
  5
770
330
573
100
AcDbEntity
  8
MOBILIARIO
100
AcDbLine
 10
-372.0929426150848
 20
5.58596349908283
 30
0.0
 11
-372.0929426150848
 21
5.651599614262679
 31
0.0
  0
LINE
  5
771
330
573
100
AcDbEntity
  8
MOBILIARIO
100
AcDbLine
 10
-372.0929426150848
 20
5.58596349908283
 30
0.0
 11
-372.0929426150848
 21
5.485227207232192
 31
0.0
  0
LINE
  5
772
330
573
100
AcDbEntity
  8
MOBILIARIO
100
AcDbLine
 10
-372.0929426150848
 20
5.485227207232192
 30
0.0
 11
-372.0929426150848
 21
5.405092412807242
 31
0.0
  0
LINE
  5
773
330
573
100
AcDbEntity
  8
MOBILIARIO
100
AcDbLine
 10
-372.4628313051892
 20
5.381032986212112
 30
0.0
 11
-372.5208024342747
 21
5.372646124748307
 31
0.0
  0
LINE
  5
774
330
573
100
AcDbEntity
  8
MOBILIARIO
100
AcDbLine
 10
-372.4099743246593
 20
5.405092412807235
 30
0.0
 11
-372.4628313051892
 21
5.381032986212112
 31
0.0
  0
LINE
  5
775
330
573
100
AcDbEntity
  8
MOBILIARIO
100
AcDbLine
 10
-372.3268272557703
 20
5.495713840710529
 30
0.0
 11
-372.334149731732
 21
5.485227207232185
 31
0.0
  0
LINE
  5
776
330
573
100
AcDbEntity
  8
MOBILIARIO
100
AcDbLine
 10
-372.3044512351556
 20
5.555077019216171
 30
0.0
 11
-372.3268272557703
 21
5.495713840710529
 31
0.0
  0
LINE
  5
777
330
573
100
AcDbEntity
  8
MOBILIARIO
100
AcDbLine
 10
-372.2968191912235
 20
5.618781556672751
 30
0.0
 11
-372.3044512351556
 21
5.555077019216171
 31
0.0
  0
LINE
  5
778
330
573
100
AcDbEntity
  8
MOBILIARIO
100
AcDbLine
 10
-372.3044512351555
 20
5.682486094129331
 30
0.0
 11
-372.2968191912235
 21
5.618781556672751
 31
0.0
  0
LINE
  5
779
330
573
100
AcDbEntity
  8
MOBILIARIO
100
AcDbLine
 10
-372.3343195481411
 20
5.761726188958775
 30
0.0
 11
-372.3044512351555
 21
5.682486094129331
 31
0.0
  0
LINE
  5
77A
330
573
100
AcDbEntity
  8
MOBILIARIO
100
AcDbLine
 10
-372.3229505695795
 20
5.651599614262672
 30
0.0
 11
-372.334149731732
 21
5.651599614262672
 31
0.0
  0
LINE
  5
77B
330
573
100
AcDbEntity
  8
MOBILIARIO
100
AcDbLine
 10
-372.2855868639301
 20
5.553926188958769
 30
0.0
 11
-372.2988273639301
 21
5.553926188958762
 31
0.0
  0
LINE
  5
77C
330
573
100
AcDbEntity
  8
MOBILIARIO
100
AcDbLine
 10
-372.7165524756365
 20
5.684065834832509
 30
0.0
 11
-372.7074551368174
 21
5.689981688253212
 31
0.0
  0
LINE
  5
77D
330
573
100
AcDbEntity
  8
MOBILIARIO
100
AcDbLine
 10
-372.5787735633602
 20
5.381032986212112
 30
0.0
 11
-372.5208024342747
 21
5.372646124748307
 31
0.0
  0
LINE
  5
77E
330
573
100
AcDbEntity
  8
MOBILIARIO
100
AcDbLine
 10
-372.6316305438901
 20
5.405092412807242
 30
0.0
 11
-372.5787735633602
 21
5.381032986212112
 31
0.0
  0
LINE
  5
77F
330
573
100
AcDbEntity
  8
MOBILIARIO
100
AcDbLine
 10
-372.7147776127791
 20
5.495713840710529
 30
0.0
 11
-372.7074551368174
 21
5.485227207232192
 31
0.0
  0
LINE
  5
780
330
573
100
AcDbEntity
  8
MOBILIARIO
100
AcDbLine
 10
-372.7371536333939
 20
5.555077019216178
 30
0.0
 11
-372.7147776127791
 21
5.495713840710529
 31
0.0
  0
LINE
  5
781
330
573
100
AcDbEntity
  8
MOBILIARIO
100
AcDbLine
 10
-372.7447856773259
 20
5.618781556672758
 30
0.0
 11
-372.7371536333939
 21
5.555077019216178
 31
0.0
  0
LINE
  5
782
330
573
100
AcDbEntity
  8
MOBILIARIO
100
AcDbLine
 10
-372.7371536333939
 20
5.682486094129338
 30
0.0
 11
-372.7447856773259
 21
5.618781556672758
 31
0.0
  0
LINE
  5
783
330
573
100
AcDbEntity
  8
MOBILIARIO
100
AcDbLine
 10
-372.7147776127791
 20
5.74184927263498
 30
0.0
 11
-372.7371536333939
 21
5.682486094129338
 31
0.0
  0
LINE
  5
784
330
573
100
AcDbEntity
  8
MOBILIARIO
100
AcDbLine
 10
-372.7074551368174
 20
5.752335906113352
 30
0.0
 11
-372.7147776127791
 21
5.74184927263498
 31
0.0
  0
LINE
  5
785
330
573
100
AcDbEntity
  8
MOBILIARIO
100
AcDbLine
 10
-372.71865429897
 20
5.651599614262679
 30
0.0
 11
-372.7074551368174
 21
5.651599614262679
 31
0.0
  0
LINE
  5
786
330
573
100
AcDbEntity
  8
MOBILIARIO
100
AcDbLine
 10
-372.71865429897
 20
5.58596349908283
 30
0.0
 11
-372.7074551368174
 21
5.58596349908283
 31
0.0
  0
LINE
  5
787
330
573
100
AcDbEntity
  8
MOBILIARIO
100
AcDbLine
 10
-372.334149731732
 20
5.651599614262672
 30
0.0
 11
-372.334149731732
 21
5.667171988086643
 31
0.0
  0
LINE
  5
788
330
573
100
AcDbEntity
  8
MOBILIARIO
100
AcDbLine
 10
-372.4099743246593
 20
5.405092412807235
 30
0.0
 11
-372.3341497317319
 21
5.405092412807242
 31
0.0
  0
LINE
  5
789
330
573
100
AcDbEntity
  8
MOBILIARIO
100
AcDbLine
 10
-372.6316305438901
 20
5.405092412807242
 30
0.0
 11
-372.7074551368174
 21
5.405092412807242
 31
0.0
  0
LINE
  5
78A
330
573
100
AcDbEntity
  8
MOBILIARIO
100
AcDbLine
 10
-372.7074551368174
 20
5.66717198808665
 30
0.0
 11
-372.7074551368174
 21
5.651599614262679
 31
0.0
  0
LINE
  5
78B
330
573
100
AcDbEntity
  8
MOBILIARIO
100
AcDbLine
 10
-372.3250523929129
 20
5.684065834832502
 30
0.0
 11
-372.334149731732
 21
5.667171988086643
 31
0.0
  0
LINE
  5
78C
330
573
100
AcDbEntity
  8
MOBILIARIO
100
AcDbLine
 10
-372.334149731732
 20
5.689981688253205
 30
0.0
 11
-372.334149731732
 21
5.667171988086643
 31
0.0
  0
LINE
  5
78D
330
573
100
AcDbEntity
  8
MOBILIARIO
100
AcDbLine
 10
-372.3229505695795
 20
5.585963499082823
 30
0.0
 11
-372.3229505695795
 21
5.651599614262672
 31
0.0
  0
LINE
  5
78E
330
573
100
AcDbEntity
  8
MOBILIARIO
100
AcDbLine
 10
-372.334149731732
 20
5.485227207232185
 30
0.0
 11
-372.3341497317319
 21
5.405092412807242
 31
0.0
  0
LINE
  5
78F
330
573
100
AcDbEntity
  8
MOBILIARIO
100
AcDbLine
 10
-372.334149731732
 20
5.689981688253205
 30
0.0
 11
-372.334149731732
 21
5.761726188958775
 31
0.0
  0
LINE
  5
790
330
573
100
AcDbEntity
  8
MOBILIARIO
100
AcDbLine
 10
-372.334149731732
 20
5.485227207232185
 30
0.0
 11
-372.334149731732
 21
5.585963499082823
 31
0.0
  0
LINE
  5
791
330
573
100
AcDbEntity
  8
MOBILIARIO
100
AcDbLine
 10
-372.4099743246593
 20
5.405092412807235
 30
0.0
 11
-372.6316305438901
 21
5.405092412807242
 31
0.0
  0
LINE
  5
792
330
573
100
AcDbEntity
  8
MOBILIARIO
100
AcDbLine
 10
-372.334149731732
 20
5.651599614262672
 30
0.0
 11
-372.334149731732
 21
5.585963499082823
 31
0.0
  0
LINE
  5
793
330
573
100
AcDbEntity
  8
MOBILIARIO
100
AcDbLine
 10
-372.7074551368174
 20
5.66717198808665
 30
0.0
 11
-372.7165524756365
 21
5.684065834832509
 31
0.0
  0
LINE
  5
794
330
573
100
AcDbEntity
  8
MOBILIARIO
100
AcDbLine
 10
-372.71865429897
 20
5.58596349908283
 30
0.0
 11
-372.71865429897
 21
5.651599614262679
 31
0.0
  0
LINE
  5
795
330
573
100
AcDbEntity
  8
MOBILIARIO
100
AcDbLine
 10
-372.7074551368174
 20
5.689981688253212
 30
0.0
 11
-372.7074551368174
 21
5.66717198808665
 31
0.0
  0
LINE
  5
796
330
573
100
AcDbEntity
  8
MOBILIARIO
100
AcDbLine
 10
-372.7074551368174
 20
5.689981688253212
 30
0.0
 11
-372.7074551368174
 21
5.752335906113352
 31
0.0
  0
LINE
  5
797
330
573
100
AcDbEntity
  8
MOBILIARIO
100
AcDbLine
 10
-372.7074551368174
 20
5.58596349908283
 30
0.0
 11
-372.7074551368174
 21
5.651599614262679
 31
0.0
  0
LINE
  5
798
330
573
100
AcDbEntity
  8
MOBILIARIO
100
AcDbLine
 10
-372.7074551368174
 20
5.58596349908283
 30
0.0
 11
-372.7074551368174
 21
5.485227207232192
 31
0.0
  0
LINE
  5
799
330
573
100
AcDbEntity
  8
MOBILIARIO
100
AcDbLine
 10
-372.7074551368174
 20
5.485227207232192
 30
0.0
 11
-372.7074551368174
 21
5.405092412807242
 31
0.0
  0
ENDBLK
  5
79A
330
573
100
AcDbEntity
  8
0
100
AcDbBlockEnd
  0
BLOCK
  5
79F
330
79C
100
AcDbEntity
  8
0
100
AcDbBlockBegin
  2
flech
 70
     0
 10
0.0
 20
0.0
 30
0.0
  3
flech
  1

  0
LINE
  5
7A0
330
79C
100
AcDbEntity
  8
A-FLORSTM
100
AcDbLine
 10
195.1718503312519
 20
-0.04308263830179726
 30
0.0
 11
195.2602386789002
 21
0.0453057093465361
 31
0.0
1001
REVIT
1002
{
1070
     1
1000
128150
1002
}
1002
{
1070
     5
1000
28598
1002
}
1002
{
1070
     2
1000
-2000120
1002
}
1002
{
1070
     3
1000
-2000130
1002
}
  0
LINE
  5
7A1
330
79C
100
AcDbEntity
  8
A-FLORSTM
100
AcDbLine
 10
195.3486270265486
 20
-0.04308263830179726
 30
0.0
 11
195.2602386789002
 21
0.0453057093465361
 31
0.0
1001
REVIT
1002
{
1070
     1
1000
128150
1002
}
1002
{
1070
     5
1000
28598
1002
}
1002
{
1070
     2
1000
-2000120
1002
}
1002
{
1070
     3
1000
-2000130
1002
}
  0
LINE
  5
7A2
330
79C
100
AcDbEntity
  8
A-FLORSTM
100
AcDbLine
 10
195.2602386789002
 20
-0.95721796478756
 30
0.0
 11
195.2602386789002
 21
0.0453057093465361
 31
0.0
1001
REVIT
1002
{
1070
     1
1000
128150
1002
}
1002
{
1070
     5
1000
28598
1002
}
1002
{
1070
     2
1000
-2000120
1002
}
1002
{
1070
     3
1000
-2000130
1002
}
  0
LINE
  5
7A3
330
79C
100
AcDbEntity
  8
A-FLORSTM
100
AcDbLine
 10
195.8401470280941
 20
-0.95721796478756
 30
0.0
 11
195.2602386789002
 21
-0.95721796478756
 31
0.0
  0
ENDBLK
  5
7A4
330
79C
100
AcDbEntity
  8
0
100
AcDbBlockEnd
  0
BLOCK
  5
7B1
330
7B0
100
AcDbEntity
  8
0
100
AcDbBlockBegin
  2
loisfd
 70
     0
 10
0.0
 20
0.0
 30
0.0
  3
loisfd
  1

  0
INSERT
  5
7B2
330
7B0
100
AcDbEntity
  8
MOBILIARIO
100
AcDbBlockReference
  2
mue
 10
298.8424051183355
 20
-20.56482324236692
 30
0.0
 41
0.8505063072327061
 42
0.8505063072327061
 43
0.8505063072327061
  0
INSERT
  5
7B3
330
7B0
100
AcDbEntity
  8
inne_gulv
100
AcDbBlockReference
  2
muegl
 10
376.274799206649
 20
16.88220983235481
 30
0.0
 50
270.0
  0
LWPOLYLINE
  5
7B4
330
7B0
100
AcDbEntity
  8
MOBILIARIO
100
AcDbPolyline
 90
        4
 70
     1
 43
0.0
 10
367.6078380580711
 20
-21.14759786130003
 10
368.058155778234
 20
-21.14759786130003
 10
368.058155778234
 20
-21.72234000005534
 10
367.6078380580711
 20
-21.72234000005534
  0
INSERT
  5
7B5
330
7B0
100
AcDbEntity
  8
MOBILIARIO
100
AcDbBlockReference
  2
mue
 10
298.8424051183355
 20
-24.93751516850341
 30
0.0
 41
-0.8505063072327061
 42
0.8505063072327061
 43
0.8505063072327099
 50
180.0
  0
LWPOLYLINE
  5
7B6
330
7B0
100
AcDbEntity
  8
MOBILIARIO
100
AcDbPolyline
 90
        4
 70
     1
 43
0.0
 10
367.6078380580709
 20
-23.77887330872835
 10
368.0581557782338
 20
-23.77887330872835
 10
368.0581557782338
 20
-24.35361544748366
 10
367.6078380580709
 20
-24.35361544748366
  0
ENDBLK
  5
7B7
330
7B0
100
AcDbEntity
  8
0
100
AcDbBlockEnd
  0
ENDSEC
  0
SECTION
  2
ENTITIES
  0
LINE
  5
73
330
2
100
AcDbEntity
  8
A-WALL
100
AcDbLine
 10
357.7794750771196
 20
-38.15482848192928
 30
0.0
 11
357.7794750771196
 21
-38.46739115837751
 31
0.0
  0
LINE
  5
77
330
2
100
AcDbEntity
  8
A-WALL
100
AcDbLine
 10
357.7794750771196
 20
-39.66739115837751
 30
0.0
 11
357.7794750771196
 21
-41.13120631099794
 31
0.0
  0
LINE
  5
78
330
2
100
AcDbEntity
  8
A-WALL
100
AcDbLine
 10
357.7794750771196
 20
-42.33120631099795
 30
0.0
 11
357.7794750771196
 21
-44.65220134537293
 31
0.0
  0
LINE
  5
79
330
2
100
AcDbEntity
  8
A-WALL
100
AcDbLine
 10
352.3294750771198
 20
-43.65220134537302
 30
0.0
 11
352.3294750771196
 21
-38.00482848192927
 31
0.0
  0
LINE
  5
7A
330
2
100
AcDbEntity
  8
A-WALL
100
AcDbLine
 10
352.4794750771196
 20
-38.15482848192928
 30
0.0
 11
354.3794750771198
 21
-38.15482848192926
 31
0.0
  0
LINE
  5
7B
330
2
100
AcDbEntity
  8
A-WALL
100
AcDbLine
 10
352.3294750771196
 20
-38.00482848192939
 30
0.0
 11
354.4739503512134
 21
-38.00482848192936
 31
0.0
  0
LINE
  5
7C
330
2
100
AcDbEntity
  8
A-WALL
100
AcDbLine
 10
356.2739503512133
 20
-38.00482848192934
 30
0.0
 11
357.9294750771195
 21
-38.0048284819293
 31
0.0
  0
LINE
  5
7D
330
2
100
AcDbEntity
  8
inne_gulv
100
AcDbLine
 10
348.9794750771196
 20
-37.00482848192944
 30
0.0
 11
358.9294750771195
 21
-37.00482848192929
 31
0.0
  0
LINE
  5
7E
330
2
100
AcDbEntity
  8
A-WALL
100
AcDbLine
 10
357.9294750771195
 20
-38.00482848192933
 30
0.0
 11
357.9294750771195
 21
-38.46739115837751
 31
0.0
  0
LINE
  5
7F
330
2
100
AcDbEntity
  8
A-WALL
100
AcDbLine
 10
357.9294750771195
 20
-39.66739115837751
 30
0.0
 11
357.9294750771195
 21
-41.13120631099795
 31
0.0
  0
LINE
  5
80
330
2
100
AcDbEntity
  8
A-WALL
100
AcDbLine
 10
357.9294750771195
 20
-42.33120631099794
 30
0.0
 11
357.9294750771195
 21
-44.65220134537292
 31
0.0
  0
LINE
  5
81
330
2
100
AcDbEntity
  8
inne_gulv
100
AcDbLine
 10
358.9294750771195
 20
-37.00482848192929
 30
0.0
 11
358.9294750771195
 21
-42.35220134537303
 31
0.0
  0
LINE
  5
82
330
2
100
AcDbEntity
  8
A-WALL
370
    25
100
AcDbLine
 10
357.9294750771195
 20
-44.65220134537292
 30
0.0
 11
357.7794750771196
 21
-44.65220134537293
 31
0.0
  0
LINE
  5
83
330
2
100
AcDbEntity
  8
A-WALL
100
AcDbLine
 10
352.4794750771196
 20
-38.15482848192928
 30
0.0
 11
354.4739503512134
 21
-38.15482848192928
 31
0.0
1001
REVIT
1002
{
1070
     1
1000
128150
1002
}
1002
{
1070
     5
1000
28598
1002
}
1002
{
1070
     2
1000
-2000120
1002
}
1002
{
1070
     3
1000
-2000122
1002
}
  0
LINE
  5
85
330
2
100
AcDbEntity
  8
A-WALL
100
AcDbLine
 10
352.4794750771194
 20
-41.50720134537314
 30
0.0
 11
352.4794750771196
 21
-38.15482848192928
 31
0.0
  0
LINE
  5
86
330
2
100
AcDbEntity
  8
10-MUEBLES
100
AcDbLine
 10
356.8760480581086
 20
-38.15482848192928
 30
0.0
 11
357.4794750771196
 21
-38.15482848192928
 31
0.0
  0
LINE
  5
8A
330
2
100
AcDbEntity
  8
A-WALL
100
AcDbLine
 10
374.6675448923961
 20
-38.15482848192928
 30
0.0
 11
374.6675448923961
 21
-39.30351491365118
 31
0.0
  0
LINE
  5
8B
330
2
100
AcDbEntity
  8
A-WALL
100
AcDbLine
 10
374.6675448923961
 20
-40.50351491365117
 30
0.0
 11
374.6675448923961
 21
-41.60220134537303
 31
0.0
  0
LINE
  5
8C
330
2
100
AcDbEntity
  8
A-WALL
100
AcDbLine
 10
371.2675448923962
 20
-41.80220134537304
 30
0.0
 11
371.2675448923962
 21
-41.65220134537301
 31
0.0
  0
LINE
  5
8D
330
2
100
AcDbEntity
  8
A-WALL
100
AcDbLine
 10
369.2175448923961
 20
-46.95220134537302
 30
0.0
 11
369.2175448923961
 21
-46.42720134537301
 31
0.0
  0
LINE
  5
8E
330
2
100
AcDbEntity
  8
A-WALL
100
AcDbLine
 10
369.2175448923961
 20
-44.42720134537301
 30
0.0
 11
369.2175448923962
 21
-42.89033881067899
 31
0.0
  0
LINE
  5
8F
330
2
100
AcDbEntity
  8
A-WALL
100
AcDbLine
 10
369.2175448923962
 20
-41.99055445150048
 30
0.0
 11
369.217544892396
 21
-38.0048284819293
 31
0.0
  0
LINE
  5
90
330
2
100
AcDbEntity
  8
A-WALL
100
AcDbLine
 10
370.3675448923961
 20
-38.15482848192922
 30
0.0
 11
371.2675448923962
 21
-38.15482848192924
 31
0.0
  0
LINE
  5
91
330
2
100
AcDbEntity
  8
A-WALL
100
AcDbLine
 10
371.4175448923962
 20
-38.15482848192924
 30
0.0
 11
372.567544892396
 21
-38.15482848192926
 31
0.0
  0
LINE
  5
92
330
2
100
AcDbEntity
  8
A-WALL
100
AcDbLine
 10
373.7675448923961
 20
-38.15482848192929
 30
0.0
 11
374.6675448923961
 21
-38.15482848192931
 31
0.0
  0
LINE
  5
93
330
2
100
AcDbEntity
  8
A-WALL
100
AcDbLine
 10
369.2175448923961
 20
-38.0048284819293
 30
0.0
 11
369.3675448923961
 21
-38.00482848192931
 31
0.0
  0
LINE
  5
94
330
2
100
AcDbEntity
  8
A-WALL
100
AcDbLine
 10
370.3675448923961
 20
-38.00482848192933
 30
0.0
 11
372.081048633031
 21
-38.00482848192936
 31
0.0
  0
LINE
  5
95
330
2
100
AcDbEntity
  8
A-WALL
100
AcDbLine
 10
372.081048633031
 20
-38.00482848192936
 30
0.0
 11
372.567544892396
 21
-38.00482848192936
 31
0.0
  0
LINE
  5
96
330
2
100
AcDbEntity
  8
A-WALL
100
AcDbLine
 10
373.7675448923961
 20
-38.00482848192933
 30
0.0
 11
374.8175448923961
 21
-38.0048284819293
 31
0.0
  0
LINE
  5
97
330
2
100
AcDbEntity
  8
A-WALL
100
AcDbLine
 10
374.6675448923961
 20
-41.60220134537303
 30
0.0
 11
374.6675448923961
 21
-41.65220134537301
 31
0.0
  0
LINE
  5
98
330
2
100
AcDbEntity
  8
A-WALL
100
AcDbLine
 10
374.8175448923961
 20
-38.0048284819293
 30
0.0
 11
374.8175448923961
 21
-39.30351491365118
 31
0.0
  0
LINE
  5
99
330
2
100
AcDbEntity
  8
A-WALL
100
AcDbLine
 10
374.8175448923961
 20
-40.50351491365114
 30
0.0
 11
374.8175448923957
 21
-41.80220134537301
 31
0.0
  0
LINE
  5
9A
330
2
100
AcDbEntity
  8
inne_gulv
100
AcDbLine
 10
373.867544892396
 20
-41.80220134537301
 30
0.0
 11
373.8675448923961
 21
-43.50220134537295
 31
0.0
  0
LINE
  5
9B
330
2
100
AcDbEntity
  8
A-WALL
370
    25
100
AcDbLine
 10
374.6675448923961
 20
-43.65220134537292
 30
0.0
 11
373.1675448923961
 21
-43.65220134537295
 31
0.0
  0
LINE
  5
9C
330
2
100
AcDbEntity
  8
inne_gulv
100
AcDbLine
 10
374.6675448923961
 20
-44.45220134537292
 30
0.0
 11
373.1675448923961
 21
-44.45220134537295
 31
0.0
  0
LINE
  5
9D
330
2
100
AcDbEntity
  8
A-WALL
370
    25
100
AcDbLine
 10
373.0175448923961
 20
-43.65220134537295
 30
0.0
 11
370.2675448923961
 21
-43.65220134537301
 31
0.0
  0
LINE
  5
9E
330
2
100
AcDbEntity
  8
A-WALL
370
    25
100
AcDbLine
 10
374.8175448923957
 20
-41.80220134537296
 30
0.0
 11
372.2675448923961
 21
-41.80220134537296
 31
0.0
  0
LINE
  5
9F
330
2
100
AcDbEntity
  8
A-WALL
370
    25
100
AcDbLine
 10
374.6675448923961
 20
-41.65220134537304
 30
0.0
 11
372.1175448923961
 21
-41.65220134537295
 31
0.0
  0
LINE
  5
A0
330
2
100
AcDbEntity
  8
A-WALL
370
    25
100
AcDbLine
 10
374.8175448923961
 20
-41.65220134537301
 30
0.0
 11
374.8175448923961
 21
-41.80220134537301
 31
0.0
  0
INSERT
  5
A1
330
2
100
AcDbEntity
  8
MOBILIARIO
100
AcDbBlockReference
  2
gazebo multifuncional plantas_dwg_2SAINVI1-127586-Level 1
 10
373.3294722712589
 20
-41.80088646381883
 30
0.0
 41
-1.002375088424969
 42
1.002375088424969
 43
1.002375088424944
 50
90.0
  0
LINE
  5
D2
330
2
100
AcDbEntity
  8
A-WALL
100
AcDbLine
 10
374.8175448923957
 20
-41.80220134537301
 30
0.0
 11
374.8175448923957
 21
-41.65220134537301
 31
0.0
  0
INSERT
  5
D3
330
2
100
AcDbEntity
  8
MOBILIARIO
100
AcDbBlockReference
  2
gazebo multifuncional plantas_dwg_2SALAVI2-127588-Level 1
 10
372.4448099437635
 20
-41.82514232572299
 30
0.0
 41
-0.8360170728478238
 42
0.8360170728478238
 43
0.8360170728478319
  0
LINE
  5
10D
330
2
100
AcDbEntity
  8
A-WALL
100
AcDbLine
 10
374.8175448923957
 20
-41.80220134537304
 30
0.0
 11
372.0312120390348
 21
-41.80220134537304
 31
0.0
  0
LINE
  5
10E
330
2
100
AcDbEntity
  8
A-WALL
100
AcDbLine
 10
371.8812120390348
 20
-41.80220134537304
 30
0.0
 11
371.2675448923962
 21
-41.80220134537304
 31
0.0
  0
LINE
  5
10F
330
2
100
AcDbEntity
  8
A-WALL
100
AcDbLine
 10
374.8175448923961
 20
-42.60220134537303
 30
0.0
 11
374.6675448923961
 21
-42.60220134537305
 31
0.0
  0
LINE
  5
110
330
2
100
AcDbEntity
  8
A-WALL
100
AcDbLine
 10
374.6675448923961
 20
-41.65220134537301
 30
0.0
 11
371.2675448923961
 21
-41.65220134537301
 31
0.0
  0
LINE
  5
111
330
2
100
AcDbEntity
  8
A-WALL
100
AcDbLine
 10
371.4175448923963
 20
-40.851316773196
 30
0.0
 11
371.2675448923963
 21
-40.851316773196
 31
0.0
  0
LINE
  5
112
330
2
100
AcDbEntity
  8
inne_gulv
100
AcDbLine
 10
374.8175448923961
 20
-42.60220134537303
 30
0.0
 11
374.8175448923961
 21
-41.80220134537299
 31
0.0
  0
LINE
  5
113
330
2
100
AcDbEntity
  8
A-WALL
370
    25
100
AcDbLine
 10
370.817544892396
 20
-38.15482848192931
 30
0.0
 11
370.7675448923959
 21
-38.15482848192931
 31
0.0
  0
LINE
  5
114
330
2
100
AcDbEntity
  8
A-WALL
370
    25
100
AcDbLine
 10
370.367544892396
 20
-38.15482848192931
 30
0.0
 11
370.7675448923959
 21
-38.15482848192931
 31
0.0
1001
REVIT
1002
{
1070
     1
1000
128150
1002
}
1002
{
1070
     5
1000
28598
1002
}
1002
{
1070
     2
1000
-2000120
1002
}
1002
{
1070
     3
1000
-2000122
1002
}
  0
LINE
  5
115
330
2
100
AcDbEntity
  8
A-WALL
100
AcDbLine
 10
369.367544892396
 20
-41.99055445150048
 30
0.0
 11
369.367544892396
 21
-38.00482848192931
 31
0.0
  0
LINE
  5
116
330
2
100
AcDbEntity
  8
A-WALL
100
AcDbLine
 10
371.4175448923962
 20
-42.70220134537296
 30
0.0
 11
371.2675448923962
 21
-42.70220134537296
 31
0.0
  0
LINE
  5
117
330
2
100
AcDbEntity
  8
A-WALL
100
AcDbLine
 10
371.2675448923962
 20
-42.70220134537296
 30
0.0
 11
371.2675448923962
 21
-42.55220134537296
 31
0.0
  0
LINE
  5
118
330
2
100
AcDbEntity
  8
A-WALL
100
AcDbLine
 10
369.2175448923961
 20
-46.95220134537302
 30
0.0
 11
369.2175448923961
 21
-47.35220134537303
 31
0.0
  0
LINE
  5
119
330
2
100
AcDbEntity
  8
A-WALL
100
AcDbLine
 10
369.2175448923961
 20
-47.35220134537303
 30
0.0
 11
369.3675448923961
 21
-47.35220134537303
 31
0.0
  0
LINE
  5
11A
330
2
100
AcDbEntity
  8
A-WALL
100
AcDbLine
 10
369.3675448923961
 20
-47.20220134537302
 30
0.0
 11
369.367544892396
 21
-46.42720134537301
 31
0.0
  0
LINE
  5
11B
330
2
100
AcDbEntity
  8
A-WALL
100
AcDbLine
 10
369.367544892396
 20
-44.42720134537301
 30
0.0
 11
369.3675448923961
 21
-42.89033881067899
 31
0.0
  0
LINE
  5
11C
330
2
100
AcDbEntity
  8
A-WALL
100
AcDbLine
 10
370.267544892396
 20
-43.65220134537299
 30
0.0
 11
370.2675448923961
 21
-43.50220134537299
 31
0.0
  0
LINE
  5
11D
330
2
100
AcDbEntity
  8
A-WALL
100
AcDbLine
 10
369.3675448923961
 20
-41.99055445150048
 30
0.0
 11
369.367544892396
 21
-38.00482848192931
 31
0.0
  0
LINE
  5
11E
330
2
100
AcDbEntity
  8
A-WALL
100
AcDbLine
 10
370.367544892396
 20
-38.15482848192922
 30
0.0
 11
370.367544892396
 21
-38.00482848192929
 31
0.0
  0
LINE
  5
11F
330
2
100
AcDbEntity
  8
A-WALL
100
AcDbLine
 10
374.6675448923961
 20
-42.60220134537303
 30
0.0
 11
374.6675448923961
 21
-43.50220134537292
 31
0.0
  0
LINE
  5
120
330
2
100
AcDbEntity
  8
A-WALL
100
AcDbLine
 10
374.6675448923961
 20
-43.65220134537292
 30
0.0
 11
374.667544892396
 21
-44.6445959950648
 31
0.0
  0
LINE
  5
121
330
2
100
AcDbEntity
  8
A-WALL
100
AcDbLine
 10
374.667544892396
 20
-45.44459599506481
 30
0.0
 11
374.667544892396
 21
-45.65720134537298
 31
0.0
  0
LINE
  5
122
330
2
100
AcDbEntity
  8
A-WALL
100
AcDbLine
 10
374.667544892396
 20
-45.80720134537297
 30
0.0
 11
374.6675448923961
 21
-47.20220134537302
 31
0.0
  0
LINE
  5
123
330
2
100
AcDbEntity
  8
inne_gulv
100
AcDbLine
 10
374.067544892396
 20
-45.80720134537297
 30
0.0
 11
374.067544892396
 21
-47.20220134537303
 31
0.0
  0
LINE
  5
124
330
2
100
AcDbEntity
  8
A-WALL
100
AcDbLine
 10
373.967544892396
 20
-45.65720134537298
 30
0.0
 11
373.967544892396
 21
-45.80720134537297
 31
0.0
  0
LINE
  5
125
330
2
100
AcDbEntity
  8
A-WALL
100
AcDbLine
 10
373.1675448923961
 20
-43.65220134537292
 30
0.0
 11
373.1675448923961
 21
-45.80720134537298
 31
0.0
  0
LINE
  5
126
330
2
100
AcDbEntity
  8
A-WALL
100
AcDbLine
 10
373.0175448923961
 20
-43.65220134537292
 30
0.0
 11
373.0175448923961
 21
-45.80720134537298
 31
0.0
  0
LINE
  5
127
330
2
100
AcDbEntity
  8
A-WALL
100
AcDbLine
 10
374.6675448923961
 20
-47.35220134537303
 30
0.0
 11
374.8175448923961
 21
-47.35220134537303
 31
0.0
  0
LINE
  5
128
330
2
100
AcDbEntity
  8
A-WALL
100
AcDbLine
 10
374.8175448923961
 20
-47.35220134537303
 30
0.0
 11
374.8175448923961
 21
-45.44459599506481
 31
0.0
  0
LINE
  5
129
330
2
100
AcDbEntity
  8
A-WALL
100
AcDbLine
 10
374.8175448923961
 20
-44.64459599506481
 30
0.0
 11
374.8175448923961
 21
-42.60220134537303
 31
0.0
  0
LINE
  5
12A
330
2
100
AcDbEntity
  8
A-WALL
100
AcDbLine
 10
369.3675448923961
 20
-47.35220134537303
 30
0.0
 11
371.017544892396
 21
-47.35220134537304
 31
0.0
  0
LINE
  5
12B
330
2
100
AcDbEntity
  8
A-WALL
100
AcDbLine
 10
373.0175448923961
 20
-47.35220134537304
 30
0.0
 11
374.8175448923961
 21
-47.35220134537303
 31
0.0
  0
LINE
  5
12C
330
2
100
AcDbEntity
  8
A-WALL
100
AcDbLine
 10
369.3675448923961
 20
-47.20220134537302
 30
0.0
 11
371.0175448923961
 21
-47.20220134537303
 31
0.0
  0
LINE
  5
12D
330
2
100
AcDbEntity
  8
A-WALL
100
AcDbLine
 10
373.0175448923961
 20
-47.20220134537305
 30
0.0
 11
374.6675448923961
 21
-47.20220134537305
 31
0.0
  0
LINE
  5
12E
330
2
100
AcDbEntity
  8
A-WALL
100
AcDbLine
 10
352.4794750771196
 20
-43.65220134537301
 30
0.0
 11
352.4794750771195
 21
-38.15482848192928
 31
0.0
  0
LINE
  5
12F
330
2
100
AcDbEntity
  8
A-WALL
100
AcDbLine
 10
356.4671502164579
 20
-38.15482848192925
 30
0.0
 11
357.7794750771196
 21
-38.15482848192928
 31
0.0
  0
LINE
  5
130
330
2
100
AcDbEntity
  8
A-WALL
100
AcDbLine
 10
356.2739503512133
 20
-38.15482848192928
 30
0.0
 11
356.4671502164579
 21
-38.15482848192928
 31
0.0
  0
INSERT
  5
131
330
2
100
AcDbEntity
  8
PUERYVENTA
 48
0.3
100
AcDbBlockReference
  2
PUERTA
 10
371.9137262574591
 20
-43.50220134537295
 30
0.0
 41
-0.8008845721770115
 42
0.8008845721770115
 43
0.800884572177029
 50
270.0
  0
LINE
  5
150
330
2
100
AcDbEntity
  8
A-WALL
100
AcDbLine
 10
374.6675448923961
 20
-39.30351491365118
 30
0.0
 11
374.8175448923961
 21
-39.30351491365118
 31
0.0
  0
LINE
  5
151
330
2
100
AcDbEntity
  8
A-WALL
100
AcDbLine
 10
374.6675448923961
 20
-40.50351491365114
 30
0.0
 11
374.8175448923961
 21
-40.50351491365114
 31
0.0
  0
LINE
  5
152
330
2
100
AcDbEntity
  8
inne_gulv
100
AcDbLine
 10
374.8175448923961
 20
-40.50351491365114
 30
0.0
 11
374.8175448923961
 21
-39.30351491365118
 31
0.0
  0
LINE
  5
153
330
2
100
AcDbEntity
  8
inne_gulv
100
AcDbLine
 10
374.6675448923961
 20
-39.30351491365115
 30
0.0
 11
374.6675448923961
 21
-40.50351491365114
 31
0.0
  0
LINE
  5
154
330
2
100
AcDbEntity
  8
A-WALL
100
AcDbLine
 10
371.2675448923962
 20
-39.13107066466397
 30
0.0
 11
371.2675448923962
 21
-38.15482848192924
 31
0.0
  0
LINE
  5
155
330
2
100
AcDbEntity
  8
A-WALL
100
AcDbLine
 10
371.4175448923963
 20
-40.851316773196
 30
0.0
 11
371.4175448923963
 21
-40.701316773196
 31
0.0
  0
LINE
  5
156
330
2
100
AcDbEntity
  8
A-WALL
100
AcDbLine
 10
371.4175448923962
 20
-39.28107066466398
 30
0.0
 11
371.4175448923962
 21
-38.15482848192925
 31
0.0
  0
LINE
  5
157
330
2
100
AcDbEntity
  8
inne_gulv
100
AcDbLine
 10
365.867544892396
 20
-42.90220134537295
 30
0.0
 11
365.8675448923961
 21
-38.00482848192933
 31
0.0
  0
LINE
  5
158
330
2
100
AcDbEntity
  8
inne_gulv
100
AcDbLine
 10
365.9175448923961
 20
-42.70220134537296
 30
0.0
 11
365.9175448923962
 21
-38.20482848192933
 31
0.0
  0
LINE
  5
159
330
2
100
AcDbEntity
  8
inne_gulv
100
AcDbLine
 10
365.8675448923961
 20
-38.00482848192933
 30
0.0
 11
369.2175448923961
 21
-38.00482848192933
 31
0.0
  0
LINE
  5
15A
330
2
100
AcDbEntity
  8
inne_gulv
100
AcDbLine
 10
366.1675448923961
 20
-38.05482848192933
 30
0.0
 11
369.2175448923961
 21
-38.05482848192933
 31
0.0
  0
LINE
  5
15B
330
2
100
AcDbEntity
  8
A-WALL
100
AcDbLine
 10
374.6675448923961
 20
-40.50351491365114
 30
0.0
 11
374.6675448923961
 21
-41.65220134537301
 31
0.0
  0
LINE
  5
15C
330
2
100
AcDbEntity
  8
inne_gulv
100
AcDbLine
 10
374.6675448923961
 20
-42.60220134537305
 30
0.0
 11
374.6675448923961
 21
-41.80220134537301
 31
0.0
  0
INSERT
  5
15D
330
2
100
AcDbEntity
  8
A-WALL
100
AcDbBlockReference
  2
estufas
 10
387.3589581215437
 20
100.7705846402881
 30
2.339815849083612E-26
 50
270.0
  0
LINE
  5
2B7
330
2
100
AcDbEntity
  8
10-MUEBLES
100
AcDbLine
 10
357.7508772059712
 20
-38.15482848192905
 30
4.846761401677897E-26
 11
357.7508772059713
 21
-40.58321739589346
 31
1.802842007761583E-26
  0
LINE
  5
2B9
330
2
100
AcDbEntity
  8
10-MUEBLES
100
AcDbLine
 10
357.1507388640023
 20
-38.714828481929
 30
7.092551735448351E-12
 11
357.1507388640023
 21
-38.15482848192905
 31
4.846761401677897E-26
  0
LINE
  5
2BA
330
2
100
AcDbEntity
  8
10-MUEBLES
100
AcDbLine
 10
357.1507388640023
 20
-38.71482848192786
 30
5.409531970889356E-12
 11
357.1507388640024
 21
-38.75482848192902
 31
5.409531970889356E-12
  0
INSERT
  5
2BB
330
2
100
AcDbEntity
  8
A-WALL
100
AcDbBlockReference
  2
nev
 10
401.1848250348266
 20
-205.8863236490843
 30
2.342601344144317E-26
 41
0.754242614707664
 42
0.754242614707664
 43
0.754242614707664
  0
LINE
  5
2E8
330
2
100
AcDbEntity
  8
10-MUEBLES
100
AcDbLine
 10
357.1507388640023
 20
-38.15482848192905
 30
4.846761401677897E-26
 11
357.7508772059712
 21
-38.15482848192905
 31
4.846761401677897E-26
  0
INSERT
  5
2E9
330
2
100
AcDbEntity
  8
0
100
AcDbBlockReference
  2
lava
 10
580.5460267779308
 20
18.37081326910175
 30
4.071154595353902E-08
 50
90.0
  0
INSERT
  5
323
330
2
100
AcDbEntity
  8
MOBILIARIO
100
AcDbBlockReference
  2
M-Rec 13 6p
 10
355.829850524488
 20
-42.74616445275998
 30
0.0
 50
90.0
  0
TEXT
  5
33C
330
2
100
AcDbEntity
  8
CASCO
100
AcDbText
 10
355.5806922070843
 20
-42.79036734932281
 30
0.09845636563859783
 40
0.1125
  1
DINING
 41
1.2
  7
COTA50
 72
     4
 11
355.8302230512402
 21
-42.73397124542671
 31
0.09845636563859783
100
AcDbText
  0
TEXT
  5
341
330
2
100
AcDbEntity
  8
CASCO
100
AcDbText
 10
349.9502011655403
 20
-44.00434935946909
 30
0.6229563656861792
 40
0.1125
  1
COVERED TERRACE
 41
1.2
  7
COTA50
 72
     4
 11
350.6330907759299
 21
-43.94802630752104
 31
0.6229563656861792
100
AcDbText
  0
INSERT
  5
342
330
2
100
AcDbEntity
  8
PUERYVENTA
 48
0.3
100
AcDbBlockReference
  2
PUERTA
 10
369.3638919638964
 20
-43.50220134537303
 30
0.0
 41
-0.8997843591785113
 42
0.8997843591785397
 43
0.8997843591785515
 50
180.0
  0
LINE
  5
343
330
2
100
AcDbEntity
  8
A-WALL
100
AcDbLine
 10
372.567544892396
 20
-38.15482848192926
 30
0.0
 11
372.567544892396
 21
-38.00482848192936
 31
0.0
  0
LINE
  5
344
330
2
100
AcDbEntity
  8
A-WALL
100
AcDbLine
 10
373.7675448923961
 20
-38.15482848192929
 30
0.0
 11
373.7675448923961
 21
-38.00482848192933
 31
0.0
  0
LINE
  5
345
330
2
100
AcDbEntity
  8
inne_gulv
100
AcDbLine
 10
373.7675448923961
 20
-38.15482848192929
 30
0.0
 11
372.567544892396
 21
-38.15482848192926
 31
0.0
  0
LINE
  5
346
330
2
100
AcDbEntity
  8
inne_gulv
100
AcDbLine
 10
373.7675448923961
 20
-38.00482848192933
 30
0.0
 11
372.567544892396
 21
-38.00482848192932
 31
0.0
  0
LINE
  5
347
330
2
100
AcDbEntity
  8
inne_gulv
100
AcDbLine
 10
348.9794750771196
 20
-42.90220134537295
 30
0.0
 11
348.9794750771196
 21
-38.00482848192933
 31
0.0
  0
LINE
  5
348
330
2
100
AcDbEntity
  8
inne_gulv
100
AcDbLine
 10
348.9794750771196
 20
-38.00482848192933
 30
0.0
 11
352.3294750771195
 21
-38.00482848192933
 31
0.0
  0
INSERT
  5
349
330
2
100
AcDbEntity
  8
0
100
AcDbBlockReference
  2
bed serv
 10
-1654.347943265312
 20
-563.1686392154273
 30
1.172130294140878E-06
 41
1.0
 42
1.0
 43
-1.0
210
0.0
220
0.0
230
-1.0
  0
LWPOLYLINE
  5
35D
330
2
100
AcDbEntity
  8
0
 62
     4
100
AcDbPolyline
 90
        4
 70
     1
 43
0.0
 38
-1.17213029414088E-06
 10
372.9785510086236
 20
-38.20269906145887
 10
372.9785510086236
 20
-38.6620376855738
 10
373.3871637672501
 20
-38.6620376855738
 10
373.3871637672501
 20
-38.20269906145887
  0
INSERT
  5
35E
330
2
100
AcDbEntity
  8
0
100
AcDbBlockReference
  2
bed serv
 10
-1652.989668105414
 20
-563.1686392154273
 30
1.172130294140878E-06
 41
1.0
 42
1.0
 43
-1.0
210
0.0
220
0.0
230
-1.0
  0
LINE
  5
35F
330
2
100
AcDbEntity
  8
A-WALL
100
AcDbLine
 10
373.9675448923959
 20
-45.65720134537296
 30
0.0
 11
374.6675448923961
 21
-45.65720134537298
 31
0.0
  0
LINE
  5
360
330
2
100
AcDbEntity
  8
A-WALL
100
AcDbLine
 10
373.0175448923961
 20
-45.80720134537298
 30
0.0
 11
373.1675448923961
 21
-45.80720134537298
 31
0.0
  0
LINE
  5
361
330
2
100
AcDbEntity
  8
A-WALL
100
AcDbLine
 10
373.9675448923959
 20
-45.80720134537297
 30
0.0
 11
374.6675448923961
 21
-45.80720134537297
 31
0.0
  0
INSERT
  5
362
330
2
100
AcDbEntity
  8
MOBILIARIO
100
AcDbBlockReference
  2
gazebo multifuncional plantas_dwg_2SAINVI1-127586-Level 1
 10
374.6296993259027
 20
-44.78614390751641
 30
0.0
 41
-1.002375088424969
 42
1.002375088424969
 43
1.002375088424944
  0
INSERT
  5
363
330
2
100
AcDbEntity
  8
MOBILIARIO
100
AcDbBlockReference
  2
gazebo multifuncional plantas_dwg_2SALAVI2-127588-Level 1
 10
374.64208009802
 20
-45.34102464480998
 30
0.0
 41
-0.8360170728478238
 42
0.8360170728478238
 43
0.8360170728478319
 50
270.0
  0
INSERT
  5
364
330
2
100
AcDbEntity
  8
PUERYVENTA
 48
0.3
100
AcDbBlockReference
  2
PUERTA
 10
373.1675448923961
 20
-45.80720134537298
 30
0.0
 41
0.8008845721769831
 42
0.8008845721769831
 43
0.8008845721769831
  0
LINE
  5
365
330
2
100
AcDbEntity
  8
A-WALL
100
AcDbLine
 10
374.667544892396
 20
-45.44459599506481
 30
0.0
 11
374.8175448923961
 21
-45.44459599506481
 31
0.0
  0
LINE
  5
366
330
2
100
AcDbEntity
  8
A-WALL
100
AcDbLine
 10
374.6291418487719
 20
-44.64459599506481
 30
0.0
 11
374.6296993259027
 21
-44.6445959950648
 31
0.0
  0
LINE
  5
367
330
2
100
AcDbEntity
  8
A-WALL
100
AcDbLine
 10
374.6675448923961
 20
-44.64459599506481
 30
0.0
 11
374.8175448923961
 21
-44.64459599506481
 31
0.0
  0
LINE
  5
368
330
2
100
AcDbEntity
  8
inne_gulv
100
AcDbLine
 10
374.8175448923961
 20
-45.44459599506481
 30
0.0
 11
374.8175448923961
 21
-44.64459599506481
 31
0.0
  0
LINE
  5
369
330
2
100
AcDbEntity
  8
inne_gulv
100
AcDbLine
 10
374.667544892396
 20
-44.6445959950648
 30
0.0
 11
374.667544892396
 21
-45.44459599506481
 31
0.0
  0
INSERT
  5
36A
330
2
100
AcDbEntity
  8
inne_gulv
100
AcDbBlockReference
  2
HABDS
 10
593.9915859948042
 20
-41.54431960226132
 30
2.813242998901642E-07
 41
-1.0
 42
1.0
 43
1.0
  0
INSERT
  5
39D
330
2
100
AcDbEntity
  8
inne_gulv
100
AcDbBlockReference
  2
cols
 10
45.53690694877287
 20
-1.041089297402515
 30
0.0
  0
INSERT
  5
3A5
330
2
100
AcDbEntity
  8
inne_gulv
100
AcDbBlockReference
  2
cols
 10
45.53690694877287
 20
3.456283566041115
 30
0.0
  0
INSERT
  5
3A6
330
2
100
AcDbEntity
  8
MOBILIARIO
100
AcDbBlockReference
  2
t.v.
 10
398.4639421981159
 20
-274.9383321026769
 30
7.097610565256931E-05
 50
90.0
  0
INSERT
  5
3B1
330
2
100
AcDbEntity
  8
PUERYVENTA
 48
0.3
100
AcDbBlockReference
  2
PUERTA
 10
369.3675448923961
 20
-42.89033881067899
 30
0.0
 41
0.8997843591785113
 42
0.8997843591785113
 43
0.8997843591785113
 50
90.0
  0
LINE
  5
3B2
330
2
100
AcDbEntity
  8
inne_gulv
100
AcDbLine
 10
365.867544892396
 20
-42.90220134537295
 30
0.0
 11
369.2175448923962
 21
-42.90220134537295
 31
0.0
  0
LINE
  5
3B3
330
2
100
AcDbEntity
  8
inne_gulv
100
AcDbLine
 10
366.167544892396
 20
-42.85220134537295
 30
0.0
 11
369.3000610654577
 21
-42.85220134537295
 31
0.0
  0
TEXT
  5
3B4
330
2
100
AcDbEntity
  8
CASCO
100
AcDbText
 10
370.5577827027258
 20
-45.19263009537811
 30
0.6229563656861792
 40
0.1125
  1
MASTER BEDROOM
 41
1.2
  7
COTA50
 72
     4
 11
371.2395327027259
 21
-45.13638009537811
 31
0.6229563656861792
100
AcDbText
  0
TEXT
  5
3B5
330
2
100
AcDbEntity
  8
CASCO
100
AcDbText
 10
372.8505091152786
 20
-39.92061182542903
 30
0.622955193555885
 40
0.1125
  1
BEDROOM
 41
1.2
  7
COTA50
 72
     4
 11
373.2197867126811
 21
-39.86428877348099
 31
0.622955193555885
100
AcDbText
  0
TEXT
  5
3B7
330
2
100
AcDbEntity
  8
CASCO
100
AcDbText
 10
373.4894037436139
 20
-44.77741895916274
 30
0.622955193555885
 40
0.1125
  1
BATHROOM
 41
1.2
  7
COTA50
 72
     4
 11
373.8976034189386
 21
-44.7210959072147
 31
0.622955193555885
100
AcDbText
  0
LINE
  5
3B8
330
2
100
AcDbEntity
  8
A-WALL
100
AcDbLine
 10
352.3294750771198
 20
-43.65220134537302
 30
0.0
 11
352.3294750771198
 21
-44.52720134537301
 31
0.0
  0
LINE
  5
3B9
330
2
100
AcDbEntity
  8
A-WALL
100
AcDbLine
 10
352.3294750771196
 20
-46.32720134537301
 30
0.0
 11
352.3294750771196
 21
-47.35220134537303
 31
0.0
  0
LINE
  5
3BA
330
2
100
AcDbEntity
  8
A-WALL
100
AcDbLine
 10
352.4794750771196
 20
-43.65220134537301
 30
0.0
 11
352.4794750771196
 21
-44.52720134537302
 31
0.0
  0
LINE
  5
3BB
330
2
100
AcDbEntity
  8
A-WALL
100
AcDbLine
 10
352.4794750771196
 20
-46.32720134537302
 30
0.0
 11
352.4794750771196
 21
-47.20220134537303
 31
0.0
  0
LINE
  5
3BC
330
2
100
AcDbEntity
  8
A-WALL
100
AcDbLine
 10
352.8794750771196
 20
-47.20220134537303
 30
0.0
 11
352.8794750771195
 21
-47.35220134537305
 31
0.0
  0
INSERT
  5
3BD
330
2
100
AcDbEntity
  8
MOBILIARIO
100
AcDbBlockReference
  2
mesita1
 10
2222.205556782217
 20
877.2359385324452
 30
0.0
 50
180.0
  0
LINE
  5
3CA
330
2
100
AcDbEntity
  8
A-WALL
100
AcDbLine
 10
371.0175448923961
 20
-47.20220134537303
 30
0.0
 11
371.0175448923961
 21
-47.35220134537303
 31
0.0
  0
LINE
  5
3CB
330
2
100
AcDbEntity
  8
A-WALL
100
AcDbLine
 10
373.0175448923961
 20
-47.20220134537303
 30
0.0
 11
373.0175448923961
 21
-47.35220134537303
 31
0.0
  0
LINE
  5
3CC
330
2
100
AcDbEntity
  8
inne_gulv
100
AcDbLine
 10
371.0175448923961
 20
-47.20220134537303
 30
0.0
 11
373.0175448923961
 21
-47.20220134537303
 31
0.0
  0
LINE
  5
3CD
330
2
100
AcDbEntity
  8
inne_gulv
100
AcDbLine
 10
373.0175448923961
 20
-47.35220134537304
 30
0.0
 11
371.017544892396
 21
-47.35220134537304
 31
0.0
  0
LINE
  5
3CE
330
2
100
AcDbEntity
  8
A-WALL
100
AcDbLine
 10
369.3675448923961
 20
-46.42720134537301
 30
0.0
 11
369.2175448923961
 21
-46.42720134537301
 31
0.0
  0
LINE
  5
3CF
330
2
100
AcDbEntity
  8
A-WALL
100
AcDbLine
 10
369.3675448923961
 20
-44.42720134537301
 30
0.0
 11
369.2175448923961
 21
-44.42720134537301
 31
0.0
  0
LINE
  5
3D0
330
2
100
AcDbEntity
  8
inne_gulv
100
AcDbLine
 10
369.3675448923961
 20
-44.42720134537301
 30
0.0
 11
369.367544892396
 21
-46.42720134537301
 31
0.0
  0
LINE
  5
3D1
330
2
100
AcDbEntity
  8
inne_gulv
100
AcDbLine
 10
369.2175448923961
 20
-46.42720134537301
 30
0.0
 11
369.2175448923961
 21
-44.42720134537301
 31
0.0
  0
LINE
  5
3D2
330
2
100
AcDbEntity
  8
inne_gulv
100
AcDbLine
 10
348.9794750771196
 20
-41.45351491365114
 30
0.0
 11
348.7094750771196
 21
-41.45351491365114
 31
0.0
  0
LINE
  5
3D3
330
2
100
AcDbEntity
  8
inne_gulv
100
AcDbLine
 10
348.9794750771196
 20
-39.45351491365114
 30
0.0
 11
348.7094750771196
 21
-39.45351491365114
 31
0.0
  0
LINE
  5
3D4
330
2
100
AcDbEntity
  8
inne_gulv
100
AcDbLine
 10
348.7094750771196
 20
-39.45351491365114
 30
0.0
 11
348.7094750771196
 21
-41.45351491365114
 31
0.0
  0
LINE
  5
3D5
330
2
100
AcDbEntity
  8
A-WALL
100
AcDbLine
 10
352.3294750771196
 20
-47.35220134537303
 30
-1.169669410852408E-27
 11
352.4794750771196
 21
-47.35220134537304
 31
1.793662034335766E-43
  0
LINE
  5
3D6
330
2
100
AcDbEntity
  8
A-WALL
100
AcDbLine
 10
352.4794750771196
 20
-47.35220134537304
 30
0.0
 11
352.8794750771196
 21
-47.35220134537304
 31
3.119118428941676E-27
  0
LINE
  5
3D7
330
2
100
AcDbEntity
  8
A-WALL
100
AcDbLine
 10
357.3794750771197
 20
-47.35220134537303
 30
3.820920075453342E-26
 11
357.9294750771195
 21
-47.35220134537303
 31
4.249798859432662E-26
  0
LINE
  5
3D8
330
2
100
AcDbEntity
  8
A-WALL
100
AcDbLine
 10
352.4794750771196
 20
-47.20220134537303
 30
-2.869859254937225E-42
 11
352.8794750771196
 21
-47.20220134537303
 31
3.119118428941673E-27
  0
LINE
  5
3D9
330
2
100
AcDbEntity
  8
A-WALL
100
AcDbLine
 10
357.3794750771197
 20
-47.20220134537303
 30
3.820920075453298E-26
 11
357.7794750771196
 21
-47.20220134537303
 31
4.132831918347421E-26
  0
LINE
  5
3DA
330
2
100
AcDbEntity
  8
A-WALL
100
AcDbLine
 10
357.7794750771196
 20
-46.20220134537303
 30
4.132831918347377E-26
 11
357.9294750771195
 21
-46.20220134537303
 31
4.249798859432662E-26
  0
LINE
  5
3DB
330
2
100
AcDbEntity
  8
A-WALL
100
AcDbLine
 10
357.9294750771195
 20
-46.20220134537303
 30
0.0
 11
357.9294750771195
 21
-47.35220134537303
 31
0.0
  0
LINE
  5
3DC
330
2
100
AcDbEntity
  8
A-WALL
100
AcDbLine
 10
357.7794750771197
 20
-46.20220134537303
 30
0.0
 11
357.7794750771197
 21
-47.20220134537303
 31
0.0
  0
LINE
  5
3DD
330
2
100
AcDbEntity
  8
A-WALL
100
AcDbLine
 10
357.3794750771197
 20
-47.20220134537303
 30
0.0
 11
357.3794750771197
 21
-47.35220134537304
 31
0.0
  0
LINE
  5
3DE
330
2
100
AcDbEntity
  8
inne_gulv
  6
HIDDEN
 48
0.02
100
AcDbLine
 10
348.9794750771195
 20
-47.35220134537303
 30
0.0
 11
348.9794750771196
 21
-42.90220134537295
 31
0.0
  0
LINE
  5
3E0
330
2
100
AcDbEntity
  8
A-WALL
100
AcDbLine
 10
352.4794750771195
 20
-46.32720134537302
 30
0.0
 11
352.3294750771196
 21
-46.32720134537301
 31
0.0
  0
LINE
  5
3E1
330
2
100
AcDbEntity
  8
A-WALL
100
AcDbLine
 10
352.4794750771196
 20
-44.52720134537302
 30
0.0
 11
352.3294750771198
 21
-44.52720134537301
 31
0.0
  0
LINE
  5
3E2
330
2
100
AcDbEntity
  8
inne_gulv
100
AcDbLine
 10
352.8794750771195
 20
-47.35220134537305
 30
0.0
 11
357.3794750771197
 21
-47.35220134537303
 31
0.0
  0
LINE
  5
3E3
330
2
100
AcDbEntity
  8
inne_gulv
100
AcDbLine
 10
357.3794750771197
 20
-47.20220134537303
 30
0.0
 11
352.8794750771196
 21
-47.20220134537133
 31
0.0
  0
LINE
  5
3E4
330
2
100
AcDbEntity
  8
inne_gulv
100
AcDbLine
 10
352.3294750771198
 20
-44.52720134537301
 30
0.0
 11
352.3294750771196
 21
-46.32720134537301
 31
0.0
  0
LINE
  5
3E5
330
2
100
AcDbEntity
  8
inne_gulv
100
AcDbLine
 10
352.4794750771196
 20
-44.52720134537302
 30
0.0
 11
352.4794750771195
 21
-46.32720134537302
 31
0.0
  0
LINE
  5
3E6
330
2
100
AcDbEntity
  8
inne_gulv
100
AcDbLine
 10
357.7794750771196
 20
-44.65220134537293
 30
0.0
 11
357.7794750771196
 21
-46.20220134537303
 31
4.132831918347377E-26
  0
LINE
  5
3E7
330
2
100
AcDbEntity
  8
inne_gulv
100
AcDbLine
 10
357.9294750771195
 20
-46.20220134537303
 30
0.0
 11
357.9294750771195
 21
-44.65220134537292
 31
0.0
  0
LINE
  5
3E8
330
2
100
AcDbEntity
  8
inne_gulv
100
AcDbLine
 10
357.8544750771196
 20
-44.65220134537292
 30
0.0
 11
357.8544750771196
 21
-46.20220134537303
 31
4.191315388890019E-26
  0
LWPOLYLINE
  5
3E9
330
2
100
AcDbEntity
  8
inne_gulv
100
AcDbPolyline
 90
        4
 70
     1
 43
0.0
 10
373.1675448923961
 20
-43.65220134537295
 10
374.6675448923961
 20
-43.65220134537295
 10
374.6675448923961
 20
-45.65720134537298
 10
373.1675448923961
 20
-45.65720134537298
  0
LINE
  5
3EA
330
2
100
AcDbEntity
  8
10-MUEBLES
100
AcDbLine
 10
357.7508772059712
 20
-40.27482848192896
 30
2.339815849083612E-26
 11
357.1508772059712
 21
-40.27482848192896
 31
2.339815849083612E-26
  0
LINE
  5
3EB
330
2
100
AcDbEntity
  8
10-MUEBLES
100
AcDbLine
 10
357.1508772059712
 20
-40.27482848192898
 30
-2.605169736473795E-13
 11
357.1508772059712
 21
-38.75482848192896
 31
3.039364692552668E-12
  0
INSERT
  5
3EC
330
2
100
AcDbEntity
  8
A-WALL
100
AcDbBlockReference
  2
freg
 10
387.3408902391457
 20
100.5284474824947
 30
1.318637308805821E-12
 50
270.0
  0
LINE
  5
413
330
2
100
AcDbEntity
  8
inne_gulv
100
AcDbLine
 10
348.9794750771196
 20
-38.00482848192933
 30
0.0
 11
348.9794750771196
 21
-37.00482848192944
 31
0.0
  0
LINE
  5
414
330
2
100
AcDbEntity
  8
A-WALL
100
AcDbLine
 10
357.9294750771195
 20
-39.66739115837751
 30
0.0
 11
357.7794750771196
 21
-39.66739115837751
 31
0.0
  0
LINE
  5
415
330
2
100
AcDbEntity
  8
A-WALL
100
AcDbLine
 10
357.9294750771195
 20
-38.46739115837751
 30
0.0
 11
357.7794750771196
 21
-38.46739115837751
 31
0.0
  0
LINE
  5
416
330
2
100
AcDbEntity
  8
inne_gulv
100
AcDbLine
 10
357.9294750771195
 20
-39.66739115837751
 30
0.0
 11
357.9294750771195
 21
-38.46739115837751
 31
0.0
  0
LINE
  5
417
330
2
100
AcDbEntity
  8
inne_gulv
100
AcDbLine
 10
357.7794750771196
 20
-38.46739115837751
 30
0.0
 11
357.7794750771196
 21
-39.66739115837751
 31
0.0
  0
LINE
  5
418
330
2
100
AcDbEntity
  8
inne_gulv
100
AcDbLine
 10
357.8544750771196
 20
-39.66739115837751
 30
0.0
 11
357.8544750771196
 21
-38.46739115837751
 31
0.0
  0
LINE
  5
419
330
2
100
AcDbEntity
  8
inne_gulv
100
AcDbLine
 10
357.8544750771196
 20
-39.0673911583775
 30
0.0
 11
357.9294750771195
 21
-39.0673911583775
 31
0.0
  0
LINE
  5
41A
330
2
100
AcDbEntity
  8
A-WALL
100
AcDbLine
 10
354.4739503512134
 20
-38.15482848192928
 30
0.0
 11
354.4739503512134
 21
-38.00482848192937
 31
0.0
  0
LINE
  5
41B
330
2
100
AcDbEntity
  8
A-WALL
100
AcDbLine
 10
356.2739503512133
 20
-38.15482848192928
 30
0.0
 11
356.2739503512133
 21
-38.00482848192934
 31
0.0
  0
LINE
  5
41C
330
2
100
AcDbEntity
  8
inne_gulv
100
AcDbLine
 10
354.4739503512134
 20
-38.00482848192937
 30
0.0
 11
356.2739503512133
 21
-38.00482848192862
 31
0.0
  0
LINE
  5
41D
330
2
100
AcDbEntity
  8
inne_gulv
100
AcDbLine
 10
356.2739503512134
 20
-38.15482848192928
 30
0.0
 11
354.4739503512134
 21
-38.15482848192928
 31
0.0
  0
INSERT
  5
41E
330
2
100
AcDbEntity
  8
muro
100
AcDbBlockReference
  2
A$C58626E39
 10
-354.6628130182085
 20
-38.04244362793249
 30
-2.899576436461538E-08
 41
-0.4997342665084972
 42
0.4997342665084972
 43
-0.4997342665084972
 50
89.99999995995812
210
7.409951902344136E-12
220
8.315681800748829E-10
230
-1.0
1001
AcDbBlockRepETag
1070
     1
1071
      714
1005
0
  0
LINE
  5
4B9
330
2
100
AcDbEntity
  8
A-WALL
100
AcDbLine
 10
357.7794750771195
 20
-42.33120631099795
 30
0.0
 11
357.9294750771195
 21
-42.33120631099794
 31
0.0
  0
LINE
  5
4BA
330
2
100
AcDbEntity
  8
A-WALL
100
AcDbLine
 10
357.7794750771195
 20
-41.13120631099794
 30
0.0
 11
357.9294750771195
 21
-41.13120631099795
 31
0.0
  0
LINE
  5
4BB
330
2
100
AcDbEntity
  8
inne_gulv
100
AcDbLine
 10
357.9294750771195
 20
-42.33120631099793
 30
0.0
 11
357.9294750771195
 21
-41.13120631099795
 31
0.0
  0
LINE
  5
4BC
330
2
100
AcDbEntity
  8
inne_gulv
100
AcDbLine
 10
357.7794750771196
 20
-41.13120631099794
 30
0.0
 11
357.7794750771196
 21
-42.33120631099795
 31
0.0
  0
LINE
  5
4BD
330
2
100
AcDbEntity
  8
inne_gulv
100
AcDbLine
 10
357.8544750771195
 20
-41.13120631099795
 30
0.0
 11
357.8544750771195
 21
-42.33120631099795
 31
0.0
  0
LINE
  5
4BE
330
2
100
AcDbEntity
  8
inne_gulv
100
AcDbLine
 10
357.8544750771195
 20
-41.76933898749626
 30
0.0
 11
357.7794750771197
 21
-41.76933898749626
 31
0.0
  0
INSERT
  5
4BF
330
2
100
AcDbEntity
  8
muro
100
AcDbBlockReference
  2
A$C58626E39
 10
-355.7683377441148
 20
-47.23981649137625
 30
-3.66358150930936E-08
 41
-0.4997342665084972
 42
0.4997342665084972
 43
-0.4997342665084972
 50
89.99999995995812
210
7.409951902344136E-12
220
8.315681800748829E-10
230
-1.0
1001
AcDbBlockRepETag
1070
     1
1071
      714
1005
0
  0
INSERT
  5
4C0
330
2
100
AcDbEntity
  8
muro
100
AcDbBlockReference
  2
A$C58626E39
 10
-353.0683370477282
 20
-47.23249127286809
 30
-3.667584381502941E-08
 41
-0.4997342665084972
 42
0.4997342665084972
 43
-0.4997342665084972
 50
89.99999995995812
210
7.409951902344136E-12
220
8.315681800748829E-10
230
-1.0
1001
AcDbBlockRepETag
1070
     1
1071
      714
1005
0
  0
LINE
  5
4C1
330
2
100
AcDbEntity
  8
inne_gulv
100
AcDbLine
 10
354.6794743807331
 20
-47.24994703753097
 30
2.611326526276117E-11
 11
355.5794757734291
 21
-47.2499470357266
 31
6.147222113225243E-12
  0
LINE
  5
4C2
330
2
100
AcDbEntity
  8
inne_gulv
100
AcDbLine
 10
355.5794757735686
 20
-47.31953890007249
 30
-5.222653052580088E-11
 11
354.6794743808703
 21
-47.3195389018481
 31
-3.226048735217207E-11
  0
LINE
  5
4C3
330
2
100
AcDbEntity
  8
A-WALL
100
AcDbLine
 10
369.2175448923962
 20
-42.89033881067899
 30
0.0
 11
369.3675448923962
 21
-42.890338810679
 31
0.0
  0
LINE
  5
4C4
330
2
100
AcDbEntity
  8
A-WALL
100
AcDbLine
 10
365.8675448923961
 20
-38.00482848192933
 30
0.0
 11
366.1675448923961
 21
-38.00482848192933
 31
0.0
  0
LINE
  5
4C5
330
2
100
AcDbEntity
  8
A-WALL
100
AcDbLine
 10
366.1675448923961
 20
-38.00482848192933
 30
0.0
 11
366.1675448923961
 21
-38.20482848192933
 31
0.0
  0
LINE
  5
4C6
330
2
100
AcDbEntity
  8
A-WALL
100
AcDbLine
 10
366.1675448923961
 20
-38.20482848192933
 30
0.0
 11
365.8675448923961
 21
-38.20482848192933
 31
0.0
  0
LINE
  5
4C7
330
2
100
AcDbEntity
  8
A-WALL
100
AcDbLine
 10
365.8675448923961
 20
-38.20482848192933
 30
0.0
 11
365.8675448923961
 21
-38.00482848192933
 31
0.0
  0
LINE
  5
4C8
330
2
100
AcDbEntity
  8
A-WALL
100
AcDbLine
 10
365.867544892396
 20
-42.70220134537296
 30
0.0
 11
366.1675448923961
 21
-42.70220134537296
 31
0.0
  0
LINE
  5
4C9
330
2
100
AcDbEntity
  8
A-WALL
100
AcDbLine
 10
366.1675448923961
 20
-42.70220134537296
 30
0.0
 11
366.1675448923961
 21
-42.90220134537295
 31
0.0
  0
LINE
  5
4CA
330
2
100
AcDbEntity
  8
A-WALL
100
AcDbLine
 10
366.1675448923961
 20
-42.90220134537295
 30
0.0
 11
365.867544892396
 21
-42.90220134537295
 31
0.0
  0
LINE
  5
4CB
330
2
100
AcDbEntity
  8
A-WALL
100
AcDbLine
 10
365.867544892396
 20
-42.90220134537295
 30
0.0
 11
365.867544892396
 21
-42.70220134537296
 31
0.0
  0
INSERT
  5
4CC
330
2
100
AcDbEntity
  8
MOBILIARIO
100
AcDbBlockReference
  2
mue
 10
299.9638748692737
 20
-37.52799029015193
 30
0.0
 41
0.8505063072327061
 42
0.8505063072327061
 43
0.8505063072327061
  0
INSERT
  5
4EB
330
2
100
AcDbEntity
  8
inne_gulv
100
AcDbBlockReference
  2
muegl
 10
377.3962689575872
 20
-0.08095721543019607
 30
0.0
 50
270.0
  0
LWPOLYLINE
  5
509
330
2
100
AcDbEntity
  8
MOBILIARIO
100
AcDbPolyline
 90
        4
 70
     1
 43
0.0
 10
368.7293078090092
 20
-38.08440513096198
 10
369.1796255291721
 20
-38.08440513096198
 10
369.1796255291721
 20
-38.65914726971729
 10
368.7293078090092
 20
-38.65914726971729
  0
INSERT
  5
50A
330
2
100
AcDbEntity
  8
inne_gulv
100
AcDbBlockReference
  2
eslcaeras
 10
-10.31405011113321
 20
-21.16804751632953
 30
0.0
  0
LINE
  5
53E
330
2
100
AcDbEntity
  8
A-SECTMBM
  6
DASHED
100
AcDbLine
 10
369.3675448923963
 20
-39.35107066466398
 30
0.0
 11
370.3675448923963
 21
-39.35107066466398
 31
0.0
1001
REVIT
1002
{
1070
     1
1000
128150
1002
}
1002
{
1070
     5
1000
28598
1002
}
1002
{
1070
     2
1000
-2000120
1002
}
1002
{
1070
     3
1000
-2000122
1002
}
  0
LINE
  5
53F
330
2
100
AcDbEntity
  8
A-WALL
370
    25
100
AcDbLine
 10
370.4075448923962
 20
-41.46107066466402
 30
0.0
 11
370.4075448923962
 21
-41.41107066466401
 31
0.0
  0
LINE
  5
540
330
2
100
AcDbEntity
  8
A-WALL
370
    25
100
AcDbLine
 10
370.4075448923961
 20
-41.78107066466398
 30
0.0
 11
370.4075448923961
 21
-39.13107066466397
 31
0.0
  0
LINE
  5
541
330
2
100
AcDbEntity
  8
A-SECTMBM
100
AcDbLine
 10
369.3675448923963
 20
-41.51107066466398
 30
0.0
 11
370.3675448923963
 21
-41.51107066466398
 31
0.0
1001
REVIT
1002
{
1070
     1
1000
128150
1002
}
1002
{
1070
     5
1000
28598
1002
}
1002
{
1070
     2
1000
-2000120
1002
}
1002
{
1070
     3
1000
-2000122
1002
}
  0
LINE
  5
542
330
2
100
AcDbEntity
  8
A-SECTMBM
100
AcDbLine
 10
369.3675448923963
 20
-41.78107066466398
 30
0.0
 11
370.3675448923963
 21
-41.78107066466398
 31
0.0
1001
REVIT
1002
{
1070
     1
1000
128150
1002
}
1002
{
1070
     5
1000
28598
1002
}
1002
{
1070
     2
1000
-2000120
1002
}
1002
{
1070
     3
1000
-2000122
1002
}
  0
LINE
  5
543
330
2
100
AcDbEntity
  8
A-SECTMBM
100
AcDbLine
 10
369.3675448923963
 20
-41.24107066466397
 30
0.0
 11
370.3675448923963
 21
-41.24107066466397
 31
0.0
1001
REVIT
1002
{
1070
     1
1000
128150
1002
}
1002
{
1070
     5
1000
28598
1002
}
1002
{
1070
     2
1000
-2000120
1002
}
1002
{
1070
     3
1000
-2000122
1002
}
  0
LINE
  5
544
330
2
100
AcDbEntity
  8
A-SECTMBM
100
AcDbLine
 10
369.3675448923963
 20
-40.97107066466398
 30
0.0
 11
370.3675448923963
 21
-40.97107066466398
 31
0.0
1001
REVIT
1002
{
1070
     1
1000
128150
1002
}
1002
{
1070
     5
1000
28598
1002
}
1002
{
1070
     2
1000
-2000120
1002
}
1002
{
1070
     3
1000
-2000122
1002
}
  0
LINE
  5
545
330
2
100
AcDbEntity
  8
A-SECTMBM
100
AcDbLine
 10
369.3675448923963
 20
-40.70107066466397
 30
0.0
 11
370.3675448923963
 21
-40.70107066466397
 31
0.0
1001
REVIT
1002
{
1070
     1
1000
128150
1002
}
1002
{
1070
     5
1000
28598
1002
}
1002
{
1070
     2
1000
-2000120
1002
}
1002
{
1070
     3
1000
-2000122
1002
}
  0
LINE
  5
546
330
2
100
AcDbEntity
  8
A-SECTMBM
100
AcDbLine
 10
369.3675448923963
 20
-40.16107066466398
 30
0.0
 11
370.3675448923963
 21
-40.16107066466398
 31
0.0
1001
REVIT
1002
{
1070
     1
1000
128150
1002
}
1002
{
1070
     5
1000
28598
1002
}
1002
{
1070
     2
1000
-2000120
1002
}
1002
{
1070
     3
1000
-2000122
1002
}
  0
LINE
  5
547
330
2
100
AcDbEntity
  8
A-SECTMBM
100
AcDbLine
 10
369.3675448923963
 20
-39.89107066466397
 30
0.0
 11
370.3675448923963
 21
-39.89107066466397
 31
0.0
1001
REVIT
1002
{
1070
     1
1000
128150
1002
}
1002
{
1070
     5
1000
28598
1002
}
1002
{
1070
     2
1000
-2000120
1002
}
1002
{
1070
     3
1000
-2000122
1002
}
  0
LINE
  5
548
330
2
100
AcDbEntity
  8
A-SECTMBM
  6
DASHED
100
AcDbLine
 10
369.3675448923963
 20
-39.62107066466396
 30
0.0
 11
369.9711683378395
 21
-39.62107066466396
 31
0.0
1001
REVIT
1002
{
1070
     1
1000
128150
1002
}
1002
{
1070
     5
1000
28598
1002
}
1002
{
1070
     2
1000
-2000120
1002
}
1002
{
1070
     3
1000
-2000122
1002
}
  0
LINE
  5
549
330
2
100
AcDbEntity
  8
A-SECTMBM
  6
DASHED
100
AcDbLine
 10
369.3675448923963
 20
-39.08107066466397
 30
0.0
 11
370.3675448923963
 21
-39.08107066466397
 31
0.0
1001
REVIT
1002
{
1070
     1
1000
128150
1002
}
1002
{
1070
     5
1000
28598
1002
}
1002
{
1070
     2
1000
-2000120
1002
}
1002
{
1070
     3
1000
-2000122
1002
}
  0
LINE
  5
54A
330
2
100
AcDbEntity
  8
A-SECTMBM
100
AcDbLine
 10
369.3675448923962
 20
-38.15482848192929
 30
0.0
 11
370.9675448923962
 21
-38.15482848192935
 31
0.0
1001
REVIT
1002
{
1070
     1
1000
128150
1002
}
1002
{
1070
     5
1000
28598
1002
}
1002
{
1070
     2
1000
-2000120
1002
}
1002
{
1070
     3
1000
-2000122
1002
}
  0
LINE
  5
54B
330
2
100
AcDbEntity
  8
A-FLORHRM
  6
Overhead
100
AcDbLine
 10
370.4075448923962
 20
-41.46107066466402
 30
0.0
 11
370.4075448923963
 21
-39.71107066466396
 31
0.0
1001
REVIT
1002
{
1070
     1
1000
128150
1002
}
1002
{
1070
     5
1000
28598
1002
}
1002
{
1070
     2
1000
-2000120
1002
}
1002
{
1070
     3
1000
-2000124
1002
}
  0
LINE
  5
54C
330
2
100
AcDbEntity
  8
A-FLORHRM
  6
Overhead
100
AcDbLine
 10
370.3675448923963
 20
-39.08107066466397
 30
0.0
 11
370.3675448923964
 21
-41.78107066466398
 31
0.0
1001
REVIT
1002
{
1070
     1
1000
128150
1002
}
1002
{
1070
     5
1000
28598
1002
}
1002
{
1070
     2
1000
-2000120
1002
}
1002
{
1070
     3
1000
-2000124
1002
}
  0
LINE
  5
54D
330
2
100
AcDbEntity
  8
A-FLORHRM
  6
Overhead
100
AcDbLine
 10
370.4075448923961
 20
-39.13107066466397
 30
0.0
 11
370.4075448923961
 21
-41.78107066466398
 31
0.0
1001
REVIT
1002
{
1070
     1
1000
128150
1002
}
1002
{
1070
     5
1000
28598
1002
}
1002
{
1070
     2
1000
-2000120
1002
}
1002
{
1070
     3
1000
-2000124
1002
}
  0
LINE
  5
54E
330
2
100
AcDbEntity
  8
A-SECTMBM
100
AcDbLine
 10
369.3675448923962
 20
-40.43107066466402
 30
0.0
 11
370.3675448923963
 21
-40.43107066466393
 31
0.0
  0
INSERT
  5
54F
330
2
100
AcDbEntity
  8
A-FLORSTM
100
AcDbBlockReference
  2
cutlin
 10
565.1777835712967
 20
-39.50156578197644
 30
0.0
 50
180.0
  0
LINE
  5
550
330
2
100
AcDbEntity
  8
A-SECTMBM
  6
DASHED
100
AcDbLine
 10
369.9711683378395
 20
-39.62107066466396
 30
0.0
 11
370.3675448923963
 21
-39.62107066466396
 31
0.0
  0
LINE
  5
551
330
2
100
AcDbEntity
  8
A-FLORHRM
  6
Overhead
100
AcDbLine
 10
370.4075448923961
 20
-41.78107066466398
 30
0.0
 11
370.3675448923963
 21
-41.78107066466398
 31
0.0
  0
LINE
  5
552
330
2
100
AcDbEntity
  8
A-SECTMBM
100
AcDbLine
 10
370.3675448923962
 20
-39.08107066466397
 30
0.0
 11
371.2675448923962
 21
-39.08107066466397
 31
0.0
  0
LINE
  5
553
330
2
100
AcDbEntity
  8
A-FLORHRM
  6
Overhead
100
AcDbLine
 10
370.4075448923961
 20
-39.13107066466397
 30
0.0
 11
371.2675448923961
 21
-39.13107066466397
 31
0.0
  0
LINE
  5
554
330
2
100
AcDbEntity
  8
A-SECTMBM
  6
DASHED
100
AcDbLine
 10
370.6675448923962
 20
-39.08107066466397
 30
0.0
 11
370.6675448923962
 21
-38.15482848192935
 31
0.0
  0
LINE
  5
555
330
2
100
AcDbEntity
  8
A-SECTMBM
  6
DASHED
100
AcDbLine
 10
370.9675448923962
 20
-39.08107066466397
 30
0.0
 11
370.9675448923962
 21
-38.15482848192935
 31
0.0
  0
LINE
  5
556
330
2
100
AcDbEntity
  8
A-SECTMBM
100
AcDbLine
 10
371.2675448923962
 20
-39.08107066466397
 30
0.0
 11
371.2675448923962
 21
-38.15482848192935
 31
0.0
  0
LINE
  5
557
330
2
100
AcDbEntity
  8
A-SECTMBM
  6
DASHED
100
AcDbLine
 10
370.4075448923962
 20
-39.08107066466397
 30
0.0
 11
370.4075448923962
 21
-38.15482848192935
 31
0.0
  0
LINE
  5
558
330
2
100
AcDbEntity
  8
A-FLORHRM
  6
Overhead
100
AcDbLine
 10
371.2675448923962
 20
-39.13107066466397
 30
0.0
 11
371.2675448923962
 21
-39.08107066466398
 31
0.0
  0
LINE
  5
559
330
2
100
AcDbEntity
  8
A-WALL
100
AcDbLine
 10
369.3675448923962
 20
-41.99055445150048
 30
0.0
 11
369.2175448923962
 21
-41.99055445150048
 31
0.0
  0
LINE
  5
55A
330
2
100
AcDbEntity
  8
A-WALL
100
AcDbLine
 10
370.2675448923961
 20
-43.50220134537299
 30
0.0
 11
374.6675448923961
 21
-43.50220134537299
 31
0.0
  0
LINE
  5
55B
330
2
100
AcDbEntity
  8
A-WALL
100
AcDbLine
 10
370.4075448923961
 20
-39.13107066466397
 30
0.0
 11
371.2675448923961
 21
-39.13107066466397
 31
0.0
  0
LINE
  5
55C
330
2
100
AcDbEntity
  8
A-WALL
100
AcDbLine
 10
370.5575448923961
 20
-39.28107066466396
 30
0.0
 11
371.4175448923962
 21
-39.28107066466397
 31
0.0
  0
LINE
  5
55D
330
2
100
AcDbEntity
  8
A-WALL
100
AcDbLine
 10
370.4075448923961
 20
-39.13107066466397
 30
0.0
 11
370.4075448923962
 21
-40.85131677319596
 31
0.0
  0
LINE
  5
55E
330
2
100
AcDbEntity
  8
A-WALL
100
AcDbLine
 10
370.5575448923961
 20
-39.28107066466396
 30
0.0
 11
370.5575448923961
 21
-40.701316773196
 31
0.0
  0
LINE
  5
55F
330
2
100
AcDbEntity
  8
A-WALL
100
AcDbLine
 10
370.4075448923963
 20
-40.85131677319595
 30
0.0
 11
371.4175448923963
 21
-40.851316773196
 31
0.0
  0
LINE
  5
560
330
2
100
AcDbEntity
  8
A-WALL
100
AcDbLine
 10
371.4175448923963
 20
-40.851316773196
 30
0.0
 11
371.4175448923963
 21
-40.701316773196
 31
0.0
  0
LINE
  5
561
330
2
100
AcDbEntity
  8
A-WALL
100
AcDbLine
 10
371.4175448923963
 20
-40.701316773196
 30
0.0
 11
370.5575448923963
 21
-40.701316773196
 31
0.0
  0
LINE
  5
562
330
2
100
AcDbEntity
  8
inne_gulv
100
AcDbLine
 10
371.4175448923963
 20
-40.701316773196
 30
0.0
 11
371.4175448923963
 21
-39.28107066466398
 31
0.0
  0
INSERT
  5
563
330
2
100
AcDbEntity
  8
PUERYVENTA
 48
0.3
100
AcDbBlockReference
  2
PUERTA
 10
371.2675448923964
 20
-41.65220134537301
 30
0.0
 41
-0.8008845721770115
 42
0.8008845721770115
 43
0.800884572177029
 50
270.0
  0
INSERT
  5
564
330
2
100
AcDbEntity
  8
MOBILIARIO
100
AcDbBlockReference
  2
t.v.
 10
400.2803603373176
 20
189.6041025487923
 30
7.097609483376343E-05
 41
-1.0
 42
1.0
 43
1.0
 50
90.0
  0
LINE
  5
565
330
2
100
AcDbEntity
  8
A-WALL
100
AcDbLine
 10
372.0312120390348
 20
-41.80220134537304
 30
0.0
 11
372.0312120390348
 21
-42.70220134537293
 31
0.0
  0
LINE
  5
566
330
2
100
AcDbEntity
  8
A-WALL
100
AcDbLine
 10
371.8812120390348
 20
-41.80220134537304
 30
0.0
 11
371.8812120390348
 21
-42.55220134537294
 31
0.0
  0
LINE
  5
567
330
2
100
AcDbEntity
  8
A-WALL
100
AcDbLine
 10
372.0312120390348
 20
-42.70220134537293
 30
0.0
 11
371.4175448923962
 21
-42.70220134537294
 31
0.0
  0
LINE
  5
568
330
2
100
AcDbEntity
  8
A-WALL
100
AcDbLine
 10
371.8812120390348
 20
-42.55220134537294
 30
0.0
 11
371.2675448923961
 21
-42.55220134537294
 31
0.0
  0
LINE
  5
569
330
2
100
AcDbEntity
  8
inne_gulv
100
AcDbLine
 10
371.2675448923961
 20
-42.55220134537294
 30
0.0
 11
371.2675448923961
 21
-41.80220134537304
 31
0.0
  0
TEXT
  5
56A
330
2
100
AcDbEntity
  8
CASCO
100
AcDbText
 10
366.8532167137433
 20
-40.51166580623834
 30
0.622955193555885
 40
0.1125
  1
COVERED TERRACE
 41
1.2
  7
COTA50
 72
     4
 11
367.5361063241329
 21
-40.45534275429029
 31
0.622955193555885
100
AcDbText
  0
TEXT
  5
56B
330
2
100
AcDbEntity
  8
CASCO
100
AcDbText
 10
370.673502451433
 20
-39.92061182542903
 30
0.622955193555885
 40
0.1125
  1
CLOSET
 41
1.2
  7
COTA50
 72
     4
 11
370.9520933605239
 21
-39.86428877348099
 31
0.622955193555885
100
AcDbText
  0
TEXT
  5
56C
330
2
100
AcDbEntity
  8
CASCO
100
AcDbText
 10
372.9167089299509
 20
-46.63147767049249
 30
0.622955193555885
 40
0.1125
  1
WALKING CLOSET
 41
1.2
  7
COTA50
 72
     4
 11
373.5448534104704
 21
-46.57515461854445
 31
0.622955193555885
100
AcDbText
  0
TEXT
  5
56D
330
2
100
AcDbEntity
  8
CASCO
100
AcDbText
 10
356.1338180376805
 20
-39.92061182542903
 30
0.622955193555885
 40
0.1125
  1
KITCHEN
 41
1.2
  7
COTA50
 72
     4
 11
356.4351573233948
 21
-39.86428877348099
 31
0.622955193555885
100
AcDbText
  0
TEXT
  5
56E
330
2
100
AcDbEntity
  8
CASCO
100
AcDbText
 10
354.8969777830857
 20
-45.28136849265627
 30
0.09845636563859783
 40
0.1125
  1
LIVING
 41
1.2
  7
COTA50
 72
     4
 11
355.1266531077611
 21
-45.22497238876016
 31
0.09845636563859783
100
AcDbText
  0
TEXT
  5
56F
330
2
100
AcDbEntity
  8
CASCO
100
AcDbText
 10
361.7944841665327
 20
-45.29042218730532
 30
0.09845636563859783
 40
0.1125
  1
PERGOLATED
 41
1.2
  7
COTA50
 72
     4
 11
362.2577357899093
 21
-45.23402608340921
 31
0.09845636563859783
100
AcDbText
  0
TEXT
  5
570
330
2
100
AcDbEntity
  8
CASCO
100
AcDbText
 10
355.3849147832486
 20
-37.55552954193313
 30
0.09845636563859783
 40
0.1125
  1
LAUNDRY
 41
1.2
  7
COTA50
 72
     4
 11
355.7242118611707
 21
-37.50063100297209
 31
0.09845636563859783
100
AcDbText
  0
LINE
  5
571
330
2
100
AcDbEntity
  8
inne_gulv
100
AcDbLine
 10
358.9294750771195
 20
-42.35220134537303
 30
0.0
 11
358.9294750771195
 21
-47.35220134537303
 31
0.0
  0
INSERT
  5
572
330
2
100
AcDbEntity
  8
inne_gulv
100
AcDbBlockReference
  2
isla kitc
 10
349.7063010170124
 20
-411.8182464860105
 30
2.584939414228211E-26
 50
270.0
  0
INSERT
  5
79B
330
2
100
AcDbEntity
  8
A-FLORSTM
100
AcDbBlockReference
  2
flech
 10
157.7192363982195
 20
-39.57516753808412
 30
0.0
 41
-1.0
 42
1.0
 43
1.0
 50
180.0
  0
MTEXT
  5
7A5
330
2
100
AcDbEntity
  8
A-FLORSTM
100
AcDbMText
 10
354.3976570084728
 20
-38.53082715237245
 30
0.0
210
0.0
220
0.0
230
1.0
 11
1.0
 21
-7.34788079488412E-16
 31
0.0
 40
0.122941616766467
 41
0.2838461538461539
 46
0.0
 71
     3
 72
     1
  1
UP
  7
Arial
 73
     2
 44
0.9385317878468564
 90
        3
 45
0.0
 63
   256
421
-1040187136
441
      256
101
Embedded Object
 70
     0
 10
354.3976570084728
 20
-38.53082715237245
 30
0.0
 11
1.0
 21
-7.34788079488412E-16
 31
0.0
 40
0.2838461538461539
 41
0.0
 42
0.2176217568274093
 43
0.1639221556886227
 71
     0
1001
REVIT
1002
{
1070
     1
1000
128150
1002
}
1002
{
1070
     5
1000
28598
1002
}
1002
{
1070
     2
1000
-2000120
1002
}
1002
{
1070
     3
1000
-2000125
1002
}
  0
MTEXT
  5
7A7
330
2
100
AcDbEntity
  8
A-FLORSTM
100
AcDbMText
 10
370.6632694987726
 20
-41.90964607777908
 30
0.0
210
0.0
220
0.0
230
1.0
 11
1.0
 21
-1.133107779529596E-15
 31
0.0
 40
0.122941616766467
 41
0.2838461538461539
 46
0.0
 71
     3
 72
     1
  1
DOWN
  7
Arial
 73
     2
 44
0.9385317878468564
 90
        3
 45
0.0
 63
   256
421
-1040187136
441
      256
101
Embedded Object
 70
     0
 10
370.6632694987726
 20
-41.90964607777908
 30
0.0
 11
1.0
 21
-1.133107779529596E-15
 31
0.0
 40
0.2838461538461539
 41
0.0
 42
0.5164218799781065
 43
0.1639221556886227
 71
     0
1001
REVIT
1002
{
1070
     1
1000
128150
1002
}
1002
{
1070
     5
1000
28598
1002
}
1002
{
1070
     2
1000
-2000120
1002
}
1002
{
1070
     3
1000
-2000125
1002
}
  0
INSERT
  5
7A8
330
2
100
AcDbEntity
  8
A-FLORSTM
100
AcDbBlockReference
  2
flech
 10
174.607306213496
 20
-41.04864756145629
 30
0.0
  0
LINE
  5
7A9
330
2
100
AcDbEntity
  8
inne_gulv
100
AcDbLine
 10
352.3294750771195
 20
-38.00482848192933
 30
0.0
 11
352.3294750771195
 21
-37.00482848192939
 31
0.0
  0
LINE
  5
7AA
330
2
100
AcDbEntity
  8
inne_gulv
100
AcDbLine
 10
352.3794750771195
 20
-38.00482848192933
 30
0.0
 11
352.3794750771195
 21
-37.00482848192939
 31
0.0
  0
LINE
  5
7AB
330
2
100
AcDbEntity
  8
inne_gulv
100
AcDbLine
 10
357.9294750771195
 20
-38.0048284819293
 30
0.0
 11
357.9294750771195
 21
-37.0048284819293
 31
0.0
  0
LINE
  5
7AC
330
2
100
AcDbEntity
  8
inne_gulv
100
AcDbLine
 10
370.367544892396
 20
-38.15482848192931
 30
0.0
 11
369.367544892396
 21
-38.15482848192929
 31
0.0
  0
LINE
  5
7AD
330
2
100
AcDbEntity
  8
inne_gulv
100
AcDbLine
 10
370.367544892396
 20
-38.00482848192933
 30
0.0
 11
369.367544892396
 21
-38.00482848192934
 31
0.0
  0
LINE
  5
7AE
330
2
100
AcDbEntity
  8
inne_gulv
100
AcDbLine
 10
370.367544892396
 20
-38.07982848192926
 30
0.0
 11
369.367544892396
 21
-38.07982848192925
 31
0.0
  0
INSERT
  5
7AF
330
2
100
AcDbEntity
  8
inne_gulv
100
AcDbBlockReference
  2
loisfd
 10
332.3783058716845
 20
-411.8725531671679
 30
0.0
 50
90.0
  0
INSERT
  5
7B8
330
2
100
AcDbEntity
  8
muro
100
AcDbBlockReference
  2
A$C58626E39
 10
-352.3558876696954
 20
-46.13833867843925
 30
-2.933648535212319E-07
 41
-0.499734266508483
 42
0.499734266508483
 43
-0.499734266508483
 50
359.9999999599581
210
-8.315681800748829E-10
220
7.409951902344188E-12
230
-1.0
1001
AcDbBlockRepETag
1070
     1
1071
      714
1005
0
  0
TEXT
  5
7B9
330
2
100
AcDbEntity
  8
CASCO
100
AcDbText
 10
371.4060323422587
 20
-42.21679707272085
 30
0.622955193555885
 40
0.1125
  1
LINEN
 41
1.2
  7
COTA50
 72
     4
 11
371.6122579916093
 21
-42.16054707272085
 31
0.622955193555885
100
AcDbText
  0
LINE
  5
7C8
330
2
100
AcDbEntity
  8
inne_gulv
  6
HIDDEN
 48
0.02
100
AcDbLine
 10
348.9794750771196
 20
-42.90220134537295
 30
0.0
 11
352.3294750771198
 21
-42.90220134537285
 31
0.0
  0
LINE
  5
7C9
330
2
100
AcDbEntity
  8
inne_gulv
100
AcDbLine
 10
358.9294750771195
 20
-47.35220134537303
 30
0.0
 11
364.9294750771195
 21
-47.35220134537303
 31
0.0
  0
LINE
  5
7CA
330
2
100
AcDbEntity
  8
inne_gulv
100
AcDbLine
 10
364.9294750771195
 20
-47.35220134537303
 30
0.0
 11
364.9294750771195
 21
-42.35220134537303
 31
0.0
  0
LINE
  5
7CB
330
2
100
AcDbEntity
  8
inne_gulv
100
AcDbLine
 10
364.9294750771195
 20
-42.35220134537303
 30
0.0
 11
358.9294750771195
 21
-42.35220134537303
 31
0.0
  0
LINE
  5
7CC
330
2
100
AcDbEntity
  8
inne_gulv
100
AcDbLine
 10
358.9294750771195
 20
-42.35220134537303
 30
0.0
 11
358.9294750771195
 21
-47.35220134537303
 31
0.0
  0
LINE
  5
7CD
330
2
100
AcDbEntity
  8
inne_gulv
100
AcDbLine
 10
358.9794750771195
 20
-42.35220134537303
 30
0.0
 11
358.9794750771195
 21
-47.35220134537303
 31
0.0
  0
LINE
  5
7CE
330
2
100
AcDbEntity
  8
inne_gulv
100
AcDbLine
 10
359.5294750771195
 20
-42.35220134537303
 30
0.0
 11
359.5294750771195
 21
-47.35220134537303
 31
0.0
  0
LINE
  5
7CF
330
2
100
AcDbEntity
  8
inne_gulv
100
AcDbLine
 10
359.5294750771195
 20
-42.35220134537303
 30
0.0
 11
359.5294750771195
 21
-47.35220134537303
 31
0.0
  0
LINE
  5
7D0
330
2
100
AcDbEntity
  8
inne_gulv
100
AcDbLine
 10
359.5794750771195
 20
-42.35220134537303
 30
0.0
 11
359.5794750771195
 21
-47.35220134537303
 31
0.0
  0
LINE
  5
7D1
330
2
100
AcDbEntity
  8
inne_gulv
100
AcDbLine
 10
360.1294750771195
 20
-42.35220134537303
 30
0.0
 11
360.1294750771195
 21
-47.35220134537303
 31
0.0
  0
LINE
  5
7D2
330
2
100
AcDbEntity
  8
inne_gulv
100
AcDbLine
 10
360.1294750771195
 20
-42.35220134537303
 30
0.0
 11
360.1294750771195
 21
-47.35220134537303
 31
0.0
  0
LINE
  5
7D3
330
2
100
AcDbEntity
  8
inne_gulv
100
AcDbLine
 10
360.1794750771195
 20
-42.35220134537303
 30
0.0
 11
360.1794750771195
 21
-47.35220134537303
 31
0.0
  0
LINE
  5
7D4
330
2
100
AcDbEntity
  8
inne_gulv
100
AcDbLine
 10
360.1294750771195
 20
-42.35220134537303
 30
0.0
 11
360.1294750771195
 21
-47.35220134537303
 31
0.0
  0
LINE
  5
7D5
330
2
100
AcDbEntity
  8
inne_gulv
100
AcDbLine
 10
360.1794750771195
 20
-42.35220134537303
 30
0.0
 11
360.1794750771195
 21
-47.35220134537303
 31
0.0
  0
LINE
  5
7D6
330
2
100
AcDbEntity
  8
inne_gulv
100
AcDbLine
 10
360.7294750771195
 20
-42.35220134537303
 30
0.0
 11
360.7294750771195
 21
-47.35220134537303
 31
0.0
  0
LINE
  5
7D7
330
2
100
AcDbEntity
  8
inne_gulv
100
AcDbLine
 10
360.7294750771195
 20
-42.35220134537303
 30
0.0
 11
360.7294750771195
 21
-47.35220134537303
 31
0.0
  0
LINE
  5
7D8
330
2
100
AcDbEntity
  8
inne_gulv
100
AcDbLine
 10
360.7794750771195
 20
-42.35220134537303
 30
0.0
 11
360.7794750771195
 21
-47.35220134537303
 31
0.0
  0
LINE
  5
7D9
330
2
100
AcDbEntity
  8
inne_gulv
100
AcDbLine
 10
361.3294750771195
 20
-42.35220134537303
 30
0.0
 11
361.3294750771195
 21
-47.35220134537303
 31
0.0
  0
LINE
  5
7DA
330
2
100
AcDbEntity
  8
inne_gulv
100
AcDbLine
 10
361.3294750771195
 20
-42.35220134537303
 30
0.0
 11
361.3294750771195
 21
-47.35220134537303
 31
0.0
  0
LINE
  5
7DB
330
2
100
AcDbEntity
  8
inne_gulv
100
AcDbLine
 10
361.3794750771195
 20
-42.35220134537303
 30
0.0
 11
361.3794750771195
 21
-47.35220134537303
 31
0.0
  0
LINE
  5
7DC
330
2
100
AcDbEntity
  8
inne_gulv
100
AcDbLine
 10
361.3294750771195
 20
-42.35220134537303
 30
0.0
 11
361.3294750771195
 21
-47.35220134537303
 31
0.0
  0
LINE
  5
7DD
330
2
100
AcDbEntity
  8
inne_gulv
100
AcDbLine
 10
361.3794750771195
 20
-42.35220134537303
 30
0.0
 11
361.3794750771195
 21
-47.35220134537303
 31
0.0
  0
LINE
  5
7DE
330
2
100
AcDbEntity
  8
inne_gulv
100
AcDbLine
 10
361.9294750771195
 20
-42.35220134537303
 30
0.0
 11
361.9294750771195
 21
-47.35220134537303
 31
0.0
  0
LINE
  5
7DF
330
2
100
AcDbEntity
  8
inne_gulv
100
AcDbLine
 10
361.9294750771195
 20
-42.35220134537303
 30
0.0
 11
361.9294750771195
 21
-47.35220134537303
 31
0.0
  0
LINE
  5
7E0
330
2
100
AcDbEntity
  8
inne_gulv
100
AcDbLine
 10
361.9794750771195
 20
-42.35220134537303
 30
0.0
 11
361.9794750771195
 21
-47.35220134537303
 31
0.0
  0
LINE
  5
7E1
330
2
100
AcDbEntity
  8
inne_gulv
100
AcDbLine
 10
362.5294750771195
 20
-42.35220134537303
 30
0.0
 11
362.5294750771195
 21
-47.35220134537303
 31
0.0
  0
LINE
  5
7E2
330
2
100
AcDbEntity
  8
inne_gulv
100
AcDbLine
 10
362.5294750771195
 20
-42.35220134537303
 30
0.0
 11
362.5294750771195
 21
-47.35220134537303
 31
0.0
  0
LINE
  5
7E3
330
2
100
AcDbEntity
  8
inne_gulv
100
AcDbLine
 10
362.5794750771195
 20
-42.35220134537303
 30
0.0
 11
362.5794750771195
 21
-47.35220134537303
 31
0.0
  0
LINE
  5
7E4
330
2
100
AcDbEntity
  8
inne_gulv
100
AcDbLine
 10
362.5294750771195
 20
-42.35220134537303
 30
0.0
 11
362.5294750771195
 21
-47.35220134537303
 31
0.0
  0
LINE
  5
7E5
330
2
100
AcDbEntity
  8
inne_gulv
100
AcDbLine
 10
362.5794750771195
 20
-42.35220134537303
 30
0.0
 11
362.5794750771195
 21
-47.35220134537303
 31
0.0
  0
LINE
  5
7E6
330
2
100
AcDbEntity
  8
inne_gulv
100
AcDbLine
 10
363.1294750771195
 20
-42.35220134537303
 30
0.0
 11
363.1294750771195
 21
-47.35220134537303
 31
0.0
  0
LINE
  5
7E7
330
2
100
AcDbEntity
  8
inne_gulv
100
AcDbLine
 10
363.1294750771195
 20
-42.35220134537303
 30
0.0
 11
363.1294750771195
 21
-47.35220134537303
 31
0.0
  0
LINE
  5
7E8
330
2
100
AcDbEntity
  8
inne_gulv
100
AcDbLine
 10
363.1794750771195
 20
-42.35220134537303
 30
0.0
 11
363.1794750771195
 21
-47.35220134537303
 31
0.0
  0
LINE
  5
7E9
330
2
100
AcDbEntity
  8
inne_gulv
100
AcDbLine
 10
363.7294750771194
 20
-42.35220134537303
 30
0.0
 11
363.7294750771194
 21
-47.35220134537303
 31
0.0
  0
LINE
  5
7EA
330
2
100
AcDbEntity
  8
inne_gulv
100
AcDbLine
 10
363.7294750771194
 20
-42.35220134537303
 30
0.0
 11
363.7294750771194
 21
-47.35220134537303
 31
0.0
  0
LINE
  5
7EB
330
2
100
AcDbEntity
  8
inne_gulv
100
AcDbLine
 10
363.7794750771195
 20
-42.35220134537303
 30
0.0
 11
363.7794750771195
 21
-47.35220134537303
 31
0.0
  0
LINE
  5
7EC
330
2
100
AcDbEntity
  8
inne_gulv
100
AcDbLine
 10
363.7294750771194
 20
-42.35220134537303
 30
0.0
 11
363.7294750771194
 21
-47.35220134537303
 31
0.0
  0
LINE
  5
7ED
330
2
100
AcDbEntity
  8
inne_gulv
100
AcDbLine
 10
363.7794750771195
 20
-42.35220134537303
 30
0.0
 11
363.7794750771195
 21
-47.35220134537303
 31
0.0
  0
LINE
  5
7EE
330
2
100
AcDbEntity
  8
inne_gulv
100
AcDbLine
 10
364.3294750771195
 20
-42.35220134537303
 30
0.0
 11
364.3294750771195
 21
-47.35220134537303
 31
0.0
  0
LINE
  5
7EF
330
2
100
AcDbEntity
  8
inne_gulv
100
AcDbLine
 10
364.3294750771195
 20
-42.35220134537303
 30
0.0
 11
364.3294750771195
 21
-47.35220134537303
 31
0.0
  0
LINE
  5
7F0
330
2
100
AcDbEntity
  8
inne_gulv
100
AcDbLine
 10
364.3794750771195
 20
-42.35220134537303
 30
0.0
 11
364.3794750771195
 21
-47.35220134537303
 31
0.0
  0
LINE
  5
7F1
330
2
100
AcDbEntity
  8
inne_gulv
100
AcDbLine
 10
364.9294750771194
 20
-42.35220134537303
 30
0.0
 11
364.9294750771194
 21
-47.35220134537303
 31
0.0
  0
LINE
  5
7F2
330
2
100
AcDbEntity
  8
inne_gulv
100
AcDbLine
 10
364.9294750771194
 20
-42.35220134537303
 30
0.0
 11
364.9294750771194
 21
-47.35220134537303
 31
0.0
  0
LINE
  5
7F3
330
2
100
AcDbEntity
  8
inne_gulv
100
AcDbLine
 10
364.8794750771194
 20
-42.35220134537303
 30
0.0
 11
364.8794750771194
 21
-47.35220134537303
 31
0.0
  0
LINE
  5
7F4
330
2
100
AcDbEntity
  8
inne_gulv
100
AcDbLine
 10
358.9794750771195
 20
-44.85220134537303
 30
0.0
 11
359.5294750771195
 21
-44.85220134537303
 31
0.0
  0
LINE
  5
7F5
330
2
100
AcDbEntity
  8
inne_gulv
100
AcDbLine
 10
359.5794750771195
 20
-44.85220134537303
 30
0.0
 11
360.1294750771195
 21
-44.85220134537303
 31
0.0
  0
LINE
  5
7F6
330
2
100
AcDbEntity
  8
inne_gulv
100
AcDbLine
 10
360.1794750771195
 20
-44.85220134537303
 30
0.0
 11
360.7294750771195
 21
-44.85220134537303
 31
0.0
  0
LINE
  5
7F7
330
2
100
AcDbEntity
  8
inne_gulv
100
AcDbLine
 10
360.7794750771195
 20
-44.85220134537303
 30
0.0
 11
361.3294750771194
 21
-44.85220134537304
 31
0.0
  0
LINE
  5
7F8
330
2
100
AcDbEntity
  8
inne_gulv
100
AcDbLine
 10
361.3794750771195
 20
-44.85220134537304
 30
0.0
 11
361.9294750771195
 21
-44.85220134537303
 31
0.0
  0
LINE
  5
7F9
330
2
100
AcDbEntity
  8
inne_gulv
100
AcDbLine
 10
361.9794750771195
 20
-44.85220134537303
 30
0.0
 11
362.5294750771195
 21
-44.85220134537304
 31
0.0
  0
LINE
  5
7FA
330
2
100
AcDbEntity
  8
inne_gulv
100
AcDbLine
 10
362.5794750771195
 20
-44.85220134537304
 30
0.0
 11
363.1294750771195
 21
-44.85220134537303
 31
0.0
  0
LINE
  5
7FB
330
2
100
AcDbEntity
  8
inne_gulv
100
AcDbLine
 10
363.1794750771195
 20
-44.85220134537303
 30
0.0
 11
363.7294750771195
 21
-44.85220134537303
 31
0.0
  0
LINE
  5
7FC
330
2
100
AcDbEntity
  8
inne_gulv
100
AcDbLine
 10
363.7794750771195
 20
-44.85220134537303
 30
0.0
 11
364.3294750771195
 21
-44.85220134537303
 31
0.0
  0
LINE
  5
7FD
330
2
100
AcDbEntity
  8
inne_gulv
100
AcDbLine
 10
364.3794750771195
 20
-44.85220134537303
 30
0.0
 11
364.8794750771194
 21
-44.85220134537303
 31
0.0
  0
LINE
  5
7FE
330
2
100
AcDbEntity
  8
inne_gulv
100
AcDbLine
 10
358.9794750771195
 20
-44.80220134537303
 30
0.0
 11
359.5294750771195
 21
-44.80220134537303
 31
0.0
  0
LINE
  5
7FF
330
2
100
AcDbEntity
  8
inne_gulv
100
AcDbLine
 10
359.5794750771195
 20
-44.80220134537303
 30
0.0
 11
360.1294750771195
 21
-44.80220134537304
 31
0.0
  0
LINE
  5
800
330
2
100
AcDbEntity
  8
inne_gulv
100
AcDbLine
 10
360.1794750771195
 20
-44.80220134537304
 30
0.0
 11
360.7294750771195
 21
-44.80220134537303
 31
0.0
  0
LINE
  5
801
330
2
100
AcDbEntity
  8
inne_gulv
100
AcDbLine
 10
360.7794750771195
 20
-44.80220134537303
 30
0.0
 11
361.3294750771194
 21
-44.80220134537303
 31
0.0
  0
LINE
  5
802
330
2
100
AcDbEntity
  8
inne_gulv
100
AcDbLine
 10
361.3794750771195
 20
-44.80220134537303
 30
0.0
 11
361.9294750771195
 21
-44.80220134537303
 31
0.0
  0
LINE
  5
803
330
2
100
AcDbEntity
  8
inne_gulv
100
AcDbLine
 10
361.9794750771195
 20
-44.80220134537303
 30
0.0
 11
362.5294750771195
 21
-44.80220134537303
 31
0.0
  0
LINE
  5
804
330
2
100
AcDbEntity
  8
inne_gulv
100
AcDbLine
 10
362.5794750771195
 20
-44.80220134537303
 30
0.0
 11
363.1294750771195
 21
-44.80220134537303
 31
0.0
  0
LINE
  5
805
330
2
100
AcDbEntity
  8
inne_gulv
100
AcDbLine
 10
363.1794750771195
 20
-44.80220134537303
 30
0.0
 11
363.7294750771195
 21
-44.80220134537303
 31
0.0
  0
LINE
  5
806
330
2
100
AcDbEntity
  8
inne_gulv
100
AcDbLine
 10
363.7794750771195
 20
-44.80220134537303
 30
0.0
 11
364.3294750771195
 21
-44.80220134537303
 31
0.0
  0
LINE
  5
807
330
2
100
AcDbEntity
  8
inne_gulv
100
AcDbLine
 10
364.3794750771195
 20
-44.80220134537303
 30
0.0
 11
364.8794750771194
 21
-44.80220134537303
 31
0.0
  0
LINE
  5
808
330
2
100
AcDbEntity
  8
inne_gulv
100
AcDbLine
 10
352.9294750771195
 20
-38.00482848192933
 30
0.0
 11
352.9294750771195
 21
-37.00482848192939
 31
0.0
  0
LINE
  5
809
330
2
100
AcDbEntity
  8
inne_gulv
100
AcDbLine
 10
352.9794750771196
 20
-38.00482848192933
 30
0.0
 11
352.9794750771196
 21
-37.00482848192939
 31
0.0
  0
LINE
  5
80A
330
2
100
AcDbEntity
  8
inne_gulv
100
AcDbLine
 10
353.5294750771195
 20
-38.00482848192933
 30
0.0
 11
353.5294750771195
 21
-37.00482848192939
 31
0.0
  0
LINE
  5
80B
330
2
100
AcDbEntity
  8
inne_gulv
100
AcDbLine
 10
353.5794750771195
 20
-38.00482848192933
 30
0.0
 11
353.5794750771195
 21
-37.00482848192939
 31
0.0
  0
LINE
  5
80C
330
2
100
AcDbEntity
  8
inne_gulv
100
AcDbLine
 10
353.5294750771195
 20
-38.00482848192933
 30
0.0
 11
353.5294750771195
 21
-37.00482848192939
 31
0.0
  0
LINE
  5
80D
330
2
100
AcDbEntity
  8
inne_gulv
100
AcDbLine
 10
353.5794750771195
 20
-38.00482848192933
 30
0.0
 11
353.5794750771195
 21
-37.00482848192939
 31
0.0
  0
LINE
  5
80E
330
2
100
AcDbEntity
  8
inne_gulv
100
AcDbLine
 10
354.1294750771195
 20
-38.00482848192933
 30
0.0
 11
354.1294750771195
 21
-37.00482848192939
 31
0.0
  0
LINE
  5
80F
330
2
100
AcDbEntity
  8
inne_gulv
100
AcDbLine
 10
354.1794750771195
 20
-38.00482848192933
 30
0.0
 11
354.1794750771195
 21
-37.00482848192939
 31
0.0
  0
LINE
  5
810
330
2
100
AcDbEntity
  8
inne_gulv
100
AcDbLine
 10
354.7294750771195
 20
-38.00482848192933
 30
0.0
 11
354.7294750771195
 21
-37.00482848192939
 31
0.0
  0
LINE
  5
811
330
2
100
AcDbEntity
  8
inne_gulv
100
AcDbLine
 10
354.7794750771195
 20
-38.00482848192933
 30
0.0
 11
354.7794750771195
 21
-37.00482848192939
 31
0.0
  0
LINE
  5
812
330
2
100
AcDbEntity
  8
inne_gulv
100
AcDbLine
 10
354.7294750771195
 20
-38.00482848192933
 30
0.0
 11
354.7294750771195
 21
-37.00482848192939
 31
0.0
  0
LINE
  5
813
330
2
100
AcDbEntity
  8
inne_gulv
100
AcDbLine
 10
354.7794750771195
 20
-38.00482848192933
 30
0.0
 11
354.7794750771195
 21
-37.00482848192939
 31
0.0
  0
LINE
  5
814
330
2
100
AcDbEntity
  8
inne_gulv
100
AcDbLine
 10
355.3294750771195
 20
-38.00482848192933
 30
0.0
 11
355.3294750771195
 21
-37.00482848192939
 31
0.0
  0
LINE
  5
815
330
2
100
AcDbEntity
  8
inne_gulv
100
AcDbLine
 10
355.3794750771195
 20
-38.00482848192933
 30
0.0
 11
355.3794750771195
 21
-37.00482848192939
 31
0.0
  0
LINE
  5
816
330
2
100
AcDbEntity
  8
inne_gulv
100
AcDbLine
 10
355.9294750771195
 20
-38.00482848192933
 30
0.0
 11
355.9294750771195
 21
-37.00482848192939
 31
0.0
  0
LINE
  5
817
330
2
100
AcDbEntity
  8
inne_gulv
100
AcDbLine
 10
355.9794750771195
 20
-38.00482848192933
 30
0.0
 11
355.9794750771195
 21
-37.00482848192939
 31
0.0
  0
LINE
  5
818
330
2
100
AcDbEntity
  8
inne_gulv
100
AcDbLine
 10
355.9395254239387
 20
-38.00482848192934
 30
0.0
 11
355.9395254239387
 21
-37.0048284819294
 31
0.0
  0
LINE
  5
819
330
2
100
AcDbEntity
  8
inne_gulv
100
AcDbLine
 10
355.9895254239387
 20
-38.00482848192934
 30
0.0
 11
355.9895254239387
 21
-37.0048284819294
 31
0.0
  0
LINE
  5
81A
330
2
100
AcDbEntity
  8
inne_gulv
100
AcDbLine
 10
356.5395254239388
 20
-38.00482848192934
 30
0.0
 11
356.5395254239388
 21
-37.0048284819294
 31
0.0
  0
LINE
  5
81B
330
2
100
AcDbEntity
  8
inne_gulv
100
AcDbLine
 10
356.5895254239388
 20
-38.00482848192934
 30
0.0
 11
356.5895254239388
 21
-37.0048284819294
 31
0.0
  0
LINE
  5
81C
330
2
100
AcDbEntity
  8
inne_gulv
100
AcDbLine
 10
357.1395254239387
 20
-38.00482848192934
 30
0.0
 11
357.1395254239387
 21
-37.0048284819294
 31
0.0
  0
LINE
  5
81D
330
2
100
AcDbEntity
  8
inne_gulv
100
AcDbLine
 10
357.1895254239387
 20
-38.00482848192934
 30
0.0
 11
357.1895254239387
 21
-37.0048284819294
 31
0.0
  0
TEXT
  5
81F
330
2
100
AcDbEntity
  8
CASCO
100
AcDbText
 10
354.6363641537999
 20
-38.39348611188319
 30
0.09845636563859783
 40
0.1125
  1
SLIDING DOOR
 41
1.2
  7
COTA50
 72
     4
 11
355.1544485693844
 21
-38.33716305993514
 31
0.09845636563859783
100
AcDbText
  0
TEXT
  5
820
330
2
100
AcDbEntity
  8
CASCO
100
AcDbText
 10
354.6363641537999
 20
-47.06955271566965
 30
0.09845636563859783
 40
0.1125
  1
SLIDING DOOR
 41
1.2
  7
COTA50
 72
     4
 11
355.1544485693844
 21
-47.0132296637216
 31
0.09845636563859783
100
AcDbText
  0
TEXT
  5
821
330
2
100
AcDbEntity
  8
CASCO
100
AcDbText
 10
350.857832967952
 20
-45.58013035008553
 30
0.09845636563859783
 40
0.1125
  1
SLIDING DOOR
 41
1.2
  7
COTA50
 72
     4
 11
351.3759173835365
 21
-45.52380729813748
 31
0.09845636563859783
100
AcDbText
  0
LINE
  5
822
330
2
100
AcDbEntity
  8
inne_gulv
100
AcDbLine
 10
358.9294750771195
 20
-48.35220134537303
 30
0.0
 11
358.9294750771195
 21
-47.35220134537303
 31
0.0
  0
LWPOLYLINE
  5
823
330
2
100
AcDbEntity
  8
inne_gulv
100
AcDbPolyline
 90
        7
 70
     0
 43
0.0
 10
365.8675448923961
 20
-38.00482848192933
 10
374.8175448923961
 20
-38.0048284819293
 10
374.8175448923961
 20
-47.35220134537303
 10
369.2175448923961
 20
-47.35220134537303
 10
369.2175448923962
 20
-42.90220134537295
 10
365.867544892396
 20
-42.90220134537295
 10
365.8675448923961
 20
-38.00482848192933
  0
LINE
  5
824
330
2
100
AcDbEntity
  8
inne_gulv
100
AcDbLine
 10
358.9294750771195
 20
-48.35220134537303
 30
0.0
 11
348.9794750771196
 21
-48.35220134537303
 31
0.0
  0
LINE
  5
825
330
2
100
AcDbEntity
  8
inne_gulv
  6
HIDDEN
 48
0.02
100
AcDbLine
 10
352.3294750771196
 20
-47.35220134537303
 30
0.0
 11
348.9794750771195
 21
-47.35220134537303
 31
0.0
  0
LINE
  5
826
330
2
100
AcDbEntity
  8
inne_gulv
100
AcDbLine
 10
348.9794750771195
 20
-47.35220134537303
 30
0.0
 11
348.9794750771196
 21
-48.35220134537303
 31
0.0
  0
LINE
  5
827
330
2
100
AcDbEntity
  8
inne_gulv
100
AcDbLine
 10
365.867544892396
 20
-42.90220134537295
 30
0.0
 11
365.867544892396
 21
-47.35220134537303
 31
0.0
  0
LINE
  5
828
330
2
100
AcDbEntity
  8
inne_gulv
100
AcDbLine
 10
365.9175448923961
 20
-42.90220134537295
 30
0.0
 11
365.9175448923961
 21
-47.30220134537304
 31
0.0
  0
LINE
  5
829
330
2
100
AcDbEntity
  8
inne_gulv
100
AcDbLine
 10
365.867544892396
 20
-47.35220134537303
 30
0.0
 11
369.2175448923961
 21
-47.35220134537303
 31
0.0
  0
LINE
  5
82A
330
2
100
AcDbEntity
  8
inne_gulv
100
AcDbLine
 10
365.917544892396
 20
-47.30220134537303
 30
0.0
 11
369.2175448923961
 21
-47.30220134537303
 31
0.0
  0
TEXT
  5
82B
330
2
100
AcDbEntity
  8
CASCO
100
AcDbText
 10
366.9017816488083
 20
-44.9977235604253
 30
0.622955193555885
 40
0.1125
  1
ROOFED TERRACE
 41
1.2
  7
COTA50
 72
     4
 11
367.5361063241329
 21
-44.94140050847725
 31
0.622955193555885
100
AcDbText
  0
LWPOLYLINE
  5
82C
330
2
100
AcDbEntity
  8
inne_gulv
100
AcDbPolyline
 90
        4
 70
     1
 43
0.0
 10
347.620891807353
 20
-35.66211593315676
 10
376.2761956553076
 20
-35.66211593315676
 10
376.2761956553076
 20
-51.07537427592893
 10
347.620891807353
 20
-51.07537427592893
  0
LWPOLYLINE
  5
832
330
2
100
AcDbEntity
  8
inne_gulv
100
AcDbPolyline
 90
        4
 70
     1
 43
0.0
 10
358.9294750771195
 20
-42.35220134537303
 10
364.9294750771195
 20
-42.35220134537303
 10
364.9294750771195
 20
-47.35220134537303
 10
358.9294750771195
 20
-47.35220134537303
  0
TEXT
  5
877
330
2
100
AcDbEntity
  8
CASCO
100
AcDbText
 10
373.0497501231309
 20
-42.8463535897901
 30
0.622955193555885
 40
0.1125
  1
BATHROOM
 41
1.2
  7
COTA50
 72
     4
 11
373.4579497984556
 21
-42.79003053784205
 31
0.622955193555885
100
AcDbText
  0
LINE
  5
87E
330
2
100
AcDbEntity
  8
inne_gulv
100
AcDbLine
 10
374.7425448923961
 20
-39.30351491365118
 30
0.0
 11
374.7425448923961
 21
-40.50351491365114
 31
0.0
  0
LINE
  5
87F
330
2
100
AcDbEntity
  8
inne_gulv
100
AcDbLine
 10
372.567544892396
 20
-38.07982848192931
 30
0.0
 11
373.7675448923961
 21
-38.07982848192977
 31
0.0
  0
LINE
  5
880
330
2
100
AcDbEntity
  8
inne_gulv
100
AcDbLine
 10
374.7425448923961
 20
-42.60220134537304
 30
0.0
 11
374.7425448923961
 21
-41.80220134537304
 31
0.0
  0
LINE
  5
881
330
2
100
AcDbEntity
  8
inne_gulv
100
AcDbLine
 10
374.742544892396
 20
-45.44459599506481
 30
0.0
 11
374.742544892396
 21
-44.64459599506481
 31
0.0
  0
LINE
  5
882
330
2
100
AcDbEntity
  8
inne_gulv
100
AcDbLine
 10
371.0175448923961
 20
-47.27720134537303
 30
0.0
 11
373.0175448923961
 21
-47.27720134537303
 31
0.0
  0
INSERT
  5
883
330
2
100
AcDbEntity
  8
muro
100
AcDbBlockReference
  2
A$C58626E39
 10
-369.2439574849719
 20
-46.14351246885131
 30
-3.074084733400371E-07
 41
-0.499734266508483
 42
0.499734266508483
 43
-0.499734266508483
 50
359.9999999599581
210
-8.315681800748829E-10
220
7.409951902344188E-12
230
-1.0
1001
AcDbBlockRepETag
1070
     1
1071
      714
1005
0
  0
LINE
  5
884
330
2
100
AcDbEntity
  8
inne_gulv
100
AcDbLine
 10
369.2670735483409
 20
-44.54369573320299
 30
2.128600345801955E-11
 11
369.2670735483409
 21
-44.42720134537301
 31
0.0
  0
LINE
  5
885
330
2
100
AcDbEntity
  8
inne_gulv
100
AcDbLine
 10
369.3236765351577
 20
-44.53237513572365
 30
-2.611326526288349E-11
 11
369.3236765351577
 21
-44.42720134537301
 31
-2.611326526288349E-11
  0
LINE
  5
886
330
2
100
AcDbEntity
  8
inne_gulv
100
AcDbLine
 10
369.2614144960651
 20
-46.33237513584597
 30
-1.293724191428658E-12
 11
369.2614144960651
 21
-46.42720134537301
 31
3.101927297073854E-25
  0
LINE
  5
887
330
2
100
AcDbEntity
  8
inne_gulv
100
AcDbLine
 10
369.3236798936682
 20
-46.33237443939751
 30
-2.611326526286863E-11
 11
369.3236798936681
 21
-46.42720134537301
 31
4.963083675318166E-24
  0
LWPOLYLINE
  5
888
330
2
100
AcDbEntity
  8
10-MUEBLES
100
AcDbPolyline
 90
        4
 70
     1
 43
0.0
 10
357.1644873599287
 20
-40.58321739589468
 10
357.7508772059729
 20
-40.58321739589468
 10
357.7508772059729
 20
-41.37612024208792
 10
357.1644873599287
 20
-41.37612024208792
  0
ENDSEC
  0
SECTION
  2
OBJECTS
  0
DICTIONARY
  5
3
330
2
100
AcDbDictionary
280
     1
281
     1
  3
ACAD_SORTENTS
360
83D
  0
DICTIONARY
  5
7
330
6
100
AcDbDictionary
280
     1
281
     1
  3
ADSK_XREC_LAYER_RECONCILED
360
8
  0
XRECORD
  5
8
102
{ACAD_REACTORS
330
7
102
}
330
7
100
AcDbXrecord
280
     1
290
     1
  0
ACDBPLACEHOLDER
  5
9
102
{ACAD_REACTORS
330
A
102
}
330
A
  0
ACDBDICTIONARYWDFLT
  5
A
102
{ACAD_REACTORS
330
B
102
}
330
B
100
AcDbDictionary
281
     1
  3
Normal
350
9
100
AcDbDictionaryWithDefault
340
9
  0
DICTIONARY
  5
B
330
0
100
AcDbDictionary
281
     1
  3
ACAD_CIP_PREVIOUS_PRODUCT_INFO
350
871
  3
ACAD_COLOR
350
57
  3
ACAD_DETAILVIEWSTYLE
350
868
  3
ACAD_GROUP
350
4E
  3
ACAD_LAYOUT
350
13
  3
ACAD_MATERIAL
350
D
  3
ACAD_MLEADERSTYLE
350
5A
  3
ACAD_MLINESTYLE
350
4F
  3
ACAD_PLOTSETTINGS
350
50
  3
ACAD_PLOTSTYLENAME
350
A
  3
ACAD_SCALELIST
350
58
  3
ACAD_SECTIONVIEWSTYLE
350
866
  3
ACAD_TABLESTYLE
350
59
  3
ACAD_VISUALSTYLE
350
2B
  3
AcDbVariableDictionary
350
844
  3
ASE_INDEX_DICTIONARY
350
841
  0
DICTIONARY
  5
D
102
{ACAD_REACTORS
330
B
102
}
330
B
100
AcDbDictionary
281
     1
  3
ByBlock
350
54
  3
ByLayer
350
51
  3
Global
350
C
  0
DICTIONARY
  5
E
330
C
100
AcDbDictionary
280
     1
281
     1
  3
FBXASSET
360
F
  0
XRECORD
  5
F
102
{ACAD_REACTORS
330
E
102
}
330
E
100
AcDbXrecord
280
     1
 70
     1
 90
2070111275
 71
     1
  1
8510FE8B-885C-40B2-B6E0-2BB62EFE3D35
311
504B0304140006080800B59B284FBE2A1D6227010000A80100004F00000044394333413041362D433744412D343230362D413933332D3439344343363135363243342F4173736574446174612F446566696E6974696F6E4974657261746F7250726F706572746965732E62696E3590BF4EC33010C60D038881A1120FD08109
311
C9C489FF34464210DB290C20553031213798B6C84DA23A1162ABC4C2D847E0917823B0E560E9F3EF7C67DF7DF21700E077583E047B5E5BBF1F7BDE98DA6C56D563B5346B0D0E42C636736D4F7D84A950B94A39E4A8109030398185C20A969423CC09C56936D9F7F70EBD9479D5BDED42CBFB95AB8CB5BA364DEF463E31CC18
311
AF75E767697B1E1E1D0110B0F502FF05173A2DA2A360F2DD4BBFB41757DA39D35D268A4B5CA08241395105241962B0E01843C289942CA52C93247930AEE9379571494E53342D7301F39C4A4890C8A060258299102C2BA725569826DDB20F5F73126CCC6BBDB2094A060BCF6DBD1879933F6FB3E3C0B68C441F91BB3672DC44
311
82CD703E1BEA2272761BF97D1779FD39D046EE9E22FF00504B0304140006080800B59B284FE4478054EE000000300200004500000044394333413041362D433744412D343230362D413933332D3439344343363135363243342F4173736574446174612F496E7374616E636550726F706572746965732E62696EEB606060F8
311
0F0540260323103700495E20ED9E9A975A94991C9C9C919A9BA80214B03035347073B570D2B5B03075D635317032D275327335D0357272323372757335763136654768046931363471713532B5D435353131D635313332D475727372D13534373670367376B67474B5042A03DBCBA019D37FE8ABC6157B20CD04146B006218
311
1F4C03F940F0C11EA29A8141C08141002C0426541C106CAC2CA046088033B02A030AC2157C6006F21A8018AAF50194E6010A610250382264E08660284CD9E98021862280A91564B406929A0FF62C401E28B6F88038B83CB1243943D7A928312F2535052403524F0B0000504B0304140006080800B59B284F88E57597CD3F00
311
00904100006B00000044394333413041362D433744412D343230362D413933332D3439344343363135363243342F5265736F75726365732F38353130464538422D383835432D343042322D423645302D3242423632454645334433352F7468756D626E61696C2F302F67656E657269635F706E67355B773CD4FF1FBF73E71C
311
0E67EF7576C9DEF3EC995D46C6A1EC5046649CBDF79E192942562825CE965D8A868C2842C8DE9FDFD1F7E7F138F7078FCF6B3F5FCFD7EBFDFEC41B196891913091804020321D6D7513FC77D8C5070EC3FFEE51B21F068154CC75D455CC028A3EA68992803810109FDDE5D5CEC5521B28A1B422BF80741695D5B529DA1C2D05
311
8AD2388BDA9F476F7C2CADC939304173DBF48A452BF8A700C0C70C3D121C1AA15A5270C22E2B9E28763651F7DA0D12CE11077B2ECD0D560B5E3DE2368B1E65C5E1C87384A4CC5F2D9FB8BE39E9B77C753783A37998F5CEF1B4FEE553463245C9712270880DF339E0B882A6BA713D865F6F384C842D440934EF264F4A304F8D
311
E4EEFA1E2BF5E2D91F5ADD9613D6E31DDB33ED31DB1D7916CAF091286EA3D31B9CFECB78BB0060245B943C4C040119FF780A74DD308BA9D028678674EB5504ECF284EE814DAED07440BAF649BE4B55DA2890F4D73E2D489A59EE54FDB0A85B59F2F52C4858A02705C4815A792B0C4A996A2023ECB195073E115E3E3647F642
311
43A8338F2000BCB58DA5692C7E7C3D413F963FEDF3CF00FBB0F831A9D51360FECA43819F527B89FA260EB63C5DA676830AA3626A3693B23F1A17A0DFFCE3EE164E31B5365EDF0C89EF64D8E38AB0BA9A1117D7C3A0EC44F44F4023095E80BA610DE336D0F99593A88BFC5306E72DF98F7FD132ED95878DF2964EA7E4307135
311
9FD83B2BDF9C6B5BDF768F0F3C0FC351199526F53D9460A34511F75D1B63E488178569472C91A94497807A3FD4A390C6558F26D416365C3656DE6E769DA9D8FC73774E1709812842DD8EF96AED1960F79D21B395CDDFE6F92CB4EB962A4668C76990E2EF29798C8941D67DA50F4A5F947872460F1F6FDB794E8A29FD7AC0C0
311
D6E0714339CE258FB17AE8535221E3464A10F29A0BE5EEECEFC5675926A89F49EB14E5711894F6586DB5754EB4D5DA9C6437EBA57DB97A24F8B8A8DB295FFD73266CF57E82694DF5166DDF93573AFE9C9C5EB05F8FEF8E89E0A8917B0B3724DB7BEBB53252581EFC3E38166BA131A3A5B42FE2AD00A769BBFA4458D2DE7822
311
F8C4F63D0B8E21B285AE13325F3410A435C648C9D91FDEB109E73CEDA7BC796961AF79175E1A3CE4C5E8B0D009B0C9E29EFD98BC8E97554E3D8D838424E270F7685226E5AC268E021EDE3522D583E8F20C0BDE2959EF5BBFEEDAB32FE9A3ED0E39F211A86AA9DEBFC68182EDED132AB8BB794442D2D7EA9F4D8BFF52BC4D55
311
BB165124EE90A42D101E67BBBB292FFB4F66DE5BF2300E44546757DA7CEF8932BFC9F92A0707953491A55C5A5ACEDABD9FA1AEA01BAC3DC5A24E22E7C47213493996EFBC369D086ED9397C9BA6C7F9855C7BD5E15BFC8C53DB3D2A4C5901A57ACD2FBDF4D1676E95338B2C2BCE65FDA4C64F5FEFDC7D9CA5AA1FCF11E193F2
311
FDABF0F4916BF13FB916A224380E6462A9815F2300DC49CC4DF8D055CEF76462F4B7A7ACA7365C2707891370BC1D0AA6203C44CCAB47084FEC057F27FFCD57F89B8B9852459798A675C66BD7CE572CAF71FF7E6D7ECF7BF62CAB7B3F1107DCD04DC55A3F9961700286141C94A4F771FEB2BCDA2DDEE0CB0BAE402FF1DB0100
311
F8E475DFFFC074DDB4498AB7D186A7654DDB1CB680D703D47CEB4E72F8CB13D86A4AA68116E26387B93FD6738779B34FEDB8E517EDF2BAF28D9BE93A1D3A164320E07D42E514725C29515FF361754213EDE06B079A2E99EB1CA82A02019EADEEB87B9AF005BD04BBCECB14AACD6B24EFBE482194A97DD32400685FF1FEF154
311
4D1B14EFB1E7F08E6D2CD2AF52DE757F35F5E62332EE88EA26417AD5C3E0E319D68F25414E6D672BD4522B278C57D18F0113921C71D96527E091F00CEB15AE23D24667369BD3CEFA10C7549D930890BA4366F4EBC55F01F746109F98ABCDD5A3EE06619C6AD78AB33E48E4C9BD21BF7478B385EC05C4F8987E2C1BFA0A60EB
311
EDAA0AE0B015C2720ECE180FB6F2DEFBEB822D96338C9B63822183BBF52FB664A7AE57003AABCE512BF77E7E31BDA2E739AC4C131657DDFE5225E900FB56CC01CDE808FA4A9C9DA16AC679656BB64796283D89812B8F91136AE18EE5EBBAF47A73BE3C153EB5D4CD491B4BFB4FE690A4CF9ABA08C0D8AA64220C438C96EA6C
311
A80B58FE5761E697B3A292EB9FBDA502FA863E49FE694ADDFFF9D62C520BDD1A22014147A0903A05B9B729F54272EF83931FEEC057BFF8C8055C279EAC5C0011804828734024F6CFA319C9CC6867C727184465CD9BB7ED386AFFD96B294A85E3802FAE47244602D8273615952B98C4F23F7EAE4463D9D638EEE374A20959E0
311
FE519C4CFB0FBFE5DD80C2AA3F9DB961D1BDE57E67C9BB47B77FDD74EE3094F5DBBE3EBC1FBDB7393F5116263009E2EFE1AF9A221B2AE234C902BF70E9F280ED23E73908361565964333A3F01D0B006AF32FB21AA1316744B489D5A198E85299241735BE559675130955C902A8ED761FC0DBE337A9F91919AF5CE32AF902AD
311
F9AB2615E00E8A94586BA1A90839B61832FF1BFB76D2EFADE6DB1BA04CCAD3DA649E7E2A0219F592E22F2AD54847EEA8E42271011E9074F8F3DD9FBA6CDF88FFC9FC7E811AD1CA8F4557CE4AFC7BBEDCF0114A48689F20A584520C74DA8127124B767E2FB91A6B186246727BE63C9445BAE02088D58B8EFDC0F1072407CD9B
311
89A13F6303B4A928F593AD489B58E6869325790ADC406036C591729FE14021F94B7796BB11848D463536A092A26F077F94639F7CEEE2A724C66EC885F4A24F8B8A0AC321F8FD149BA529460FAA34E4663C02D41FDF80BCA222D42F0ABFF8490F4FA74C673807C2051D8E467B47B616072860069A9A303ABA9B319D58404461
311
401B0A0F9BE5E1E151C14BC33B32ABE03DDE91708DFAEB15E7C0D593C86BB7D7EC17BE56E57975F077BFD5525F3A1A361D584A75E08CF29FC7B44B2B3085014F3A5A14517377C3F6B8F37E59514C3B12F8AACDEDDA4DFC49BE5710101534CD6FB6DE15B50F11A09472AABA727F0C49D9CB906B158030065F48EB3625E010CE
311
C1D511D0053474B11E6A4F01C0D6EF1BED3A944FDEC70E0DDCDC756C86545910E0DAE3BE3AA9A404574C2995CD5CAF9549226BC94B4F4F0F5F9086F418F6B32346464610D8BC7391D3C3A3CCF04CFC1FB2A3A3170E369511868F14EEA4E5E438CC73DB1F3248AA94B6B2FF33B222FF3D1E7BF146CAD229770158063BCE4F53
311
91964DF62F7E52A7BE0EEA829C9E13C4C147D6F93FE59E111DAB5E4594D6F3CD1AD375EE039930EFE5AF2BB2D41C83C7DABD8C659BAFBE8FAB392CA634F3D15C1D945DB4588D2B0824A4EC928AAC565557CA2F0DAA588CA5BE30B3A8004F7BF005E96CBF891D7F18112A3619FDF530DC8AA64954258E1811789B5189B49B4E
311
B53F5F89F7D37523894F3EB57B373763C91E502F52CC99EB7BDDF933FC324C4FFC2561DFFA7339FAFDD0A4BFBE6D3A8FF9ED1FC49898139864602458968913181918F719CCF5A68B2EE9C1FF050E34E63107003B8120FA982C21B30A874E4F5E4B38D5A8290C4B8D9BE48A0BE31EA995BDC37AC6DE90BA17D259DEF53605D5
311
5922FEB1855D915B659FBEB350EE0DFB2F9F766E1C84CC8964B75D08667445EAB966015F63A18A9E0A325C1B3DC628C0D3CB60F767FA93CC65F25458BD23C3B312716E5F40E5858AC06EBA9AB14F95DB99147B832069201541D09A0D856E12C629CF32683760EE855537D1901988D5EBC156676C7DD51D7207CF3267AF1D76
311
C2AD867315E44618015313A98B19941C696FED3461CAA9B5415F918556D7802EDACEFD6B2E45853A9735DFC9DBF7E440F9319F8B6805A973BCCDC76C069A9144E51F187EDCC12FC31B5DEAAF0A76137199B106EC84ADA6B6EE697D4E6A96E007417F4E880E8B1E89B4BCE9D81EF611E2ED8F0C1A6C25F620FAFAAB656A7C42
311
D464880E8AFAB0E0FC8EA38CA9A8AEEAEE3E4648BA4680270A89743CDD3E6C6CBF34B7B640EFA285ABC7EA0A1E28F3CC963D114A80123EE66D0AF7D5380EB41909B605AB4765B709B808590458157E69BA1378FEC4B48CAF6A730E3BE3C5EF2DD1A5EAF94B1DDE50CEB55DDFD7EE9A16747FA4B223359FB1FCC69E1194892B
311
ABB93A1D5C4E807AC0EA2E30180811E77A2291F6E7F7FAA5E0F60215BC6024E48DE436C511F0628B8CA189982D4D83CCA17D305A7E923C37941CFDFDCD93ACAF735EF5F0E61BBD3E6C41A59B242790D3A3BAC7064DCD89AA2E37214EC839820949D5CAA31E240D2948E48F690298974A96BA9A8432BC90F5071D6537C9666E
311
A4564796B7AFFFA548077BEEA75F63083435074BA182F3699557397F71548383FDA8CA34D99B981E72835ECDA5DDDC151315173D05A21F651AAF8524E88209E2E7A737ED1045800CE3390050BCFB8BE588DF111617874C62575039CA588EEFDEFEFE319B739DE2EDC147092A262611E159650E787917885EF08F1F51B8F2D8
311
A71D60B58B190FEF9541A1BE94BC19FEA50784DA1419FE4B0FB51B8D36B5FF8E1286FD8AF42B91E59A5F1CC4D60174E764045FD8C57B18209B217F89A62252BD20BE0E63E12B8E8F029FE19E0E8D0870F58721A557082250D5424F7909369376E41666C0EE77CD87CB283F661D5FB6D0DA023CB67320A20DC7BE661E9E1BFE
311
5463085C557DA1FF9BE835733766C3D139F2CF9E2208873AD0EB4814DE9E6BF2CAF81614D4D43906ED1C05A3265CABBFE192770FC2F64F940CB6B17B5F166F133C9AEEAD2641807C3E69515171DD74C4A85311513D6EC9530B3B601B6BA3EBFF3B5C3D2F7D69765141E345F75433953D013ADDF8F6AA7DC3F4A7563FE5C7D3
311
67937E2900D7EAD0F9FC9A4A1A9B5BDF1FEF08532660C01C5D6DE22199AA774383E306DAB87E301ABB7D213887F9869D4942D0D71E94B27EDF216A318BD488D45DF84529EF575AF3C3938C0AAA0215B01994153E2054A0B894DA5C784980633AAD48576957CF4AEAEAFADC7C587368551C73DBE1E57C58AC713303A8BFC258
311
BD04B51724459FF9E24C03A81E0E0679CEB9B348C0DC998FEB9C6D6EFA77D247CC8F92D3848599ED89A23218D0636465AD1CEEB7DC140D7426F83491C4E8E8281C2FB35240918FFECE880CA2A42D70E8B20B34DF5221C7DB0CF90ECCB9C745B37A47E9B716FF7A97B7A252C1F3814DC7B1E1A7F72B8751D524EF7CAE45B0C7
311
3B3BE7D08ED39781B380DDFC9AA4A4749C9493DB5BAD07A6EA6C092FBD0E85DB004DF06B8C9D3089C5320187E4CE1846158C7EA7DDAE8AD9AFFF21AA3A1026BB06A259845E8232DEE62811A4DA9CEAB3A4887320B76E2AE5615EAB7BDF738CBDD01F1E64064BC13D9EC53576751CA8CACD58B3CEB0E6CA585BD089B2A59B9F
311
C101403387AADBDBE70586B93D64BF3AD4453EF9C3B6A93817E8346991798601344F79A83C51F3D50F7BF2683A3605F51A72449489E0EE6169C749C60B1035651103AEE24D24E51A759C840DD3FC6504DA6FE107510E447B43461C79D22970B75DE5E1BD3007D1AFC619A4A4A69B5626AF5E9B8374E20677F77E2F8E73DF86
311
8E8BEC7EBA7B6A75EEF7205E1AB9486CB642741D6E03FF13FCCEDB1C4AC129886268B01CDF4B124AF797CF784F3C6DEC97A17D4B558070A0F1C04DA4FF9BDBF34159AEFE958479824B3F58EBD1E19088A2AFDE501B6F2052368A3FD0E650A179EFAB1561E1D27527077136E652676C3670F42DCB3352F48F6BC86D2C3B0051
311
727E41A0A4DC6CE2BE9D47F5CAA2935A3C0539AF080665997194ABECD723B08129CC5B6B21D2E7D54CD4D12610E7E9FB8306771A89576C7A982002775ED44F3F744CF21EEBB27A631671D921938AAEE3EB0D19CD1E083727F607823E817BF599DCED5394E37EEBC2E88782E638920CA641EF74D4CDFCDEF06F4278ECB18E31
311
E7E9876F2D783C8BF429C75395F57E98C2B495A3DA077EB3AC3C158608B6B57FE3EA48484D9A480096FCEE0DE880950E7E5A5714131C5C41AAA29FD19AE81AC145FA1B9E85C7169A5AB837B213493DF7E9AA4B5FBF9CDEB36EBD21EF1181B7CF7366AB2A951D01E37AF4EB835D1BE8C117CFBE7625D2EBCDB0B20C5A4B45CE
311
D0BCDE3EE8DA9DA78C2E21DEAAFFD1197E463C33CC6A80FB785669B856EFF7A8CCCA2841B5A5369173320B1170C368B2748D81062EA0296E5E2D95D7667A4A46D98A6FF475C76AAB0A8C8D45E226FAFC9FE0133EA9F60111F99CA81ACE03A1D14C89E8B0D69079C91464FA1D99E651D0EAF606F345C42A8A1AA9BA39103158
311
2B96D5B4176A77AADB01F12FD298A75DEEBB2C82F0B8650E880722F8DDD90C56A7A058E5FDEF1AC93545BA27367C76F5D8F9690CB6F8DAE141EDD7971F0FB548A2AE435F224D6E5954CA155512F7332029D5A1230854B79F258EC5FFDB09F5F6343A8EB193229B7F7E79B3E48F8E183860B38C8269D1B53738FF1E0BACF6AA
311
DA6D4869E9DE708E79B5DADCC09B1BC76F649731CFAF59A83FD8BAE4C749D66FA87A3810D4D62FFE826FA400C0F325D2BC0F3CA35F5847B82A2ACC7961745C823E4D863D54460AF792CE6F79B5C7A33B25C3AEA6CDE15A919B6367D781E9D44F61BF828672594A3E1D9EDD6DF179A81F27EAC05B936575D73E05C209DDD211
311
5CFB705DF9BBF3C911589B3640735E9E618FC9C36A7326C82B2205E244C55D56FDB9D5DC93CE958D4BF8174D2B3DA54CB3C09F2C2A6DFF73D23B2197355761AD421EC581284A7EF8DE2CE3497C0C804D49B41DFD6A7360844E5BEFFB495CFCDB97A4595911CDBA623274CE852B5E278AF0BEB1770E9D37CD977B2766A7DED0
311
E94B840E1E95E8C77DE5CB6354AF7871427C28ADBEEF7BA0A28E19DE9ACD75F379FE373EAE6DDDAE3834692F9C2B03B4FCA8FCA9ABE8EEEBEBB725B88A7C90941E850682CA04061A7DF0CE82ED49BFAFFD42C309818FAE14755CAAE78B0F73243ECCCAD7DF58FCB9CDFAE7A4D3E6671A613639130D056C8383C8F4FCF4808C
311
331E544DD26E4755D09EA05253B3049A1E32587CC25D72E073E2CD96D04A71BBCB0038FEC3F53D254199C3CDC67CD66640269431860225392B2CB3ECD0B4498AAE78BA1994246AE1EE78F2EDFB79F6C6CB6B5E279C4D373FBC21CB2698C9ACBBEB6A4BB6B39E16AB0E421CCBFC7654D81ED86022F9BB522146F9F4772E2D0E
311
4FA70120C95A85A417BF5078B232F4754363EB1750B2AC2148EB46B1EA72AD9B4D23ADCBC589D70106C3EC2ABEEED84DFE28E718C6C83502C28E9FDD3B09DA0A6F6F7B72B706A31C9E2A331EE70DA56A083D2177BFD63C55B11D8D949FAFCF90B23A1E24B9B5018B9A17E99F2890EC302F330FE7936E2C23F0D237EC8916F5
311
166AB84B62A21BB0B950146962D754F92CC2C8877BED8FC7B7B25726DD19545392570B3A2C66B58F027BEF412E552D12A588C4A3CC5C3193FCB3485EFFF700D0B9EEC077754A33DC1FB9E25AF814628F91DDFECB667D3F7690803F38D13F8AE39353523BB08FC6760144AFA2CE28236F65EDBB3D5F59A57D612B99E3D7E5F8
311
A851666BF9B5A6658EFC96EEB37A378ABB0EB3FDDF1303AF32C41BD1C8560745D7BD81066B0D6313359CF488563D3BA3F8E2185D1FAA3EBA1397C9D0E3DD232180A4DCADB6AF25DB3AC3CC26589C8239E66E81547BC7E2F328F9884764CA37EB5DBE390DFC03A5246B456A7C3684C4377D0EEF9A350680FA9A077E8B2957B4
311
89E09AB1AD41316944C2254B5984830F691C93CAA767EECF976FA5647538830B5E63236A6F0365C1E0F3E327F24FE35EDDBD7360B0F7374837409F7A6311BECC12B7026D4FA1AE204FA3F5FE904B1F420C7A9044AE58E403E7C4848E7DA25DC9EDAC79DD756FAA26B9EA83ACE8A214A2612A22AFA19DAE7DBAC5F8CDE1292A
311
485F98DAC731A29FE01A3966E96BCB9FB5A4C8830E1B9AF0C54B87FBE221A097036E5D28D1F869F810C06A9BB0AC0612F69AEBAF893C6E7AD59460208BAB3A6B09CA4F6BDDAB8CF0D1F84B72487498395A70DCD754796E271099A567A55CF242BBED64696378BB6CF25EF0FCDB589F3A82F1116D010A9AB9FA4358809EE0C9
311
73A2B4229BAA876A70B03AB49CBA7FBE71DB1832FFD32F9BF2C8E98075CACAFB36921235D0F552B6A67E94E094097A5D7DF681B40623DA535ADA7A9AD8E9A62407D7C9A5AE51D62A17A83A23728DE86BB56115804D3F2675F2C6B87541A0FC497BF0CA86420F558C9859EBE9FAD62747E323E3AADC03FDCDDFE7407B09DA90
311
B44E3185723C5381EAEF589765E2F7A099BA46695BAD60CEF3491B8A171F5F56444F7CE9455312C3498C74173AEA0214EC029833B34B650CBB5A5508D5091665309642791708ECF27CF11DB3D797D6CFE474453BD4BFADB768094B2147814D81C7CBAF8228DCAF5564B5891F5EF6A860EB2E323CB82AB868D8EA048880D63B
311
0DE5341F1B3D53297B928A11E15F25E5148990F710747C3509ED14909C552EBE3973246FCE55D00564D8310BC3EBC5085D08D806799B77D6C57FDF5E55837F9E934F09C03C729271B64F12D0A9F9E938107CAF7BF1EC8CF1BB9B42363D33070F4CACB425E605DDB0A34A12BB936DE286B9887A4E2E558F0886498BFF49C311
311
D96C277CF6A9FC0D75AD0ECC5226D7E0E3572012E56D7FDE4410CEC7A6D0F997F225A2055B8B92E3956E875AE4993CB3D4C9063AF98FD45E1BAB165640A43439A2C9181A7C355B297C0A0CCFFAE19B6FA3C2BA238A885FBC98B8F6DAF4B94B97304878DF4D8BFF6A4AEDF79E90ED4E68F00CD7299F4E0D83E35601AF0CBEF1
311
8C1E870E74758FA91F5131075004DB3CFCF09AE1DABC11957FD9808C92E8A678CE9DBE40DDA0E0D1D505AAFBCBA208232BFB6FB3704E8985E61ADE53DE74152F5C7DE74B1DEDCD37DC3E8FB30D7EBA8B9EFFC3606BF90B8D438279CB7709FC7C00D327F41817EEA71CD9E49FE9C8C9A81C70915D9F0F15958EC5AA4C3BBFAF
311
46986B90F188BDB24B89DE3C6F29EC3E6F66D84856EE96A35E657CA41B41EFD8DBFA16AD6E91439EA92B40B21C053249F51AE50EB0B24C770FFAF40DF12C8436366819C48E36547D4E7B72FE2BBF10828583057814A668BDF183F6B2E58DFB151103E56303E63D00F39C27C4661605DB644D19175D02E3F0241E8FC3458D17
311
AAAADB117CE9EEA690D0DB01E634878C04C2C9310B69FCAB831151E3AD293BEF6E46B0ABCECB50F5939B39C613D41E81FAE8D34CAE3C4566B761D37185FE864AC32FCB71AEF39DAA5BAB88609BB980CD2F07A8F941653B529567726E2B2A58D079DD57E1E5E31426CF184A04D7B03B985F276D47406AF276FE32E3328BA866
311
EB1FD39BEF57863A317634AA5FE467409B3873F5069EF0D71AF00AD189D17BA1974ECDB2D623E9E14086386A6AAB5807825C37B015BFE892AFD154920EC437EB945D958E18622E1E0FE2FA06557CE4BB9BBD05A2D40E774DA2B65473791E314B7D6C886820B2FCFE4AA272B3B8B15E7344A145E8AF919B5454D89D36D413E8
311
7211186BF6F645E5EC94DCCE8E1C799022E4EC9BC86D7A0F2AFB1FC4B2CE48F84B3F49ECE65BAD24CADCC07EFF39AB06BE9E6B27A059938EA7208838455383DDBCFCD967DDE4650EF92A14FF933C975DB20BD7FEEBC4487576485963D757D16340D9599FEB362F775F38CA4185A86F74B629C81B133644A3B18FD056E997E0
311
734F9BE26D11C0AAFC669E2AC9FC41D281F8B2E1C35AE27BCE05F3DA295488096688719D974DF1B5D182DB7792288697F8763CFB43562C1CDEE11C4AABD5C22B6E33F6F389CFC3477C5919DC0D533F8A7A1846B7ADB60ABDC26C43D0CFC8910B7C15EE22675BD02702ED39DB77A87A192CA7A543E6205B979B9F5A6B512A3C
311
A799E198B2D5797C0AF8D1D872CA455D4D431A7879D4DD76110B5FF7F4176B54477A9EB5E4A5D11214FDA585F0382751D8E2582BA5D2075053298FEB8F1537304E32CB22C2E2B693DC0A760B1DFCA751BDC445AFDCBB12820ED85F6D5298933C7EF1211E9E057684056CDA3FEF3BB6052355E162DF27C59E965A8DDB7F9437
311
EB72CDDA3A090DE65A5B2F50326247B7EC67B73ACC7047FC9B353D6EE990F772207C6EC52B39DC2F3C0754821DAB559F7C1809C7D0DD5B0499D0442E0A6E391B3D5DB46D11E731E6794EC77523FBDAA242ED67F9FA1FB684255671F63C9BCFE6E7E896D51001A6113EF2298BA494E0B0980D1FA5B9D60796554C02256B1E03
311
45FB7C6186B6A19D2DCA270416262845FA4F42DB5D9B0A0B6F07FCA2E56C242522E001E0CEB734AF310FC8BFB57E38E03AACE93B3326A2197891E68452B26A6307FDABFEE0223D3C03C3C73D2D5BC054C8311F12004CAE488E5C29287F8156A2CAA4AD0D7BE6B97264E4139F437CE73ADF52E5134C52B819777C18B323A592
311
4E4F67AFD13B1CDC3A61793A79FAF5C0CEB718E441071E797C6DCCB9EFCF7E4A1E9F3DF3C2F9C9E8294E9586868788C972857FB0556D7A26941A7EEB9B580AD78EC40B85DC906B4120A563CA3B87797ED612D3B035962BB75F6515A393F4CB057F564CDF54F2E5A024514E6A1F901DB80C7E70B1FC05E356A7E72FABF4775B
311
3E3FB8F70A2A8E7B6A94542BB304157978CCC999E707A29CC795E67A59CC546A5D47B368954CA7B6E75EC9E1F6FC73CE3B4F71F8CB1A6B15923D61EAAEB14626AAA9D04A26EB9C66CD1BE86CA31A5D8703DE04CD1EBCE4F5CCB62F93909AD11E55799A781A956ED27D3E738F4538CB04ADABC7DAEF20BC35BA6A90BCC1DC61
311
BA05F20D8832FFB9BC9B15E2DB838A0AFBB7E0C82A562127E0446894F427794C3037186F622BF24DE1B00AA10A23BFA47B2A180D6DA5AD6F7326FEB8C100C2D7142EB2A0B2A9D1008A09BA343D70E054AB69E2A7EDB783CBD92537FAF4A44D1296AC2792729104B3276C276C951D0CF3CF3F1E6B017720A7B8505A5FF95893
311
65979678C36F1BAF759EAF57C60F1FF5FE9DCF5F8E764FF25A2D06CF25117A8FED51884C13B2B750DB0E4F5E3D64124FCF11F0AD8F1CC3B3DA4B38ED22BF1CB2585EE6BFEBBA63FBFD44F9537B9B37BDD6B358720F98A8125AED4349CCFEB0E135F19E208A04CA7E2B10711185D72E381F448036EF57C9F874E54A971CA37A
311
639E986AC0226DC5AA00D5B14FEA9192234B3DE617814FC221C92F33F1D392F297731B567FD98FD91D989379AF567A65B8ADF177591DB90FBEA99BF4ED11B16E50A0AB1DBF1156D034BBE04D69D08F939D8E92BF525A1DDAFF80ECBC95D8F45D3FDD289FD23F7D8B452F8EBB34EC082DEEE68E18EDDF072060FAD2AB1504DD
311
4879BF67099FC58F6E9DEFBF645D16334A3E9A127C6F1AF6132CF287E433B43A0EE93812B4AA0B194E03EE3FF91EF9C6ED0074A2F6EB18A96A7C9890B1FCDA1F2095E944DB911ED54C60DF16FB74C8CE9BDC7C54C4F14078CF73C2FFF1F1BBCCD7CF64F71407EA1683DBC410D226627F66E509060D5C0AFD611DE681D509DB
311
8DD12FB1265B03C6F5C55FF4C30BD94187FF692B4F152982502F193098A789526A038AB529A52BC0DC4FB6285CBAC10A8B8DB75DCD9BDABBB221E27D1F8DA9F5EE5926A1C8AA9BA9BC09239C6A7F12914EA3B59EFF7AAEC3FFCCE56F1C5C2980AD072793527565E774F4631DB178CEEC691B1F367BEA0CF2907E1D6B854D52
311
7065979DDEF002D8B2ACEA7CE21AE297737EDE1D45B31233B73FEA35BCFDD0B09721FDBAF6432681F2FD10C3E9EFB246FD6E854B344ACC9D8A0EEF876A7314B49B6A499FC650B099D650DBFEC7638ADFD245E2B7839DA5AC5F7D5623FC0ECEEC8653FC9B2BDD1AD4D00A566FBA7186DD3C9CD26512551637498CADB950FEC7
311
1ADB9A5524285DE328B8EC7EC75D2345AEC6A27C42AF6D9B92155315C80DBFCABBB7DA0FAE425C4FB896B15C9BFAC4FE67DF5A23D30C93DA4D8F36FB15D100050DA6062E22AEC5F4DAC4F6FEEF97AE05DE63C6D38F9E068A20BC5E3B6BCD75320C5090924E7F93640A7735B1A43451C2D91EE62C6238B797349E59890AF3A5
311
20DF4A87095F3ABEC2E61F0593416CE46CDCBE0E00E2523FCCD04408588B5B6C9DB6459C786CE378770B54F51DA3A5E1DF2A3349BEAAC234A6CF8993B598B3B25B4B113E353A4D750FA7534749430F3EBF2512E7EA3FD43C6AB9A1F765A58463B306721A15D224FAFE8C6F5E3432D57EE697DA0DD5A9D4866A8BCCAAA9DFF1
311
F06047851408FEC060471D0E3EB86BFAF46E4B5E60311DC3E3CEA147C75CF971BE74689507154FF2D2E92F15CDB2B9182B11459FD8ACAC5A85F174BC94A7F4EE4C4F5CAFA7C02E37BF0BC77B7DCD0C047BC316F562A01A441AFA7931CC84A28CB9F4AA367EB515778F29BFE61195FA671F4352E5E46E3A64773F1F76EE5EB3
311
6D7BCE9BCEAD837A4D77F8DB8C92AEEF6711920D7C7D0F76B0FD0EB7AB83724CD35BCA7D36DDDF5FBB7FF6F04A91F3E2BB3B8F1A43CD659639507FF6331C5F697BCC782AE57D757A27D97F1AB9E0AEDB43F92F1B2AACDF5FEC8ADBAF9F814E2027003BA2F9E144B1938A7A04050AE5D953B82C45619165C813A10E76DD6906
311
B3C16438064D14CDA713AEC420034613E1AC7241904A49FBF87409AFB1FCB9B72FE7933A87D8FBEDACECE4EDCF6A4FE9FB94D5DEB74FAB7CFEAE17EE965DF980DCCA2D04134994F9A2E94D2265DA4FE6AA7B7AC15FACAC2B5ABBCD7DFF542C5314FDAB2E1B9D8B65220B8E2B638BE008E8DCA22678C820C5053664D15E89F2
311
D735B51A84955E81A443545E9FF787BE0FA700A76D136C27DA179A7C6E8939E01BE756E19CB292798063D8B97F44E8A27BCF3A614FEB8BE974A718E86F7EC99B53CA35FA24F61F2B07266684623A3D4CF073E511F3A10A8FDAFAF0078C577F4DF9D339FE7862E5FA47CF4344209E5BF76D783B1B48E152AD281B15FCB934DC
311
DA49CEC5706B1EE8B460F435324A5CAD154725E21AB8044B75A557A79F6C807B9340AA3D92503E866F4274412926C8C504E4D5EF8C0E68DD0B028781A6B4054F11CF18941F101C57CCC796773ABC8DED9CD91FE5788806C05E548895354AEAC96546D55B0E94A59F148D061F42AA398D822CDECA4CDE79E13469BDCC44FDC9
311
90F366BA5978C15F97ED80CBFD73B0CD9B8B83A4F6845BDFBFAF034019473FB9A63BD55D3A4A7284757071574029A4D016DCCBE95DD679EF3C4880BF169422F8C89B68A988D2B13793CAED4F74DE7486C72DC94DF46B8E93D8E02EFCB1FF9B3BA10C8AE7F653DF94F4AF466CDDCEF5776687F7C4C14B63E4EED1719DC2EC48
311
2D7DBCC7AE518CDE3D5FF86D39000EC3673C0044E1D308BF05F74D1B5F033A7D1BE7F74BC55BBE3E4A20F920946CA0271EB17BD2B80E5660ACB8A29A79F5E4BBA49D4D945B6EEF4A7EFEAA65E5555BBB57A7E15D2F83C69F30BBB978D2B39F1F26FC097424D39BB33CA3D87ABF64E307938B685BAD44F71556A30B7E712CA4
311
FE600613C3E554B69ADE949A7CFE214DF1FFF05CB82151EC6FC31950239F94CF7AD39DC473F6EA356E5EC2C4EFA04383CEFE985A127484366FBEE3C0EC4FEA363E4F6632AE781392FD45D67B63FB8DF70E82734F431FD3443172A0E30A83D60982D55FA6A2CF86DBA8382502ACC6CDEF3B907982EED1160E14863FA242F975
311
7347E1544275CCDCF71ECD5F8621CBEA326B8BA884AD7F825781923E66971F04010D574C541D8427A438A37EEF8AF88240EED7362C953F5A81DE2D56109CDE2524EA0F5D2F87308C0C47BD97AD605878AB8589E17CA83930CB5E0DCCD75853D68B1AB136594926DE426C367428E9334AFAFF90ECE221BB5DC9E5BB53D2CDEF
311
954EAA9CD814F0E5725F1965DD458E5F8487683AD86B9D0076BE3EE91EB1CECC5331A67A3F79D8B27587C12EC2A6A70474749F27B4C0BBAFB94B34189E88DC18964BE4121B9137FD516C7755356E50D6714E31ACD222621EBBCD1CFF81D87479056A9DA0E0B8EA19D24CF937DA89F78E8650CCBDC110AAB6C4E46DCBFD0446
311
BA9E2060E81F314AC2031E88135E5476AC0160EF5C0DD2EEF1B8B5CB2D198BE9A554A9093B5F7D7E4B5407DDFCA1D9C152FD97F55BFFFDFE802954DFEC8995B983E28AC92F1971E28F531DC407A1280EB125F64A72E617EFB27DFBCEDCDA2D6F2BDADA36873EE46B9BE1782998C63DA7182BC383FB6FD15DA472B175D7E8B4
311
FC88F38D6E07FEAA3FA3CBB8F6B449ECF14D2175E5C5CCA3A42ABF24CA6C9395AF74535F4DDB38CB84F56614B0FD32D7E19CA5CF988DB4449C40E23DF2B16772594554579094450F56F253CD25EA7F77366FB1CFE79696C428BB64D5A41E986189427E5E4D7E2DAE3D5BB4972B3DC44EAABDDDD63A2264ECFA5C786EB0EE1F
311
DC5BE34FA0F08376869FD1E61EA06CAE15191135445EE8F0394161C3266A596AA035572BB0C8876180D8B9C77D307DF9DCDF7365ABDA6F3A2366436457A4DFC1F259666569A9E4A79C817BDD5610E5200FCE894A358EC72858D50EF67545DA81C6FACE3D457BAF70367E1E6BDD9A952FB4F56247F58F523B97E640246051A7
311
2F79BE42FFA0B3187F63097F91C48B868586F714B0EBD5A00A8412C1236E1298F60C72BE6C96B82B404CADAA304AE9F303176B14BA53FBC2D5E86377E35542019E24D97B96A49B2C0E5006E7795954DEAF5DA58958839043C6C70BD3B1B33B6DC5C31316D8A6923F142E26F6711A2258AF977DDF1F970ECC4F1F2B434B96D8
311
1BEB6E89BF3BBB3C7C8CC80505070723D6D7D7D3C8CA27CA164A26024FED94B12A86031867241DA53D929636DA600F050BC40CE48B8BA03D69224720DEE2ED2127390BDF5E6EA64527BBD4C4C63FA76BB801FEEC0E61218EC98A8A86CD8313781617877E66692839B9468CF4DB8E50A73986E558E309C0D6F676F921BE02F1
311
185454DC75B111572FF9D27D85EA14C05AD7271225B391C4275659CA4A43759D0BA44639BE4C30A84DB7F67A41399FB95CBF923B1B1672ABC807C1590557FB18D811983FA97F5E609516D62281D38B1281F68FC75528C35E4CD7DF0F7DBB5E5DD69C414EBEA2F4A5B241B996BA77AE6C772E367408C633EA3E438B68563EA8
311
BE7667F3A4C4FDEEA52ABD78A2820F443B7914A15F180018D231E64519C56A12F6CA7C8DAE18F06F6B769DBF92329EF6A5D18FBCE600F36BD8E8198DE5CDAA96181F3A756EBA5501CEE58F497EA4F418A2B82565B9BCC611713C0B708CCA1F398B78C5F7D03B3437CC18F13061F55C7BEDADD5ACB1DB0E36D3CE47FF6EA1A5
311
63A57E9649EA5D14D1A50EAA457463381C073777EF1600607BAF6428A7DDC079D47A204EF1E1F1F0589FB054D45E02CE623B3823C317C601E589E22B1E88B448524B86A82828E32345EC18AE17214B42F8C41C6D428016D9BA31DDCB47572561E5A402E5BA4FCE55F78AF7268524AA04130F3A20BA5D1E9F9948EA48FC8F53
311
14FDB35E21898198060034ACE5E3E2BBCA34092518F275190AF65F45867FF0900AA4B81F25427414C372BF51DC29AA855C5428EE1EEDD6B849AD60F6E73475C2D2523F8A2772C840A478DED18A8C5C91B085F255DC4F54EA7AA8947354FD17ECF8FB3B4A0DE7B483CAF3A1165EE05BBA413E5C1FEF3DE1D6B8F2F3F3251C17
311
D9FCAB48A9AAF63AC773A0E413BBC46A9ADF84A566FC920E4D8C52C9769EE3301CADEEEDD92B312E02E2A7E35B7F1E7D203FE5A7D75578B06E99D0E46FFADB8FDA17ED8880390DA29094202D6F645F76F6F96409CDA05495A96E84B04A00D1A6C6C81D7F3DE9376E828CCF144EE50E364ACCE7237EA0BFB5607ED1AC3CFE73
311
794E5B61739D14DF1743441B1AC98F00ECEDE9E7301FA29755FBEFA68C91EF2B314CF510537EF1ABFC9A762496280B546F5EDAAF8A5B387D469FC9A878A92828C88608453ACEC6094DCA54111E7AD5B2663DFE2DD151B7F123B9F4FEF8EE36AB125FD7AD52A59B1B765B3E3F73E3F73DEA93875004D2AFFE3CDE9493B87A99
311
04DD052028949041A91DC0E1BA47BA714343FD5B25E0A6A09503AFC17C790058A836A324FE31D7893512E28230332F153181C1E018E1124EBE1BA262AA428A518237D1EA7275E48C5C561BD19ED6912EDD8367DA0F31E40EEAE9683DA9257525AEA7B632B97119E17145A90231768A4F3B9120FF32E8319B015E3CBE26F1A7
311
54177D8185345817C096B0CE443A955D13AC15E1FB5DEEA0239EC32A3C92241A237B0B02FFCB4F93CF2B02570C8D192E2F2A68CEEB42F12E6F8CEEFF46C251E22B4341C56FB08CCE550E7A9D6F4D6564B9EA52A83D5BF2C6E03FA19D2775E15A8A7ACF30A13C259EE7F5EF2AC3BA354F1500E1A07FC63FB4686E2F12EC6971
311
9F9ECF5FE3F35598DF2CE944008CE78F0911BA5BE5D0A34E0098FF038669C26030BA9B300303039852A8F6F496341737CA7E0D2E3AAA36DE0A70AA7D9CA0D54D9AD84B18A44C9E625475E1C97B93BEBB38DCE7D227E67A2D00F531436136355F243D1FC0D712C5765754FA22FCFFAE97919161F46D6E61ACB37D83777B3858
311
89770B50765B127768443A5C4D3A4E35A3151111F146B7CA116F918A049F1C272F2CD7976C69A0068773451659A97E0F4A08FE604C3FF6CE7385DB19F4D3ABC8A0D80DA8A42096AC377DB49382B36E270B6FA7570188B4B7D1DDDDA82ACA487CCA5D38BD3BD039ADBAFA4ACFF27809239B722081E2EB9F145320553D183F28
311
471C388BC8814E5045676767AB58A8E72D1CED2CA731379515D2E533E4CF0B39DFC625F97AC4836831A4DE330E87A8126FA17EBE583D614E71E22A8DBF2825599743E0640037303E8E1B1E8EA4E1ABFA4F62907B5E4E0E5DCFDAB417C36C6848A2B8D15F1E505434C0707E16B1CFC2A1C36A42BBF55734F8F4301DDC2A5110
311
CEE8C0747F69519265012A2174BF4E955ECD4FDE095A3ABC70536B7AD0B9D7892F81287D667C108703C9B66A221E9A0929D030008F77FF6F5D2108EF5706FC87A3069B976F7C9FC3239D13D283CDEA83597461079FEEE049B0F392889898B7D87D31F8D60ED7B56B91823A8E4EDDB36C6172ECEE42BD42B12CD67994FA0F0D
311
FAE9389356F4CD4425A4B8AA55CBF7ECD585C6A2C2316791E43D5C06841ADBB226A87FD61515FFBB0167B74E56BD7F3E90A57A97FEDCBDF483A0D6699A8C0849CAEB4947FAA90D8E332D9DEBD9F4738C37DA0CAF9CF3DAA68BCB67C420459C7A64498D6E848E5CADE92BB6901F607AA331104A67F7CD650EE169B1DAE94D2C
311
31C2F993632259B6957E246EFE4C5481107B07118607700040E5812A2A2A38DA0076875258C753F60E0F2662C748EDD5F3F3686B8FC3BD6FE631ECCAA1E8B1C1E565AD117E54893E79F4672E32F9E46B2A183DFDCF3EECB4D4D077DBEA0DA254D256045109670050129E9B9B1A9E4A11344D61497A992778095151510C4BB7
311
EF2009B63AA4360635312E4CF668B7E0D3D85A8688E2BD83B569439892ADB63461930D428E0DE42E4AC57CE48DA5CC1449530D8BD3D6A0F08DF20C8E8F570F2CFFFCEA286E30969B4654D498A58D9DA782E19FE3F002181838925592C4A1EF0B332D88B61A92C644547BED490D3A42CFFAB70E36D961F694F6307F72FF15A1
311
C79D5B1B5CEFD353D9E2B52566DEC8F8F09CB3E8359C0F68EBBB7898243E34E12A015B2685AB303C04D3A9E00671FF3DFF0A184E4A2ABEB2B666AF5B3A209C73D8EF29DCDB069C9F391EEE9DD0F74C7BCDE16F8F02E3B8816122BBEB50665775B600549D8BB33A54A6BF940C028118BC6878C79958D6784F9DEAA6E2674838
311
6FFAF8D0D0101E2847B6563F5D8DC1D78F787BE00E2C941AE12148D4A81599FE8F68D4DA5CDED75530ADE138240300EE13B0FC13A1687FED6774662C05A2B7DFB186732F0D7A93545D8B0A6390AE5054D9CB582DA846D7A061B3358B45E2B52DDE63E114397EDB7E09233A579155D795BE76102CF277F4DF8B188C4F2879BE
311
AE3C08347124BF9ED23B128259FE107D31E34A652F090B30B39E0D9AF917B76A2806135621A8A60681F16AF216514BBD02711585B5B1AE823F4B2D0369EA5B6BCB863072727FFC871CA6C9AB79A814D989057E9470A3D238BC87CBB4A0EA49AFE2B86F22E499793CAA9047080450166BDC357524561E258C77CB697F1ABB32
311
562CF87C3B7AA12F911EF19FB3E5C02222E887D08202A60A17151F5E053A86B437771088B4FEE14D652C43E8D939995D34545E12E2FF93D4E366EAD25F10CB7DED141563C3D0C447AF06078A91135FD4B9611583CB4BF3BD167F2399CEAB0E0100F8FFC305F00F1711717173138B4B48C83022295DE657EFEDD97F238ECA80
311
F528AFB4F8D67AD4E2594B9A3AA86D7487EFC313BA95745C186F0CDD84CC12DC9CB0424B42203D351FD9C0A3AF10CC7F388E0329279087386421F194F4A29464C1DEF7EF8BE515E4A199DCD5B909342598D8FE6A231F71336248D5CEC5454455C7BE383B3BC7B260FED27F703FDC39A170F3827239102F59D4DEE7FEF82EAA
311
1A5E4BA94DCC4CC44E7E2EDE20F24244E4454369D2E87C3F823F193FD4FD27E1C23984B01898D15ABC20711A8A558054951A6AE280096BA36CBA439603B7B0B4C45F248C14B2383B4B5CD8ECECE4FF859AD4A6CA2326D020EF090F4041D28DB66E5256B56232CC52829DE8060BAE6BBF37D4B7469B822454FE93210A3E8D15
311
E69FFCF01123222611C51C4FD0A041A0CFA2471CF6BE38D2B20FA4C3525B5B8B586759475CF80ADFE67A284AC24651E52B8E683D24C2622642F27E7C3C22783BCF63648BC398BD6CD0D9C97E7E7E3EACB6126DB7A6C1FD9F1031302EE67ED96F22B77C7CA0239BB324207559B105E4693EB26EC46182A92C9C0DBD24F29B31
311
C5C5AC1F84300E0E17CEEAC15F5736FA4A98971E2F1423BFCD68D4BBD5F86E74B40A369F39507C88FCDB35D2DD8DEBEA4AF999E23CF2816D204200DF6E611781B9884C1AC8888B4DE397320472959434323A5A36B22A8E1F721A270DF3BD65E4A31C11FF048AFB0D8B7B6881423793963A23CFCE935FC189ED36FAE35C46DA
311
3574C979E4394BE52084F3081837BE033396D2EBD80F1F691B273F660D2B32FA27A33B1DE4ADA5F0FA4651511102DFA410DDA86E065272CA314D5249DF91B06BB92807B28EFD54F08F7B525252782CD276DD02E6B0319B13DF87B1F6361AD6B28FC0D711CF445429B9E5A433CD493051C49A9E03DDB1B147D880253514A5DE
311
D88009018620EE229101C041950E2D8AA8E1F5F5438E0C0C0C60EEDEE9E3E0C051948C69F84BB7B2A48A1F3C8EB9E6864687F4F4F6F6E2FA87608ADAF9C5E117B7C1A737E710769DA1D15ECE6A84502AA855398712D5FB51BE92E4EF824969CE18278798AC303C2C7980DD2500ADF8FB1E6D6C2FAAFF9987178923334A2447
311
58BAA01A9A1B70FA5097D01E1CC2A58DAD0EC94CE6430AA9B0C10D75E3C6BAC670EFBADEE1607739CE0FC18A2587E3EC3058562014C64219C69BC269082D5C2F4A659278D585755912176D78A1B641719C2A394CED495A1AC5D583FD2F5EDD93308EA7EAE8A6DD396598BDBD3D4CFED62D18A5BDFDE0DD5C80D1A89BA62697
311
B131AE7CE9A6594138582F1B37D68F1749AC7CB67A70695D48A4A056AC1FBD4E82358CEAE38F54B95A9016F9000F9879C0D9D131768635CA798895F27D6F1614F11F2838A83611AA51C9A3DDB539D42979C29F10465655C17BEC3E2760B80DCBF609198C7B171A531905F3EC218D696025975E986C6B4C666666787271F202
311
805577DD5A3EF0CAFAF91B62DC4B2DB4217A7606282F31D8DDBC290593BAA93EA6353AFA9939B877978481E15CFC9F2755CDC00C538F63A4BA3E80AE009B73CA0185687D339A507D165B74290D6EE46D5C58148F020C3668ABE9EF2F7549170DC80DB41FFC1D678FF19AEB10C7133832B104B80F691B3138F97A92D26E551F
311
1F110400D45AC71A9B9AC41A1A1B1DAEED0B0810638EFFB511D46B121C6FEA0F38CD00E03CFFEB9713FE1F9C263E4DDEC160D0497FA9A132BA608584057FB15380825DE6C7FC3C667EE947D488A09898D8E939C4953BF4EC9836344D2CC6B2971B2A21A572B06096F4982D2CC7232D46E8EA69DC83722E267754D777F97F96
311
D5DA74E1E75178084D0E70F12AD33E5F71EF2AFA599B2BEBF60A5BE475F444F240CBFE8143C334E7ED9150FEEFEF7EB020C4DBED388DD1D6A167A76F3CBF119B578AE8CFA7736ACAFA4440A1C47185638A0D2F3EB5BDDEFDA958FB13CE4AA4923D5BF840392D45544329525749734866684BF7F8D9D54D892E19BCA9F829A0
311
F8BFCBEEA6CFDFC61D74EA1A645ED7A1FF241739F15694BD835B66FEC5677E40FE69BD3F91AE402F036537218A401CB0828604AD189E575015C6F3F6BBC8AC79CF6C70653847254B31551EFCBEB5978B9DB85D58D0FA41A9DFE9C624834AA04949D24B5AE6D299E072D152D12097920F14AA92C31C3B97E28B6C2E6E9C23D6
311
3043ECBBC0A60FDF5BD0C33C127EA8A3308B8B6AFFEB28B4455BF6E7AF4FC6222728357EB8E46E85053E6A8843AB23295BF838ABDA94658FEF3F832F147046B4ACD6F7D48E8FCC9618582961C898D1C7A253C91BFECBDA6BA18A1FCF70755DCCEE2222F41B76D23CA98D0CB3D95F0CF66D57FFF65E2A90F5DF40FC3187621E
311
981BD0BC1D992787212688976B94A8F0C6EF646624B570B78E068826F87CE27041A95C9A4871FF65CC17FCB1639629AD6A9517000D63AC231F3D741CB8430777E7ECF80CE7A3F73C0F162F7E56AA71F4DA80A33CD6ACEE78E2C11FAC03DAFCE929B106F8F6B3ED2DC71FF994BD9CEF4E9A94896EF1B6E2B7B4978168BCF084
311
7A3D2A4F1B0500B926E634B174548E9FBAD27153FB5FC36799B1E6C7C38A94E1F9E996796D7B485E635D5287A2AE76FBD11A341DB3F8F810385BB7296391973DC6C37C452A9305AEBBE0CDB6C566DB59FE60C8E94B1FD090354BF51439FFD1B48D725228FFA88C84F686F547107A7A235665A4593B7C34D748C1AC8D56DD5D
311
A861EEFBADDECBBD65117E65851F90351AEB65F0EFCFF4BCFEF24CB7A5879699FAC437A7AF9099186CF006BB923A59E37D7A36A29FD8D2CBB914A5E9D0A8FD212FBF796AE9A67958FF1D5D8B85F78F96219D4714EB919929241B6C018AAE0C02069F8D919961EC5DDFBFB7573E3AC8E08BFB7C8534BE6DE045B3CD63DBD71F
311
7638BA2309CAE398EA3A7D8F98BBBC7AEB367EFA5CFA27A9F8F2F52FE878058E6209C026453F8E7E8A237DFC389E9590F6059B397CFD65183BBF936E86896612A5B5FEE49DAC8455D026218AFEBEC12B3523A45B57B82C9C97E02ACFA1184DB18E48CF615DBF39C3CC6F0B4AE6BBEEA2E39D944E290302FA3DE33FA7E40296
311
E2EF7BF1CD855BBECFAD0FD622BEE9746FC4FDFDE545AE6E3BC234CADF83A0FB76DFB145BF3828AE3436368AC24989454F8FF70A177672C711CAA1A76107218CF948CA01F873520E7A2B118EBB161ABAD432932029628B6761590C98AB590C8C8C79798CE9F715BA696E839E9131A4BB68BE923F1747FBFF165331FFDD4D05
311
997ACD168F12CA75348DAC04C7F509FE83898A8B421181AF492861CE81E4A2DD0A30850CFA95E05F097FF70F9E777310D584A75BA7018922E271DAB1D785671157685B7D383D3E074DDB4F1E44EF04B07BAAC75A062077C54B9752C738C9D804D402E02851F3F89605AF189738C18C021D2139EAF72513824E10DDD3047BAC
311
C8521ED7E98B257D1166903B1B08FA6F918FD7E162913FEC7D0EF4787E29C35FBA8C6E2C9C20E9AB30AE42CA2A01A090E7D010C1B5BF9CEE2A304BF3A987FB40D836979B79E18D70F257DA61E808472DD85B82761825779D6B90CAEB0F23360C6F80A7D7D77545E95B3DFF0CF96A827F9B5BCECD2C9698718417EF80FEEDEE
311
938AFF55859D0D540B7FE09435583A6F04874A0C7E8CF234DF4879722000167F5872CEC6BF3EF7E5A8CC8121E6A359227C8A29C95212F9F735BC72A887D56B8F309FC525BFB4FD767AAEC4AEFF249CFBBD2DE1AB9969A6155C7D8DABC307E47324C1F916C7BCFF40ABA5644E9FFB9238D19ADADA49D9610F01ABBA57E4DFCB
311
DCCBB2B93C8953206C91DE01B0E2651A6D6C31721915B31F7B7CBCE55466F6D70402788FA91D73BE4ADCBA99A35F17D6B83383704917D6833F0FA3CD45C926ADB8BC17999A4A0AFBCE2541F7B8CF4C2F5FBA611B3E626D64407CB32C122DFF4EF8674D6EDBB86C8F7C6A16D50FA685E2CCA34F8F7D1D8265BB0042E9D7F1F6
311
66F7BE5FAA5184DF58E12122A42EF02F461B3F369AC746F96528AD208512AB56844CF75B97F352DF7995024FB02855385854F3798670D01CAC771AC3E1889EC25F61A20C1F8CAB46898817F9C47E2CDA1F286BF2F358298709FE567C91133E2638C8B53975E753EA8BFD3578B5F7186B7BF084EBA3F77BAC3132A5779902EC
311
22AF2D2E79F42D324E083386DAEE9810D1B44A5DAA54513C7A71E52A4AB9257D975B621308FE4D2141CC3DCFE946C154A3C1DFCCA7629EC69ACFA831634ADDA93C0388D2A9A2DDAFCF957C6995BCE7FBB6DC4EBAE79E63EB08E9A25F52F67076F7093CA545CA3053B5BF576DEAD4E0017143C5F759F32B2D6F145B52B67B48
311
909B7C7FCA6586EE385A2189C16932CB6DDFD9152AE317C430492A578ED27B72D85D40C7C93C097939E1B50F4D67F05334FE9DC362C30B7FF561B95259138ECFD9274C8D695C31B14D4EAA9F3D7FA8DDF652F8C5DEFA23284C799B7D94416DEE81E05A866302DC70192A5368EA65E1CED8BF107A1E2D3119A71E85DC1A7B0C
311
1E93274CE04DD0F2ABC8AC7C987FDB002B6F81757B43502EF7A0D92E416494FAEEA4C9C090CD9557AA4D532F4996A272B94355C5A0E4974EEA9627476F30809B94D8D8D860062E02204643BEC7D0438AF800FC7E2B26955D595421E83C69E1A07E0E3122285835F014AD538188CF9737CE76D464A353FA55A001AB2526B84E
311
985083693BC76FE211CA1D000679C889E3C009832C87E1AC2EDD05C302557422DF0800E316FCAC86978A371F025A6C7DAA9F333E7BD160403A1A06EA75AA9888FF01504B0304140006080800B59B284F28BB58AF800100009E0500003D00000044394333413041362D433744412D343230362D413933332D34393443433631
311
35363243342F536368656D61732F436F6D6D6F6E536368656D612E786D6CBD544D4FC23018BEFB2B96DE15493C78601010A34B880709DEDFB52FD0D8B54BD70DF6EFED3AC0B12E6442E2716BFB3CEFF3D18E26FB440405EA8C2B1992E1C323095052C5B8DC842437EBFB673219DF8DA659866649B798C078B48AE641012224
311
2F2A4994AC7F93815DF85C049C8564CA0A901499DD886B2EB9B1E02448F358701A9235880C49A0119892A20C89D1B9FD768815CAD268CB5E0355B40B1E47F3E37A2020464BED06AA57CE8FCC20C3C3446D46761A2632A8C1283D07031EFF2AE7CCB1BFEEE916E406DFAC8E36FFD99A9D60A6944090EEDC3B670C7DC13DE86B
311
6B2C5C240D6E503BB85ACD579D513F1B9F9A69DC9CC22AFA80C426D40AF0B21EA168559156B6276F0F726A6BFF04DCD513A87A62CAD41FB24FCB2858B3952E3D852084DA25B9303C15687973CC8E8AAE11DF2836C38C6A9E765E8C1BA1BFB1DC29CDFE518C8B5A7655A4ED7E77291ABEB80DBD82EC866ADE1B8D05AF9E35CF
311
09D7A061F38A986D9EC412B8F0F65E5D81534D9B231D1E5A8FE577A241F3A5FD01504B0304140006080800B59B284F670136ADA9040000B41400003E00000044394333413041362D433744412D343230362D413933332D3439344343363135363243342F536368656D61732F47656E65726963536368656D612E786D6CDD58
311
6D6FE3360CFEBE5F21F87BD3245B0E2D90F4905CD12E1F8A0CCDF5BE0A8AAC24DAE417C872DAECD78FD48BE3D44EE3B5C3E16E010EE75A34C5877C48911A7F7E4914D9095DC82C9D44835E3F2222E5592CD3CD242ACDFAE22AFA7CF3CB785A14C22CF95624EC66FC34BF253BA626D1BD488596DCBD8F2E6FC6335608B7F428
311
D258E807664080A98384D9E75E22F16B2CCF05D32CE502359492C878124DE31DBE89612BB196A934605E44F272A5249F446BA60A11112D589CA56A3F898C2EE16F6B136C595C7AC3C2FF076D3D808BDBC824572211A961A8D96E393F7AF5806BEA91EDDFB1ABFB769EB08DE8BCDFE27EF98E9DE0ABCE3BFCA1C54E8AE777EC
311
E2BFFC92A94C87EDE6A9111BA1ADE75C74BF391275D33FAAC5FABF89F1D33C9836CB3225980B2A479BE96A4FB3D59F821BCF11CF1FC55602586C7191D99E2C9C0CF2B8A662E3484E59466361985485D7E248E7953C01F19DA23B9D256461B6E09C40FF02D1DEA98C19EBAFBA4659184B7D47DEDF22E2F53DB017721B164F5B
311
845961697F0C699AAC2410982C385725A6361A500F59CD848221F103A8C1A7CA84A55F407794695C905C688E69B111550ACA946B9B4785FC1BDE0E229240B62665328986D5B32C400CEDD88188F35AC25EBCD40836F47F35E5C0EA4B6F767B50568CFFB5665C505E2AD5EA8A9997205F50A2350EAB32C9294B002410842995
311
3DF32C4D812E226658F78A490408362A94987E6F787DFCBBBABAAEDC36758ADEE9B58B41BF0F35D87BB1E991E02BF0B513748E6C0AA2EB2CE56EC68E97585643D82DE284E51DE03E4E22B00738761F1E66E1616A03EE093B0327B6BB9797262B0DCD72C6A5817ADAC1C3C0A3909CF6639B404D18B15CAF4B3C09CEAA4414BD
311
5F0723F059ED37048E7A64271711EDC9C5230F58FBDA5DE00DA512CF04BA6671A0D201A83D2EC81D2EB552C7E5CD1BF9D6913567B2CD53A659AC362A2B200B440195E2ACBBD167A32A86F7874F7F00686DB55D163481DADE5E417E979BAD827FC6B2B0AD8A6AB1567038E466EB4B10C4C2F3F71196A09260938125FDAB8662
311
456EAD68AB2F7C1DFF709C874887B76A4355564F017256531BF73D7D754A40E23401DA38EFC907CF8D8E3C1E5E7505D8E432C60BE1EDA01E5166683F169B6EAC6EC046153F66C2BE0679FD3F407982ABFA28F92E0E457501938D96B12090869079360D3F947CA8BBC3D9FCE1ECF3C676C9BE80EB67CABE004FC290F8E26BE6
311
A0371AD6CE66781C408A1FAA8CFFA63DD93A94CD5E1F3BA6A3DFB05B34E1247BB3949E3C332105035203136EA14AE89FF99E3E0B3C4EFE65C581A3A3D2D0EE84EFDB22B49DA31A07059E69B81628A8ED1228B63E42C3D840C3C01F460D1F331FE199821B03F22CCDB6DBF074B49566B12C3B3626074EA1B130B4596BDBFBB6
311
42A835954A9509E5769234228129889952870EEE13F494954AD7A27EAD09411BDEEC5B6B6AD752C11509F826EF4007E86281B1AE63750FD09DBA87A34EF4CE2A75F3E85960004EA6B519F4806609E8C91CD18380BD81691D9F2CB5730631E6DDBAFBC30E96D3E1D3D67EE8FB72BAD92AD4C1FD3CEDFBD2681858ED6583CA38
311
53294B80AF67AECFAC6418D08164D5FD1E52E8B546BCC77B87C6E9D1655FFD384FB26A28AADD82E04B9C64EBF78FFF00504B0304140006080800B59B284F8DFFFC99640100009B0300004500000044394333413041362D433744412D343230362D413933332D3439344343363135363243342F536368656D61732F52656E64
311
65724D6174657269616C536368656D612E786D6CA5535D6BC230147DDFAF08799F5FDB600FADA20EA430D968A7AF12D36B1B481349529DFF7EF9A85A718860DFDA73EFB987734EA3D16FC5D10E946652C4B8DFE9610482CA9C8922C6B5D93CBFE3D1F0291A6B0D26A3255464182D920FB4233CC629881CD49C18508CF000E3
311
EE309A100D61622AAB4A8A33B2483F11CB639C545B0E1508438C3D3C0361192846DB7ACD198DF186700D182920B914FC1063A36AFBEE8FBA03FFD3CC1D1F4FC9E151A2AF59F628C5B7821D83FDFD3489305080F2EE04BF962195FB285E9D2DD352320A9E827AE357594914E42B1F5FE35F83688F60C4C91A6C946ED0668E8F
311
244BC2EB0BA6E3BCCFC0B6A4B507F9F9F8D51EB315D9BA9E08D308E89F96931666E577837E2B4172199C68C4FE306156D47DF51C698C7B9D97FE5BEFE2190C3C38BB054E6E8163FB039CB4B993C80BF18D969203116D6BBD26238B821F9BB909AD6D9C71B85BCD8C33D66FEA3D31B4BC0AD45BEA46BBEDDFEC0F504B030414
311
0006080800B59B284F8281BFF851000000570000004700000044394333413041362D433744412D343230362D413933332D3439344343363135363243342F4173736574446174612F41737365745461626C654F66436F6E74656E74732E62696E53616060B03035347073B570D2B5B03075D635317032D275327335D0357272
311
3233727573357631361502AACB4D2C492DCA4CCC492C28484D2C4ACC4B4E050A82012F90744FCD03CA26072767A4E6260200504B0304140006080800B59B284FC55C663656000000680000004500000044394333413041362D433744412D343230362D413933332D3439344343363135363243342F4173736574446174612F
311
53747265616D56657273696F6E5461626C652E696E665D8CBD0A80300C06F73E4B29FE6CDD8A2E82A083B8B7F209014925C9FBA3AEAEC7DD2555D896CB85E51C2A1BD834F6A1F56EC4494C4695278364ABB24ABD2146F88CCEBB89D5321FF8F3F43D672A3B44DF3CB6A1710F504B0304140006080800B59B284F04D8E5E537
311
010000A20400003600000044394333413041362D433744412D343230362D413933332D3439344343363135363243342F4173736574446174612F636E782E786D6CCD94314FC3301085FF4A6489B1765218DACA718560E904121503DBD5B914AB8E1DD91704FF1E3BC9002A62EA50C9D3E9BBF3F393DFC9ED67678B0F0CD178
311
57B38A97AC40A77D63DCB16603B58B152BB64A06EFE907C60A071DD62C979992C7E0877E2E35D8C26073D51A779A8BF73122EDE160F1A97DF08ED0516485B61063CDA27EC70E380CE41B8C27DE0001AF78C0E887A0314D22D3E13C490704C286A96559AD17653AAB7DB5DE2CD79BBBDB372932A9E4C17B3BF3265D167C7FB3
311
2CF5742F53A5141950720866A6F26B98FA4B253F18274522958C14922B73077DF5A903FADE1A0D94CC135E13D22241089D1413ACA4C82EFCF2E2115BE34C6ED92569403E3C278118C8E0157AF29FDACB7BB37391C069BC6647CE355EDE8797F117BD4EB11C73737D6939D7C88D6B2F901531AE93149DBC5DD437504B030414
311
0006080800B59B284F51073486E7000000600100006700000044394333413041362D433744412D343230362D413933332D3439344343363135363243342F5265736F75726365732F38353130464538422D383835432D343042322D423645302D3242423632454645334433352F7468756D626E61696C2F302F636E782E786D
311
6C4D90C16EC3200C865F2542DA3121C976682A87BEC44EBD4C8CB8192AC108CCD4BDFD60E350C992ADDF9F2CFF3F5C1E87EBBE31264B7E15D3308A0EBDA1CDFA7D15996FFD4974170591889F30D1797DE02AAA2C14EC917268D286379D5D559DF5F726EEE8315AF311FC2E3AE3744AAB48E60B0F3DE8CCB461BA0F9B663D4C
311
43C444391A2C07D81ED80E98889A71136A1EA7A51F4B9DDEA7E53C2FE7B7D72BC84A2AF824728DB79E31527899474365F4E59F11640514E4681B554D08F5F41CC8B254903816FF0DE29F50201D82B3467389499261E4BE40A80F90FFB00259FD96F61746E9351BF50B504B0304140006080800B59B284FA233C2345D000000
311
800000006500000044394333413041362D433744412D343230362D413933332D3439344343363135363243342F5265736F75726365732F38353130464538422D383835432D343042322D423645302D3242423632454645334433352F7468756D626E61696C2F636E782E786D6C4D8B490E80201004BF42E6EE76F3C0F21623
311
4B883063108CCF170C074F95AE5473F5C4C06E932E4F28601967600677D21E9D8092EDB002539227A2FCCB80E1168D80A6417297A89C5D6963B7129A0D1E8F2EE73AA7B62BBEB8B27DE50B504B0304140006080800B59B284FBE89762363000000880000005B00000044394333413041362D433744412D343230362D413933
311
332D3439344343363135363243342F5265736F75726365732F38353130464538422D383835432D343042322D423645302D3242423632454645334433352F636E782E786D6C4DCC3B0E80201004D0AB90EDFD75167CCE820A4A845D83603CBE602CAC26799919AEEEE0D965E2E908050C6D0FCCE04C8BC355404EB6198129C9
311
2351FAD580A10E464065907C8D948F8F166375F655BDC3FDC3B4E530A176BE7057BDC43B2A593FE403504B0304140006080800B59B284F144E06B87E000000A30000003600000044394333413041362D433744412D343230362D413933332D3439344343363135363243342F5265736F75726365732F636E782E786D6C4D8C
311
410E83201405AF42FE1E8B580C0BC0048BF730150D294243A5E9F10B8D8BAE5E32793362F8EC1EBD6D7AB91824B40D0164C33D2E2E6C12F2B1620E685022C578FCDD008579B7122A0625B614F3F3448B5DE7EC2BF52E3C4EC8594B26C335E69C8DF84A34C5BA370453AD7B6A26D3DD3A568C4B55CAFC7A656B5E7D01504B03
311
04140006080800B59B284FF9765F670B010000550300003400000044394333413041362D433744412D343230362D413933332D3439344343363135363243342F536368656D61732F636E782E786D6CCD93BD4E042114855F654262B930335AEC6C18B6B0B0B2512B3B84BB2B59E04EF831FAF6C248B19BD869B109059C7CB9
311
39E7007CFFE96CF701211AF43319684F3AF00AB5F1C799E474D86C49B7173C20A6338C745E3A98499589E0C7807969928683CCB6AAD6F85313EFD139F4CFEA1D9C249DB232C699C4F548654EA8219EA89649D2810688988382322119076D820A20136822C67E98367D59DB9761DA8DD3EEEEF695B34A0AFE86681B6F7C8280
311
CBCDD82B2C5B5F0CF59C5540F01C4CA36A0A22CEDDD1D2076785103CA6505A6864FA5A0A2997C51A2553298BADE00F2338AB612F223F808760D4B566BEB0F76FA19FC06B088FE5A68291F65AB3FFE6F26F15B0F5079467503F84F806504B0304140006080800B59B284FE3603EBE7A000000C20000002C0000004439433341
311
3041362D433744412D343230362D413933332D3439344343363135363243342F636E782E786D6C6DCD410EC2201085E1AB90D9DBEACE05D09878023D01A1D34A8419C380F1F82DA68B9AB8FDFEC93C3D7C52546FCC12980C9CBA232824CF63A0D9402DD3E10C6AB03A3397DD192872090D3406ABE7CCF5B5D18893ABB1690C
311
F4DCF02282E5EA8A5BB96FFE536F285CB347F95BEFFE81C9ED5AFF9D5B1FB575BB00504B0304140006080800B59B284FFF1930CC7D000000A300000007000000636E782E786D6C4D8CD10AC22018465F45FE7BCB4DB30475887B91D1DC909C86CDE8F1D3D845571F1CBE73E4F0D9027ABBFCF2292AE84E04908BF734FBB82A
311
28FB826F80062D734AFBDF0D509C36A7A061D072CDA93C0F34BB652AA1D1E0E3E380A3B0D410C3B1BD8E06B39E706C04A59809662DEF2EBCB7AC1AE7A6D4F9F5EAB6BCFE02504B0304140006080800B59B284FCA1DF9C9A900000073010000130000005B436F6E74656E745F54797065735D2E786D6CA590410EC2300C04BF
311
12E5DEBA70400835E500FC800F84E0B411AD13252E2ABF27A55740421CEDDDD9B55CEFA7A117778CC979527255565220197F75D42A39B22DB652EC9BFAFC089844F65252B2630E3B80643A1C742A7D40CA8AF571D09CC7D842D0E6A65B8475556DC07862242E78CE904D7D44ABC79EC569CAEBA537E3521C16DF5CA5A40EA1
311
7746733E0B6615DE7217475F386F18B9481C510F1F021CD9FF027EA0E1F5C4E609504B0304140006080800B59B284F3DEE336E64000000790000001B0000006175746F6465736B2D64657369676E2D7061636B6167652E786D6C35CBC10E83200C00D05F21DCA56CA76D41FC96062B120735B69A7DBE268BB7777961F8D5AF
311
396893C2ADB70FE7ADA196782C2DF776D7A97B5933C430F15651E5469C55D70F80A4992A3ADC954792C525AE70A1E4D6AD9816CC044FEFDF01FE3FDE907802504B0304140006080800B59B284F12AA3528FA000000960100003700000044394333413041362D433744412D343230362D413933332D34393443433631353632
311
43342F4173736574446174612F636F72652E786D6C8550CB6E833010FC15B47703869486C838C2217C414FBD59C6A156828DFCA8FAF9B50395DA53254B6BCDCECCEE0E397F2D8FEC535AA78CEE00E72564520B33293D7710FC0D1D213B53628DF1BF689069BEC80E120C94CCD684758784D15EEA846A33C91DE4CE490F9978
311
C44F074E7CC885E73CF8C870F77CE5E2CE6799E37CE35112829A76A99AA29BBA296981D6AC657D338EA8BE5E0674E85F46C41AD6A22BAB58338CCD2B1E2EA448624ABC5A7EA60B2BB99713D0AAC42D2AE33BBEE1F654B5A743FD4E8AC4A4C4791B6FDE87A6EB80F669EB817B4E8AADFBC735ACD3FFAE41695F57BBEBA67040
311
715CF2D9A0A44829C5F28C30D69428FD06504B0304140006080800B59B284F94BAC6A3F50000008E0100006800000044394333413041362D433744412D343230362D413933332D3439344343363135363243342F5265736F75726365732F38353130464538422D383835432D343042322D423645302D324242363245464533
311
4433352F7468756D626E61696C2F302F636F72652E786D6C8550CB6EC32010FC156BEFD8C64EDD38C244218EBFA0A7DE10101725068B47D5CF2F24AED49E2AADB4AB6166961D72FC5AEEC5A7725E5B33002E6B289411566A330F10C315EDA13852E2AC0DBF685018BEA801320C94CCCEC67583843541998C1A2BD50672EF55
311
8042DCD33080171F6AE1258F2131FCAD5CB9B8F15995B87CF2288951CB4DAA6572D357AD1CD096F5ECD44D136A2FE711ED4E2F13621DEBD18535AC1BA7EE158F6752653125412F3FDB85533C2809B4A9718FEA54FB37DC1F9AFEB06BDF49959994F8E0D2CDDBD27C1DD09A544FF48F5B5CE5FF6E519BD0369BDB53E181E2F4
311
B9C70325554E27B54774A9E724E937504B0304140006080800B59B284F7264042AFB000000960100006600000044394333413041362D433744412D343230362D413933332D3439344343363135363243342F5265736F75726365732F38353130464538422D383835432D343042322D423645302D3242423632454645334433
311
352F7468756D626E61696C2F636F72652E786D6C8550CB6E833010FC15B477430C290D91711487F0053DF5E6628758011BF951F5F36B072AB5A74A96D69A9D99DD1D72FA9AA7EC535AA78C6E01E73BC8A41E8C507A6C21F81B3A4076A2C41AE37FD120D37C962D24182819AD09CB060D467BA913AA8D901BC89D931EB2618A
311
9F16DC709733CF79F091E11EF9C287071F658EF3954749084A6C5225A29BBA29698156AC61E7BAEF5175BD74687F7EE911AB5983AEAC6475D7D7AFB8BB90228929F16AFE993E58C9BD1440CB1D6ED02EBEC31B6E8E6573DC57EFA4484C4A9CB7F1E66D68BA0EA8BF87F94373359162EDFE710D8BF8DF3528EDAB72735D150E
311
288E4B3E1B941429A5589E11C69A12A5DF504B0304140006080800B59B284FA65E62AD0F010000B10100005C00000044394333413041362D433744412D343230362D413933332D3439344343363135363243342F5265736F75726365732F38353130464538422D383835432D343042322D423645302D324242363245464533
311
4433352F636F72652E786D6C8590CB6EC32010457FC59A3DB6C18FDA11260A7E7C4157DD219B2428314406AA7E7E2171A576550969D0E5DE39CCD0E3D77A4F3EE56695D11DE0348744EAD92C4A5F3AF0EE8C1A488E8C6EC6B85F3648B45865075106462F9BF18F5D9A8D765247559B45EEA2B0563A48E67BB87460E7AB5C45
311
2ABC0B0E7B4B1F62BE898B4C71FAF231EABD5AF6A85A42377556720356F0969FEA6942C5D80FA83C5513E2356FD1C809AF87A97EC3434FB31866D4A9F5873E6F5238B90023396E511E4EF38EDB03690F65F141B3E864D4BA2DCCBC43E374C09A0AE7D3D870D434558FCA9C93801B734438AFC9388DC55054347B05FF00FD63
311
F91FE8957605D981AF840586C3FF9F0F8C667181A13CB71B6A5C36FB06504B0304140006080800B59B284F86F65275FA000000960100003700000044394333413041362D433744412D343230362D413933332D3439344343363135363243342F5265736F75726365732F636F72652E786D6C8550CB6AC33010FC15B377BF53
311
370EB2421CC71F507AEA4D481B4724968C1EA59F5F2976A13D15042B66676677871CBFE647F289C64AAD3A28B30212545C0BA9A60EBCBBA67B488E9418ADDD2F1A248ACDD841848192C968BF6C10D7CAA18AA8D2023790598B0E12FE089F0E2CBFE1CC32E65D60D87BB6307E67136665B6F228F15E8A4D2A45709357890668
311
DDB7FDA919C7B4BE9C8774777A19D3BEE9DBF4D2577D338CCD6B399C491EC5943839FF4CE706994301B42ACA362DC2DBBF97EDA16A0FBBFA83E49149897526DCBC0D8DD7017D43ABBDE16849BE76FFB8FA45FCEFEAA57275B5B9AE0A0BB40C4B3E1B94E431A5509E11861A13A5DF504B0304140006080800B59B284F4B8791
311
6BF9000000940100003500000044394333413041362D433744412D343230362D413933332D3439344343363135363243342F536368656D61732F636F72652E786D6C8550CB6E833010FC15B477430C290D91711487F003EDA9370B3BC44AB0911F553FBF3650A93D55B2B4D6ECCCECEE90D3D7F4CC3EA575CAE81670BE834C
311
EAC108A5C71682BFA10364274AAC31FE170D32CD27D942828192D19A306FD060B4973AA1DA08B981DC39E9211B9EF1D3821BEE72E2390F3E32DC239FF9F0E0A3CC71BEF2280941894DAA44745337252DD08A35EC5CF73DAAAE970EEDCF2F3D62356BD09595ACEEFAFA157717522431255E4D3FD3072BB9970268B9C30DDAC5
311
7778C7CDB16C8EFBEA8314894989F336DEBC0D4DD7017D5BF674A4587B7F3CC32CFEF70C4AFBAADC3C5785038AE38A4B8392226514CB1260AC294FFA0D504B0304140006080800B59B284FBCD3DCCB00010000D80100002D00000044394333413041362D433744412D343230362D413933332D343934434336313536324334
311
2F636F72652E786D6C95914D6EC3201085AF8266EF7FC70D1126B29C2374D51D858983128365A0EAF10BB5ABB6BB5642023DBE37F066D8F97D7E90375C9DB6A6872A2F81A091566933F510FC353B023973B65AEB7F60408C98B187240367D36AC3B24BD21A8F26A9C62ADC45E11C7A20F2110F3D3879C359E422F848B87BBE
311
08791713E655BE719C793D7F59E58AC2A3025E9715CDCAB88ECF153DD5F4D4362FAC482467411BDFD4FB6338BFA22276F13112F043C38AED3A6241AB1DD22A7E525F35AEC02F746C8672E8B2F1E932646D5D76D9409B266B693B8E5D75E8EAB18D45A29933E7D7D89ABD486AC25FED9BF157B4B0A87F46DB1C0E78F51DAA48
311
7DE6ACF81C42DCD34CF807504B0304140006080800B59B284F429BC06D08010000B201000008000000636F72652E786D6C8D50CB6EC32010FC15B477BF53378E305188E32FE8A9376A8883628305386AFFBE1053A9BD55425A3433BB33BBF8F8394FE8218C955AB550A43920A106CDA51A5B58DD35D9033A126CB476BF6480
311
149B450B01068247A3D7254283564EA8802ACD450499B5C2011A26FF69C10E3731B394ADCE2BEC3D5DD87067A3488B74D311ECE4FCD33A18C19CE040CABC6892DCBFFD5BD11CCAE6B0ABDE71169404AFABE4D14A72EF2EAF521820156DE8A9EEFBA4BA9CBB64777AE9135AD326B9D092D65D5FBF16DD1967A19960EB8CDF39
311
0EF1391DB2EC117C71B651047F683D45810FC59156D317901C6781F8137A5DF83F424BE5AA320EDC3A2C90C2077A12DE385CD097E7797D0DD726DF504B01021400140006080800B59B284FBE2A1D6227010000A80100004F000000000000000000000000000000000044394333413041362D433744412D343230362D413933
311
332D3439344343363135363243342F4173736574446174612F446566696E6974696F6E4974657261746F7250726F706572746965732E62696E504B01021400140006080800B59B284FE4478054EE0000003002000045000000000000000000000000009401000044394333413041362D433744412D343230362D413933332D
311
3439344343363135363243342F4173736574446174612F496E7374616E636550726F706572746965732E62696E504B01021400140006080800B59B284F88E57597CD3F0000904100006B00000000000000000000000000E502000044394333413041362D433744412D343230362D413933332D343934434336313536324334
311
2F5265736F75726365732F38353130464538422D383835432D343042322D423645302D3242423632454645334433352F7468756D626E61696C2F302F67656E657269635F706E67504B01021400140006080800B59B284F28BB58AF800100009E0500003D000000000000000000000000003B43000044394333413041362D43
311
3744412D343230362D413933332D3439344343363135363243342F536368656D61732F436F6D6D6F6E536368656D612E786D6C504B01021400140006080800B59B284F670136ADA9040000B41400003E000000000000000000000000001645000044394333413041362D433744412D343230362D413933332D343934434336
311
3135363243342F536368656D61732F47656E65726963536368656D612E786D6C504B01021400140006080800B59B284F8DFFFC99640100009B03000045000000000000000000000000001B4A000044394333413041362D433744412D343230362D413933332D3439344343363135363243342F536368656D61732F52656E64
311
65724D6174657269616C536368656D612E786D6C504B01021400140006080800B59B284F8281BFF851000000570000004700000000000000000000000000E24B000044394333413041362D433744412D343230362D413933332D3439344343363135363243342F4173736574446174612F41737365745461626C654F66436F
311
6E74656E74732E62696E504B01021400140006080800B59B284FC55C663656000000680000004500000000000000000000000000984C000044394333413041362D433744412D343230362D413933332D3439344343363135363243342F4173736574446174612F53747265616D56657273696F6E5461626C652E696E66504B
311
01021400140006080800B59B284F04D8E5E537010000A20400003600000000000000000000000000514D000044394333413041362D433744412D343230362D413933332D3439344343363135363243342F4173736574446174612F636E782E786D6C504B01021400140006080800B59B284F51073486E70000006001000067
311
00000000000000000000000000DC4E000044394333413041362D433744412D343230362D413933332D3439344343363135363243342F5265736F75726365732F38353130464538422D383835432D343042322D423645302D3242423632454645334433352F7468756D626E61696C2F302F636E782E786D6C504B0102140014
311
0006080800B59B284FA233C2345D0000008000000065000000000000000000000000004850000044394333413041362D433744412D343230362D413933332D3439344343363135363243342F5265736F75726365732F38353130464538422D383835432D343042322D423645302D3242423632454645334433352F7468756D
311
626E61696C2F636E782E786D6C504B01021400140006080800B59B284FBE89762363000000880000005B000000000000000000000000002851000044394333413041362D433744412D343230362D413933332D3439344343363135363243342F5265736F75726365732F38353130464538422D383835432D343042322D4236
311
45302D3242423632454645334433352F636E782E786D6C504B01021400140006080800B59B284F144E06B87E000000A300000036000000000000000000000000000452000044394333413041362D433744412D343230362D413933332D3439344343363135363243342F5265736F75726365732F636E782E786D6C504B0102
311
1400140006080800B59B284FF9765F670B010000550300003400000000000000000000000000D652000044394333413041362D433744412D343230362D413933332D3439344343363135363243342F536368656D61732F636E782E786D6C504B01021400140006080800B59B284FE3603EBE7A000000C20000002C00000000
311
0000000000000000003354000044394333413041362D433744412D343230362D413933332D3439344343363135363243342F636E782E786D6C504B01021400140006080800B59B284FFF1930CC7D000000A30000000700000000000000000000000000F7540000636E782E786D6C504B01021400140006080800B59B284FCA
311
1DF9C9A9000000730100001300000000000000000000000000995500005B436F6E74656E745F54797065735D2E786D6C504B01021400140006080800B59B284F3DEE336E64000000790000001B00000000000000000000000000735600006175746F6465736B2D64657369676E2D7061636B6167652E786D6C504B01021400
311
140006080800B59B284F12AA3528FA0000009601000037000000000000000000000000001057000044394333413041362D433744412D343230362D413933332D3439344343363135363243342F4173736574446174612F636F72652E786D6C504B01021400140006080800B59B284F94BAC6A3F50000008E01000068000000
311
000000000000000000005F58000044394333413041362D433744412D343230362D413933332D3439344343363135363243342F5265736F75726365732F38353130464538422D383835432D343042322D423645302D3242423632454645334433352F7468756D626E61696C2F302F636F72652E786D6C504B01021400140006
311
080800B59B284F7264042AFB000000960100006600000000000000000000000000DA59000044394333413041362D433744412D343230362D413933332D3439344343363135363243342F5265736F75726365732F38353130464538422D383835432D343042322D423645302D3242423632454645334433352F7468756D626E
311
61696C2F636F72652E786D6C504B01021400140006080800B59B284FA65E62AD0F010000B10100005C00000000000000000000000000595B000044394333413041362D433744412D343230362D413933332D3439344343363135363243342F5265736F75726365732F38353130464538422D383835432D343042322D423645
311
302D3242423632454645334433352F636F72652E786D6C504B01021400140006080800B59B284F86F65275FA000000960100003700000000000000000000000000E25C000044394333413041362D433744412D343230362D413933332D3439344343363135363243342F5265736F75726365732F636F72652E786D6C504B01
311
021400140006080800B59B284F4B87916BF9000000940100003500000000000000000000000000315E000044394333413041362D433744412D343230362D413933332D3439344343363135363243342F536368656D61732F636F72652E786D6C504B01021400140006080800B59B284FBCD3DCCB00010000D80100002D0000
311
00000000000000000000007D5F000044394333413041362D433744412D343230362D413933332D3439344343363135363243342F636F72652E786D6C504B01021400140006080800B59B284F429BC06D08010000B20100000800000000000000000000000000C8600000636F72652E786D6C504B0506000000001A001A0021
311
0B0000F66100000000
310
504B0304140006080800B59B284F000000000000000000000000370000006662782F30393842353544332D424136362D343638392D383437442D4530344136434139334345412F617474726962757465732E62696E504B0304140006080800B59B284F000000000000000000000000350000006662782F3039384235354433
310
2D424136362D343638392D383437442D4530344136434139334345412F76657274696365732E62696E504B0304140006080800B59B284FF270F1330600000004000000360000006662782F30393842353544332D424136362D343638392D383437442D4530344136434139334345412F747269616E676C65732E62696E6366
310
60600000504B0304140006080800B59B284F88E57597CD3F000090410000420000006662782F30393842353544332D424136362D343638392D383437442D4530344136434139334345412F7265736F75726365732F322F305F67656E657269632E706E67355B773CD4FF1FBF73E71C0E67EF7576C9DEF3EC995D46C6A1EC50
310
46649CBDF79E192942562825CE965D8A868C2842C8DE9FDFD1F7E7F138F7078FCF6B3F5FCFD7EBFDFEC41B196891913091804020321D6D7513FC77D8C5070EC3FFEE51B21F068154CC75D455CC028A3EA68992803810109FDDE5D5CEC5521B28A1B422BF80741695D5B529DA1C2D058AD2388BDA9F476F7C2CADC939304173
310
DBF48A452BF8A700C0C70C3D121C1AA15A5270C22E2B9E28763651F7DA0D12CE11077B2ECD0D560B5E3DE2368B1E65C5E1C87384A4CC5F2D9FB8BE39E9B77C753783A37998F5CEF1B4FEE553463245C9712270880DF339E0B882A6BA713D865F6F384C842D440934EF264F4A304F8DE4EEFA1E2BF5E2D91F5ADD9613D6E31D
310
DB33ED31DB1D7916CAF091286EA3D31B9CFECB78BB0060245B943C4C040119FF780A74DD308BA9D028678674EB5504ECF284EE814DAED07440BAF649BE4B55DA2890F4D73E2D489A59EE54FDB0A85B59F2F52C4858A02705C4815A792B0C4A996A2023ECB195073E115E3E3647F64243A8338F2000BCB58DA5692C7E7C3D41
310
3F963FEDF3CF00FBB0F831A9D51360FECA43819F527B89FA260EB63C5DA676830AA3626A3693B23F1A17A0DFFCE3EE164E31B5365EDF0C89EF64D8E38AB0BA9A1117D7C3A0EC44F44F4023095E80BA610DE336D0F99593A88BFC5306E72DF98F7FD132ED95878DF2964EA7E43071359FD83B2BDF9C6B5BDF768F0F3C0FC351
310
199526F53D9460A34511F75D1B63E488178569472C91A94497807A3FD4A390C6558F26D416365C3656DE6E769DA9D8FC73774E1709812842DD8EF96AED1960F79D21B395CDDFE6F92CB4EB962A4668C76990E2EF29798C8941D67DA50F4A5F947872460F1F6FDB794E8A29FD7AC0C0D6E0714339CE258FB17AE8535221E346
310
4A10F29A0BE5EEECEFC5675926A89F49EB14E5711894F6586DB5754EB4D5DA9C6437EBA57DB97A24F8B8A8DB295FFD73266CF57E82694DF5166DDF93573AFE9C9C5EB05F8FEF8E89E0A8917B0B3724DB7BEBB53252581EFC3E38166BA131A3A5B42FE2AD00A769BBFA4458D2DE7822F8C4F63D0B8E21B285AE13325F3410A4
310
35C648C9D91FDEB109E73CEDA7BC796961AF79175E1A3CE4C5E8B0D009B0C9E29EFD98BC8E97554E3D8D838424E270F7685226E5AC268E021EDE3522D583E8F20C0BDE2959EF5BBFEEDAB32FE9A3ED0E39F211A86AA9DEBFC68182EDED132AB8BB794442D2D7EA9F4D8BFF52BC4D55BB165124EE90A42D101E67BBBB292FFB
310
4F66DE5BF2300E44546757DA7CEF8932BFC9F92A0707953491A55C5A5ACEDABD9FA1AEA01BAC3DC5A24E22E7C47213493996EFBC369D086ED9397C9BA6C7F9855C7BD5E15BFC8C53DB3D2A4C5901A57ACD2FBDF4D1676E95338B2C2BCE65FDA4C64F5FEFDC7D9CA5AA1FCF11E193F2FDABF0F4916BF13FB916A224380E6462
310
A9815F2300DC49CC4DF8D055CEF76462F4B7A7ACA7365C2707891370BC1D0AA6203C44CCAB47084FEC057F27FFCD57F89B8B9852459798A675C66BD7CE572CAF71FF7E6D7ECF7BF62CAB7B3F1107DCD04DC55A3F9961700286141C94A4F771FEB2BCDA2DDEE0CB0BAE402FF1DB0100F8E475DFFFC074DDB4498AB7D186A765
310
4DDB1CB680D703D47CEB4E72F8CB13D86A4AA68116E26387B93FD6738779B34FEDB8E517EDF2BAF28D9BE93A1D3A164320E07D42E514725C29515FF361754213EDE06B079A2E99EB1CA82A02019EADEEB87B9AF005BD04BBCECB14AACD6B24EFBE482194A97DD32400685FF1FEF1544D1B14EFB1E7F08E6D2CD2AF52DE757F
310
35F5E62332EE88EA26417AD5C3E0E319D68F25414E6D672BD4522B278C57D18F0113921C71D96527E091F00CEB15AE23D24667369BD3CEFA10C7549D930890BA4366F4EBC55F01F746109F98ABCDD5A3EE06619C6AD78AB33E48E4C9BD21BF7478B385EC05C4F8987E2C1BFA0A60EBEDAA0AE0B015C2720ECE180FB6F2DEFB
310
EB822D96338C9B63822183BBF52FB664A7AE57003AABCE512BF77E7E31BDA2E739AC4C131657DDFE5225E900FB56CC01CDE808FA4A9C9DA16AC679656BB64796283D89812B8F91136AE18EE5EBBAF47A73BE3C153EB5D4CD491B4BFB4FE690A4CF9ABA08C0D8AA64220C438C96EA6CA80B58FE5761E697B3A292EB9FBDA502
310
FA863E49FE694ADDFFF9D62C520BDD1A22014147A0903A05B9B729F54272EF83931FEEC057BFF8C8055C279EAC5C0011804828734024F6CFA319C9CC6867C727184465CD9BB7ED386AFFD96B294A85E3802FAE47244602D8273615952B98C4F23F7EAE4463D9D638EEE374A20959E0FE519C4CFB0FBFE5DD80C2AA3F9DB961
310
D1BDE57E67C9BB47B77FDD74EE3094F5DBBE3EBC1FBDB7393F5116263009E2EFE1AF9A221B2AE234C902BF70E9F280ED23E73908361565964333A3F01D0B006AF32FB21AA1316744B489D5A198E85299241735BE559675130955C902A8ED761FC0DBE337A9F91919AF5CE32AF902ADF9AB2615E00E8A94586BA1A90839B618
310
32FF1BFB76D2EFADE6DB1BA04CCAD3DA649E7E2A0219F592E22F2AD54847EEA8E42271011E9074F8F3DD9FBA6CDF88FFC9FC7E811AD1CA8F4557CE4AFC7BBEDCF0114A48689F20A584520C74DA8127124B767E2FB91A6B186246727BE63C9445BAE02088D58B8EFDC0F1072407CD9B89A13F6303B4A928F593AD489B58E686
310
9325790ADC406036C591729FE14021F94B7796BB11848D463536A092A26F077F94639F7CEEE2A724C66EC885F4A24F8B8A0AC321F8FD149BA529460FAA34E4663C02D41FDF80BCA222D42F0ABFF8490F4FA74C673807C2051D8E467B47B616072860069A9A303ABA9B319D58404461401B0A0F9BE5E1E151C14BC33B32ABE0
310
3DDE91708DFAEB15E7C0D593C86BB7D7EC17BE56E57975F077BFD5525F3A1A361D584A75E08CF29FC7B44B2B3085014F3A5A14517377C3F6B8F37E59514C3B12F8AACDEDDA4DFC49BE5710101534CD6FB6DE15B50F11A09472AABA727F0C49D9CB906B158030065F48EB3625E010CEC1D511D0053474B11E6A4F01C0D6EF1B
310
ED3A944FDEC70E0DDCDC756C86545910E0DAE3BE3AA9A404574C2995CD5CAF9549226BC94B4F4F0F5F9086F418F6B32346464610D8BC7391D3C3A3CCF04CFC1FB2A3A3170E369511868F14EEA4E5E438CC73DB1F3248AA94B6B2FF33B222FF3D1E7BF146CAD229770158063BCE4F5391964DF62F7E52A7BE0EEA829C9E13C4
310
C147D6F93FE59E111DAB5E4594D6F3CD1AD375EE039930EFE5AF2BB2D41C83C7DABD8C659BAFBE8FAB392CA634F3D15C1D945DB4588D2B0824A4EC928AAC565557CA2F0DAA588CA5BE30B3A8004F7BF005E96CBF891D7F18112A3619FDF530DC8AA64954258E1811789B5189B49B4EB53F5F89F7D37523894F3EB57B373763
310
C91E502F52CC99EB7BDDF933FC324C4FFC2561DFFA7339FAFDD0A4BFBE6D3A8FF9ED1FC49898139864602458968913181918F719CCF5A68B2EE9C1FF050E34E63107003B8120FA982C21B30A874E4F5E4B38D5A8290C4B8D9BE48A0BE31EA995BDC37AC6DE90BA17D259DEF53605D55922FEB1855D915B659FBEB350EE0DFB
310
2F9F766E1C84CC8964B75D08667445EAB966015F63A18A9E0A325C1B3DC628C0D3CB60F767FA93CC65F25458BD23C3B312716E5F40E5858AC06EBA9AB14F95DB99147B832069201541D09A0D856E12C629CF32683760EE855537D1901988D5EBC156676C7DD51D7207CF3267AF1D76C2AD867315E44618015313A98B19941C
310
696FED3461CAA9B5415F918556D7802EDACEFD6B2E45853A9735DFC9DBF7E440F9319F8B6805A973BCCDC76C069A9144E51F187EDCC12FC31B5DEAAF0A76137199B106EC84ADA6B6EE697D4E6A96E007417F4E880E8B1E89B4BCE9D81EF611E2ED8F0C1A6C25F620FAFAAB656A7C42D464880E8AFAB0E0FC8EA38CA9A8AEEA
310
EE3E4648BA4680270A89743CDD3E6C6CBF34B7B640EFA285ABC7EA0A1E28F3CC963D114A80123EE66D0AF7D5380EB41909B605AB4765B709B808590458157E69BA1378FEC4B48CAF6A730E3BE3C5EF2DD1A5EAF94B1DDE50CEB55DDFD7EE9A16747FA4B223359FB1FCC69E1194892BABB93A1D5C4E807AC0EA2E30180811E7
310
7A2291F6E7F7FAA5E0F60215BC6024E48DE436C511F0628B8CA189982D4D83CCA17D305A7E923C37941CFDFDCD93ACAF735EF5F0E61BBD3E6C41A59B242790D3A3BAC7064DCD89AA2E37214EC839820949D5CAA31E240D2948E48F690298974A96BA9A8432BC90F5071D6537C9666EA4564796B7AFFFA548077BEEA75F6308
310
3435074BA182F3699557397F71548383FDA8CA34D99B981E72835ECDA5DDDC151315173D05A21F651AAF8524E88209E2E7A737ED1045800CE3390050BCFB8BE588DF111617874C62575039CA588EEFDEFEFE319B739DE2EDC147092A262611E159650E787917885EF08F1F51B8F2D8A71D60B58B190FEF9541A1BE94BC19FE
310
A50784DA1419FE4B0FB51B8D36B5FF8E1286FD8AF42B91E59A5F1CC4D60174E764045FD8C57B18209B217F89A62252BD20BE0E63E12B8E8F029FE19E0E8D0870F58721A557082250D5424F7909369376E41666C0EE77CD87CB283F661D5FB6D0DA023CB67320A20DC7BE661E9E1BFE5463085C557DA1FF9BE835733766C3D1
310
39F2CF9E2208873AD0EB4814DE9E6BF2CAF81614D4D43906ED1C05A3265CABBFE192770FC2F64F940CB6B17B5F166F133C9AEEAD2641807C3E69515171DD74C4A85311513D6EC9530B3B601B6BA3EBFF3B5C3D2F7D69765141E345F75433953D013ADDF8F6AA7DC3F4A7563FE5C7D367937E2900D7EAD0F9FC9A4A1A9B5BDF
310
1FEF08532660C01C5D6DE22199AA774383E306DAB87E301ABB7D213887F9869D4942D0D71E94B27EDF216A318BD488D45DF84529EF575AF3C3938C0AAA0215B01994153E2054A0B894DA5C784980633AAD48576957CF4AEAEAFADC7C587368551C73DBE1E57C58AC713303A8BFC258BD04B51724459FF9E24C03A81E0E0679
310
CEB9B348C0DC998FEB9C6D6EFA77D247CC8F92D3848599ED89A23218D0636465AD1CEEB7DC140D7426F83491C4E8E8281C2FB35240918FFECE880CA2A42D70E8B20B34DF5221C7DB0CF90ECCB9C745B37A47E9B716FF7A97B7A252C1F3814DC7B1E1A7F72B8751D524EF7CAE45B0C73B3BE7D08ED39781B380DDFC9AA4A474
310
9C9493DB5BAD07A6EA6C092FBD0E85DB004DF06B8C9D3089C5320187E4CE1846158C7EA7DDAE8AD9AFFF21AA3A1026BB06A259845E8232DEE62811A4DA9CEAB3A4887320B76E2AE5615EAB7BDF738CBDD01F1E64064BC13D9EC53576751CA8CACD58B3CEB0E6CA585BD089B2A59B9FC101403387AADBDBE70586B93D64BF3A
310
D4453EF9C3B6A93817E8346991798601344F79A83C51F3D50F7BF2683A3605F51A72449489E0EE6169C749C60B1035651103AEE24D24E51A759C840DD3FC6504DA6FE107510E447B43461C79D22970B75DE5E1BD3007D1AFC619A4A4A69B5626AF5E9B8374E20677F77E2F8E73DF868E8BEC7EBA7B6A75EEF7205E1AB9486C
310
B642741D6E03FF13FCCEDB1C4AC129886268B01CDF4B124AF797CF784F3C6DEC97A17D4B558070A0F1C04DA4FF9BDBF34159AEFE958479824B3F58EBD1E19088A2AFDE501B6F2052368A3FD0E650A179EFAB1561E1D27527077136E652676C3670F42DCB3352F48F6BC86D2C3B0051727E41A0A4DC6CE2BE9D47F5CAA2935A
310
3C0539AF080665997194ABECD723B08129CC5B6B21D2E7D54CD4D12610E7E9FB8306771A89576C7A982002775ED44F3F744CF21EEBB27A631671D921938AAEE3EB0D19CD1E083727F607823E817BF599DCED5394E37EEBC2E88782E638920CA641EF74D4CDFCDEF06F4278ECB18E31E7E9876F2D783C8BF429C75395F57E98
310
C2B495A3DA077EB3AC3C158608B6B57FE3EA48484D9A480096FCEE0DE880950E7E5A5714131C5C41AAA29FD19AE81AC145FA1B9E85C7169A5AB837B213493DF7E9AA4B5FBF9CDEB36EBD21EF1181B7CF7366AB2A951D01E37AF4EB835D1BE8C117CFBE7625D2EBCDB0B20C5A4B45CED0BCDE3EE8DA9DA78C2E21DEAAFFD119
310
7E463C33CC6A80FB785669B856EFF7A8CCCA2841B5A5369173320B1170C368B2748D81062EA0296E5E2D95D7667A4A46D98A6FF475C76AAB0A8C8D45E226FAFC9FE0133EA9F60111F99CA81ACE03A1D14C89E8B0D69079C91464FA1D99E651D0EAF606F345C42A8A1AA9BA391031582B96D5B4176A77AADB01F12FD298A75D
310
EEBB2C82F0B8650E880722F8DDD90C56A7A058E5FDEF1AC93545BA27367C76F5D8F9690CB6F8DAE141EDD7971F0FB548A2AE435F224D6E5954CA155512F7332029D5A1230854B79F258EC5FFDB09F5F6343A8EB193229B7F7E79B3E48F8E183860B38C8269D1B53738FF1E0BACF6AADA6D4869E9DE708E79B5DADCC09B1BC7
310
6F649731CFAF59A83FD8BAE4C749D66FA87A3810D4D62FFE826FA400C0F325D2BC0F3CA35F5847B82A2ACC7961745C823E4D863D54460AF792CE6F79B5C7A33B25C3AEA6CDE15A919B6367D781E9D44F61BF828672594A3E1D9EDD6DF179A81F27EAC05B936575D73E05C209DDD2115CFB705DF9BBF3C911589B3640735E9E
310
618FC9C36A7326C82B2205E244C55D56FDB9D5DC93CE958D4BF8174D2B3DA54CB3C09F2C2A6DFF73D23B2197355761AD421EC581284A7EF8DE2CE3497C0C804D49B41DFD6A7360844E5BEFFB495CFCDB97A4595911CDBA623274CE852B5E278AF0BEB1770E9D37CD977B2766A7DED0E94B840E1E95E8C77DE5CB6354AF7871
310
427C28ADBEEF7BA0A28E19DE9ACD75F379FE373EAE6DDDAE3834692F9C2B03B4FCA8FCA9ABE8EEEBEBB725B88A7C90941E850682CA04061A7DF0CE82ED49BFAFFD42C309818FAE14755CAAE78B0F73243ECCCAD7DF58FCB9CDFAE7A4D3E6671A613639130D056C8383C8F4FCF4808C331E544DD26E4755D09EA05253B3049A
310
1E32587CC25D72E073E2CD96D04A71BBCB0038FEC3F53D254199C3CDC67CD66640269431860225392B2CB3ECD0B4498AAE78BA1994246AE1EE78F2EDFB79F6C6CB6B5E279C4D373FBC21CB2698C9ACBBEB6A4BB6B39E16AB0E421CCBFC7654D81ED86022F9BB522146F9F4772E2D0E4FA70120C95A85A417BF5078B232F475
310
4363EB1750B2AC2148EB46B1EA72AD9B4D23ADCBC589D70106C3EC2ABEEED84DFE28E718C6C83502C28E9FDD3B09DA0A6F6F7B72B706A31C9E2A331EE70DA56A083D2177BFD63C55B11D8D949FAFCF90B23A1E24B9B5018B9A17E99F2890EC302F330FE7936E2C23F0D237EC8916F5166AB84B62A21BB0B950146962D754F9
310
2CC2C8877BED8FC7B7B25726DD19545392570B3A2C66B58F027BEF412E552D12A588C4A3CC5C3193FCB3485EFFF700D0B9EEC077754A33DC1FB9E25AF814628F91DDFECB667D3F7690803F38D13F8AE39353523BB08FC6760144AFA2CE28236F65EDBB3D5F59A57D612B99E3D7E5F8A851666BF9B5A6658EFC96EEB37A378A
310
BB0EB3FDDF1303AF32C41BD1C8560745D7BD81066B0D6313359CF488563D3BA3F8E2185D1FAA3EBA1397C9D0E3DD232180A4DCADB6AF25DB3AC3CC26589C8239E66E81547BC7E2F328F9884764CA37EB5DBE390DFC03A5246B456A7C3684C4377D0EEF9A350680FA9A077E8B2957B489E09AB1AD41316944C2254B5984830F
310
691C93CAA767EECF976FA5647538830B5E63236A6F0365C1E0F3E327F24FE35EDDBD7360B0F7374837409F7A6311BECC12B7026D4FA1AE204FA3F5FE904B1F420C7A9044AE58E403E7C4848E7DA25DC9EDAC79DD756FAA26B9EA83ACE8A214A2612A22AFA19DAE7DBAC5F8CDE1292A485F98DAC731A29FE01A3966E96BCB9F
310
B5A4C8830E1B9AF0C54B87FBE221A097036E5D28D1F869F810C06A9BB0AC0612F69AEBAF893C6E7AD59460208BAB3A6B09CA4F6BDDAB8CF0D1F84B72487498395A70DCD754796E271099A567A55CF242BBED64696378BB6CF25EF0FCDB589F3A82F1116D010A9AB9FA4358809EE0C973A2B4229BAA876A70B03AB49CBA7FBE
310
71DB1832FFD32F9BF2C8E98075CACAFB36921235D0F552B6A67E94E094097A5D7DF681B40623DA535ADA7A9AD8E9A62407D7C9A5AE51D62A17A83A23728DE86BB56115804D3F2675F2C6B87541A0FC497BF0CA86420F558C9859EBE9FAD62747E323E3AADC03FDCDDFE7407B09DA90B44E3185723C5381EAEF589765E2F7A0
310
99BA46695BAD60CEF3491B8A171F5F56444F7CE9455312C3498C74173AEA0214EC029833B34B650CBB5A5508D5091665309642791708ECF27CF11DB3D797D6CFE474453BD4BFADB768094B2147814D81C7CBAF8228DCAF5564B5891F5EF6A860EB2E323CB82AB868D8EA048880D63B0DE5341F1B3D53297B928A11E15F25E5
310
148990F710747C3509ED14909C552EBE3973246FCE55D00564D8310BC3EBC5085D08D806799B77D6C57FDF5E55837F9E934F09C03C729271B64F12D0A9F9E938107CAF7BF1EC8CF1BB9B42363D33070F4CACB425E605DDB0A34A12BB936DE286B9887A4E2E558F0886498BFF49C311D96C277CF6A9FC0D75AD0ECC5226D7E0
310
E3572012E56D7FDE4410CEC7A6D0F997F225A2055B8B92E3956E875AE4993CB3D4C9063AF98FD45E1BAB165640A43439A2C9181A7C355B297C0A0CCFFAE19B6FA3C2BA238A885FBC98B8F6DAF4B94B97304878DF4D8BFF6A4AEDF79E90ED4E68F00CD7299F4E0D83E35601AF0CBEF18C1E870E74758FA91F5131075004DB3C
310
FCF09AE1DABC11957FD9808C92E8A678CE9DBE40DDA0E0D1D505AAFBCBA208232BFB6FB3704E8985E61ADE53DE74152F5C7DE74B1DEDCD37DC3E8FB30D7EBA8B9EFFC3606BF90B8D438279CB7709FC7C00D327F41817EEA71CD9E49FE9C8C9A81C70915D9F0F15958EC5AA4C3BBFAF46986B90F188BDB24B89DE3C6F29EC3E
310
6F66D84856EE96A35E657CA41B41EFD8DBFA16AD6E91439EA92B40B21C053249F51AE50EB0B24C770FFAF40DF12C8436366819C48E36547D4E7B72FE2BBF10828583057814A668BDF183F6B2E58DFB151103E56303E63D00F39C27C4661605DB644D19175D02E3F0241E8FC3458D17AAAADB117CE9EEA690D0DB01E634878C
310
04C2C9310B69FCAB831151E3AD293BEF6E46B0ABCECB50F5939B39C613D41E81FAE8D34CAE3C4566B761D37185FE864AC32FCB71AEF39DAA5BAB88609BB980CD2F07A8F941653B529567726E2B2A58D079DD57E1E5E31426CF184A04D7B03B985F276D47406AF276FE32E3328BA866EB1FD39BEF57863A317634AA5FE46740
310
9B3873F5069EF0D71AF00AD189D17BA1974ECDB2D623E9E14086386A6AAB5807825C37B015BFE892AFD154920EC437EB945D958E18622E1E0FE2FA06557CE4BB9BBD05A2D40E774DA2B65473791E314B7D6C886820B2FCFE4AA272B3B8B15E7344A145E8AF919B5454D89D36D413E87211186BF6F645E5EC94DCCE8E1C7990
310
22E4EC9BC86D7A0F2AFB1FC4B2CE48F84B3F49ECE65BAD24CADCC07EFF39AB06BE9E6B27A059938EA7208838455383DDBCFCD967DDE4650EF92A14FF933C975DB20BD7FEEBC4487576485963D757D16340D9599FEB362F775F38CA4185A86F74B629C81B133644A3B18FD056E997E0734F9BE26D11C0AAFC669E2AC9FC41D2
310
81F8B2E1C35AE27BCE05F3DA295488096688719D974DF1B5D182DB7792288697F8763CFB43562C1CDEE11C4AABD5C22B6E33F6F389CFC3477C5919DC0D533F8A7A1846B7ADB60ABDC26C43D0CFC8910B7C15EE22675BD02702ED39DB77A87A192CA7A543E6205B979B9F5A6B512A3CA799E198B2D5797C0AF8D1D872CA455D
310
4D431A7879D4DD76110B5FF7F4176B54477A9EB5E4A5D11214FDA585F0382751D8E2582BA5D2075053298FEB8F1537304E32CB22C2E2B693DC0A760B1DFCA751BDC445AFDCBB12820ED85F6D5298933C7EF1211E9E057684056CDA3FEF3BB6052355E162DF27C59E965A8DDB7F9437EB72CDDA3A090DE65A5B2F50326247B7
310
EC67B73ACC7047FC9B353D6EE990F772207C6EC52B39DC2F3C0754821DAB559F7C1809C7D0DD5B0499D0442E0A6E391B3D5DB46D11E731E6794EC77523FBDAA242ED67F9FA1FB684255671F63C9BCFE6E7E896D51001A6113EF2298BA494E0B0980D1FA5B9D60796554C02256B1E0345FB7C6186B6A19D2DCA270416262845
310
FA4F42DB5D9B0A0B6F07FCA2E56C242522E001E0CEB734AF310FC8BFB57E38E03AACE93B3326A2197891E68452B26A6307FDABFEE0223D3C03C3C73D2D5BC054C8311F12004CAE488E5C29287F8156A2CAA4AD0D7BE6B97264E4139F437CE73ADF52E5134C52B819777C18B323A5924E4F67AFD13B1CDC3A61793A79FAF5C0
310
CEB718E441071E797C6DCCB9EFCF7E4A1E9F3DF3C2F9C9E8294E9586868788C972857FB0556D7A26941A7EEB9B580AD78EC40B85DC906B4120A563CA3B87797ED612D3B035962BB75F6515A393F4CB057F564CDF54F2E5A024514E6A1F901DB80C7E70B1FC05E356A7E72FABF4775B3E3FB8F70A2A8E7B6A94542BB3041579
310
78CCC999E707A29CC795E67A59CC546A5D47B368954CA7B6E75EC9E1F6FC73CE3B4F71F8CB1A6B15923D61EAAEB14626AAA9D04A26EB9C66CD1BE86CA31A5D8703DE04CD1EBCE4F5CCB62F93909AD11E55799A781A956ED27D3E738F4538CB04ADABC7DAEF20BC35BA6A90BCC1DC61BA05F20D8832FFB9BC9B15E2DB838A0A
310
FBB7E0C82A562127E0446894F427794C3037186F622BF24DE1B00AA10A23BFA47B2A180D6DA5AD6F7326FEB8C100C2D7142EB2A0B2A9D1008A09BA343D70E054AB69E2A7EDB783CBD92537FAF4A44D1296AC2792729104B3276C276C951D0CF3CF3F1E6B017720A7B8505A5FF9589365979678C36F1BAF759EAF57C60F1FF5
310
FE9DCF5F8E764FF25A2D06CF25117A8FED51884C13B2B750DB0E4F5E3D64124FCF11F0AD8F1CC3B3DA4B38ED22BF1CB2585EE6BFEBBA63FBFD44F9537B9B37BDD6B358720F98A8125AED4349CCFEB0E135F19E208A04CA7E2B10711185D72E381F448036EF57C9F874E54A971CA37A639E986AC0226DC5AA00D5B14FEA9192
310
234B3DE617814FC221C92F33F1D392F297731B567FD98FD91D989379AF567A65B8ADF177591DB90FBEA99BF4ED11B16E50A0AB1DBF1156D034BBE04D69D08F939D8E92BF525A1DDAFF80ECBC95D8F45D3FDD289FD23F7D8B452F8EBB34EC082DEEE68E18EDDF072060FAD2AB1504DD4879BF67099FC58F6E9DEFBF645D1633
310
4A3E9A127C6F1AF6132CF287E433B43A0EE93812B4AA0B194E03EE3FF91EF9C6ED0074A2F6EB18A96A7C9890B1FCDA1F2095E944DB911ED54C60DF16FB74C8CE9BDC7C54C4F14078CF73C2FFF1F1BBCCD7CF64F71407EA1683DBC410D226627F66E509060D5C0AFD611DE681D509DB8DD12FB1265B03C6F5C55FF4C30BD941
310
87FF692B4F152982502F193098A789526A038AB529A52BC0DC4FB6285CBAC10A8B8DB75DCD9BDABBB221E27D1F8DA9F5EE5926A1C8AA9BA9BC09239C6A7F12914EA3B59EFF7AAEC3FFCCE56F1C5C2980AD072793527565E774F4631DB178CEEC691B1F367BEA0CF2907E1D6B854D527065979DDEF002D8B2ACEA7CE21AE297
310
737EDE1D45B31233B73FEA35BCFDD0B09721FDBAF6432681F2FD10C3E9EFB246FD6E854B344ACC9D8A0EEF876A7314B49B6A499FC650B099D650DBFEC7638ADFD245E2B7839DA5AC5F7D5623FC0ECEEC8653FC9B2BDD1AD4D00A566FBA7186DD3C9CD26512551637498CADB950FEC71ADB9A5524285DE328B8EC7EC75D2345
310
AEC6A27C42AF6D9B92155315C80DBFCABBB7DA0FAE425C4FB896B15C9BFAC4FE67DF5A23D30C93DA4D8F36FB15D100050DA6062E22AEC5F4DAC4F6FEEF97AE05DE63C6D38F9E068A20BC5E3B6BCD75320C5090924E7F93640A7735B1A43451C2D91EE62C6238B797349E59890AF3A520DF4A87095F3ABEC2E61F0593416CE4
310
6CDCBE0E00E2523FCCD04408588B5B6C9DB6459C786CE378770B54F51DA3A5E1DF2A3349BEAAC234A6CF8993B598B3B25B4B113E353A4D750FA7534749430F3EBF2512E7EA3FD43C6AB9A1F765A58463B306721A15D224FAFE8C6F5E3432D57EE697DA0DD5A9D4866A8BCCAAA9DFF1F06047851408FEC060471D0E3EB86BFA
310
F46E4B5E60311DC3E3CEA147C75CF971BE74689507154FF2D2E92F15CDB2B9182B11459FD8ACAC5A85F174BC94A7F4EE4C4F5CAFA7C02E37BF0BC77B7DCD0C047BC316F562A01A441AFA7931CC84A28CB9F4AA367EB515778F29BFE61195FA671F4352E5E46E3A64773F1F76EE5EB36D7BCE9BCEAD837A4D77F8DB8C92AEEF
310
6711920D7C7D0F76B0FD0EB7AB83724CD35BCA7D36DDDF5FBB7FF6F04A91F3E2BB3B8F1A43CD659639507FF6331C5F697BCC782AE57D757A27D97F1AB9E0AEDB43F92F1B2AACDF5FEC8ADBAF9F814E2027003BA2F9E144B1938A7A04050AE5D953B82C45619165C813A10E76DD6906B3C16438064D14CDA713AEC420034613
310
E1AC7241904A49FBF87409AFB1FCB9B72FE7933A87D8FBEDACECE4EDCF6A4FE9FB94D5DEB74FAB7CFEAE17EE965DF980DCCA2D04134994F9A2E94D2265DA4FE6AA7B7AC15FACAC2B5ABBCD7DFF542C5314FDAB2E1B9D8B65220B8E2B638BE008E8DCA22678C820C5053664D15E89F2D735B51A84955E81A443545E9FF787BE
310
0FA700A76D136C27DA179A7C6E8939E01BE756E19CB292798063D8B97F44E8A27BCF3A614FEB8BE974A718E86F7EC99B53CA35FA24F61F2B07266684623A3D4CF073E511F3A10A8FDAFAF0078C577F4DF9D339FE7862E5FA47CF4344209E5BF76D783B1B48E152AD281B15FCB934DCDA49CEC5706B1EE8B460F435324A5CAD
310
154725E21AB8044B75A557A79F6C807B9340AA3D92503E866F4274412926C8C504E4D5EF8C0E68DD0B028781A6B4054F11CF18941F101C57CCC796773ABC8DED9CD91FE5788806C05E548895354AEAC96546D55B0E94A59F148D061F42AA398D822CDECA4CDE79E13469BDCC44FDC990F366BA5978C15F97ED80CBFD73B0CD
310
9B8B83A4F6845BDFBFAF034019473FB9A63BD55D3A4A7284757071574029A4D016DCCBE95DD679EF3C4880BF169422F8C89B68A988D2B13793CAED4F74DE7486C72DC94DF46B8E93D8E02EFCB1FF9B3BA10C8AE7F653DF94F4AF466CDDCEF5776687F7C4C14B63E4EED1719DC2EC482D7DBCC7AE518CDE3D5FF86D39000EC3
310
673C0044E1D308BF05F74D1B5F033A7D1BE7F74BC55BBE3E4A20F920946CA0271EB17BD2B80E5660ACB8A29A79F5E4BBA49D4D945B6EEF4A7EFEAA65E5555BBB57A7E15D2F83C69F30BBB978D2B39F1F26FC097424D39BB33CA3D87ABF64E307938B685BAD44F71556A30B7E712CA4FE600613C3E554B69ADE949A7CFE214D
310
F1FFF05CB82151EC6FC31950239F94CF7AD39DC473F6EA356E5EC2C4EFA04383CEFE985A127484366FBEE3C0EC4FEA363E4F6632AE781392FD45D67B63FB8DF70E82734F431FD3443172A0E30A83D60982D55FA6A2CF86DBA8382502ACC6CDEF3B907982EED1160E14863FA242F9757347E1544275CCDCF71ECD5F8621CBEA
310
326B8BA884AD7F825781923E66971F04010D574C541D8427A438A37EEF8AF88240EED7362C953F5A81DE2D56109CDE2524EA0F5D2F87308C0C47BD97AD605878AB8589E17CA83930CB5E0DCCD75853D68B1AB136594926DE426C367428E9334AFAFF90ECE221BB5DC9E5BB53D2CDEF954EAA9CD814F0E5725F1965DD458E5F
310
8487683AD86B9D0076BE3EE91EB1CECC5331A67A3F79D8B27587C12EC2A6A70474749F27B4C0BBAFB94B34189E88DC18964BE4121B9137FD516C7755356E50D6714E31ACD222621EBBCD1CFF81D87479056A9DA0E0B8EA19D24CF937DA89F78E8650CCBDC110AAB6C4E46DCBFD0446BA9E2060E81F314AC2031E88135E5476
310
AC0160EF5C0DD2EEF1B8B5CB2D198BE9A554A9093B5F7D7E4B5407DDFCA1D9C152FD97F55BFFFDFE802954DFEC8995B983E28AC92F1971E28F531DC407A1280EB125F64A72E617EFB27DFBCEDCDA2D6F2BDADA36873EE46B9BE1782998C63DA7182BC383FB6FD15DA472B175D7E8B4FC88F38D6E07FEAA3FA3CBB8F6B449EC
310
F14D2175E5C5CCA3A42ABF24CA6C9395AF74535F4DDB38CB84F56614B0FD32D7E19CA5CF988DB4449C40E23DF2B16772594554579094450F56F253CD25EA7F77366FB1CFE79696C428BB64D5A41E986189427E5E4D7E2DAE3D5BB4972B3DC44EAABDDDD63A2264ECFA5C786EB0EE1FDC5BE34FA0F08376869FD1E61EA06CAE
310
15191135445EE8F0394161C3266A596AA035572BB0C8876180D8B9C77D307DF9DCDF7365ABDA6F3A2366436457A4DFC1F259666569A9E4A79C817BDD5610E5200FCE894A358EC72858D50EF67545DA81C6FACE3D457BAF70367E1E6BDD9A952FB4F56247F58F523B97E640246051A72F79BE42FFA0B3187F63097F91C48B86
310
8586F714B0EBD5A00A8412C1236E1298F60C72BE6C96B82B404CADAA304AE9F303176B14BA53FBC2D5E86377E35542019E24D97B96A49B2C0E5006E7795954DEAF5DA58958839043C6C70BD3B1B33B6DC5C31316D8A6923F142E26F6711A2258AF977DDF1F970ECC4F1F2B434B96D81BEB6E89BF3BBB3C7C8CC80505070723
310
D6D7D7D3C8CA27CA164A26024FED94B12A86031867241DA53D929636DA600F050BC40CE48B8BA03D69224720DEE2ED2127390BDF5E6EA64527BBD4C4C63FA76BB801FEEC0E61218EC98A8A86CD8313781617877E66692839B9468CF4DB8E50A73986E558E309C0D6F676F921BE02F1185454DC75B111572FF9D27D85EA14C0
310
5AD7271225B391C4275659CA4A43759D0BA44639BE4C30A84DB7F67A41399FB95CBF923B1B1672ABC807C1590557FB18D811983FA97F5E609516D62281D38B1281F68FC75528C35E4CD7DF0F7DBB5E5DD69C414EBEA2F4A5B241B996BA77AE6C772E367408C633EA3E438B68563EA8BE7667F3A4C4FDEEA52ABD78A2820F44
310
3B7914A15F180018D231E64519C56A12F6CA7C8DAE18F06F6B769DBF92329EF6A5D18FBCE600F36BD8E8198DE5CDAA96181F3A756EBA5501CEE58F497EA4F418A2B82565B9BCC611713C0B708CCA1F398B78C5F7D03B3437CC18F13061F55C7BEDADD5ACB1DB0E36D3CE47FF6EA1A563A57E9649EA5D14D1A50EAA45746338
310
1C073777EF1600607BAF6428A7DDC079D47A204EF1E1F1F0589FB054D45E02CE623B3823C317C601E589E22B1E88B448524B86A82828E32345EC18AE17214B42F8C41C6D428016D9BA31DDCB47572561E5A402E5BA4FCE55F78AF7268524AA04130F3A20BA5D1E9F9948EA48FC8F5314FDB35E21898198060034ACE5E3E2BB
310
CA34092518F275190AF65F45867FF0900AA4B81F25427414C372BF51DC29AA855C5428EE1EEDD6B849AD60F6E73475C2D2523F8A2772C840A478DED18A8C5C91B085F255DC4F54EA7AA8947354FD17ECF8FB3B4A0DE7B483CAF3A1165EE05BBA413E5C1FEF3DE1D6B8F2F3F3251C17D9FCAB48A9AAF63AC773A0E413BBC46A
310
9ADF84A566FC920E4D8C52C9769EE3301CADEEEDD92B312E02E2A7E35B7F1E7D203FE5A7D75578B06E99D0E46FFADB8FDA17ED8880390DA29094202D6F645F76F6F96409CDA05495A96E84B04A00D1A6C6C81D7F3DE9376E828CCF144EE50E364ACCE7237EA0BFB5607ED1AC3CFE73794E5B61739D14DF1743441B1AC98F00
310
ECEDE9E7301FA29755FBEFA68C91EF2B314CF510537EF1ABFC9A762496280B546F5EDAAF8A5B387D469FC9A878A92828C88608453ACEC6094DCA54111E7AD5B2663DFE2DD151B7F123B9F4FEF8EE36AB125FD7AD52A59B1B765B3E3F73E3F73DEA93875004D2AFFE3CDE9493B87A9904DD052028949041A91DC0E1BA47BA71
310
4343FD5B25E0A6A09503AFC17C790058A836A324FE31D7893512E28230332F153181C1E018E1124EBE1BA262AA428A518237D1EA7275E48C5C561BD19ED6912EDD8367DA0F31E40EEAE9683DA9257525AEA7B632B97119E17145A90231768A4F3B9120FF32E8319B015E3CBE26F1A754177D8185345817C096B0CE443A955D
310
13AC15E1FB5DEEA0239EC32A3C92241A237B0B02FFCB4F93CF2B02570C8D192E2F2A68CEEB42F12E6F8CEEFF46C251E22B4341C56FB08CCE550E7A9D6F4D6564B9EA52A83D5BF2C6E03FA19D2775E15A8A7ACF30A13C259EE7F5EF2AC3BA354F1500E1A07FC63FB4686E2F12EC69719F9ECF5FE3F35598DF2CE944008CE78F
310
0911BA5BE5D0A34E0098FF038669C26030BA9B300303039852A8F6F496341737CA7E0D2E3AAA36DE0A70AA7D9CA0D54D9AD84B18A44C9E625475E1C97B93BEBB38DCE7D227E67A2D00F531436136355F243D1FC0D712C5765754FA22FCFFAE97919161F46D6E61ACB37D83777B385889770B50765B127768443A5C4D3A4E35
310
A3151111F146B7CA116F918A049F1C272F2CD7976C69A0068773451659A97E0F4A08FE604C3FF6CE7385DB19F4D3ABC8A0D80DA8A42096AC377DB49382B36E270B6FA7570188B4B7D1DDDDA82ACA487CCA5D38BD3BD039ADBAFA4ACFF27809239B722081E2EB9F145320553D183F28471C388BC8814E5045676767AB58A8E7
310
2D1CED2CA731379515D2E533E4CF0B39DFC625F97AC4836831A4DE330E87A8126FA17EBE583D614E71E22A8DBF2825599743E0640037303E8E1B1E8EA4E1ABFA4F62907B5E4E0E5DCFDAB417C36C6848A2B8D15F1E505434C0707E16B1CFC2A1C36A42BBF55734F8F4301DDC2A5110CEE8C0747F69519265012A2174BF4E95
310
5ECD4FDE095A3ABC70536B7AD0B9D7892F81287D667C108703C9B66A221E9A0929D030008F77FF6F5D2108EF5706FC87A3069B976F7C9FC3239D13D283CDEA83597461079FEEE049B0F392889898B7D87D31F8D60ED7B56B91823A8E4EDDB36C6172ECEE42BD42B12CD67994FA0F0DFAE9389356F4CD4425A4B8AA55CBF7EC
310
D585C6A2C2316791E43D5C06841ADBB226A87FD61515FFBB0167B74E56BD7F3E90A57A97FEDCBDF483A0D6699A8C0849CAEB4947FAA90D8E332D9DEBD9F4738C37DA0CAF9CF3DAA68BCB67C420459C7A64498D6E848E5CADE92BB6901F607AA331104A67F7CD650EE169B1DAE94D2C31C2F993632259B6957E246EFE4C5481
310
107B07118607700040E5812A2A2A38DA0076875258C753F60E0F2662C748EDD5F3F3686B8FC3BD6FE631ECCAA1E8B1C1E565AD117E54893E79F4672E32F9E46B2A183DFDCF3EECB4D4D077DBEA0DA254D256045109670050129E9B9B1A9E4A11344D61497A992778095151510C4BB7EF2009B63AA4360635312E4CF668B7E0
310
D3D85A8688E2BD83B569439892ADB63461930D428E0DE42E4AC57CE48DA5CC1449530D8BD3D6A0F08DF20C8E8F570F2CFFFCEA286E30969B4654D498A58D9DA782E19FE3F002181838925592C4A1EF0B332D88B61A92C644547BED490D3A42CFFAB70E36D961F694F6307F72FF15A1C79D5B1B5CEFD353D9E2B52566DEC8F8
310
F09CB3E8359C0F68EBBB7898243E34E12A015B2685AB303C04D3A9E00671FF3DFF0A184E4A2ABEB2B666AF5B3A209C73D8EF29DCDB069C9F391EEE9DD0F74C7BCDE16F8F02E3B8816122BBEB50665775B600549D8BB33A54A6BF940C028118BC6878C79958D6784F9DEAA6E26748386FFAF8D0D0101E2847B6563F5D8DC1D7
310
8F787BE00E2C941AE12148D4A81599FE8F68D4DA5CDED75530ADE138240300EE13B0FC13A1687FED6774662C05A2B7DFB186732F0D7A93545D8B0A6390AE5054D9CB582DA846D7A061B3358B45E2B52DDE63E114397EDB7E09233A579155D795BE76102CF277F4DF8B188C4F2879BEAE3C08347124BF9ED23B128259FE107D
310
31E34A652F090B30B39E0D9AF917B76A2806135621A8A60681F16AF216514BBD02711585B5B1AE823F4B2D0369EA5B6BCB863072727FFC871CA6C9AB79A814D989057E9470A3D238BC87CBB4A0EA49AFE2B86F22E499793CAA9047080450166BDC357524561E258C77CB697F1ABB32562CF87C3B7AA12F911EF19FB3E5C022
310
22E887D08202A60A17151F5E053A86B437771088B4FEE14D652C43E8D939995D34545E12E2FF93D4E366EAD25F10CB7DED141563C3D0C447AF06078A91135FD4B9611583CB4BF3BD167F2399CEAB0E0100F8FFC305F00F1711717173138B4B48C83022295DE657EFEDD97F238ECA80F528AFB4F8D67AD4E2594B9A3AA86D74
310
87EFC313BA95745C186F0CDD84CC12DC9CB0424B42203D351FD9C0A3AF10CC7F388E0329279087386421F194F4A29464C1DEF7EF8BE515E4A199DCD5B909342598D8FE6A231F71336248D5CEC5454455C7BE383B3BC7B260FED27F703FDC39A170F3827239102F59D4DEE7FEF82EAA1A5E4BA94DCC4CC44E7E2EDE20F24244
310
E4454369D2E87C3F823F193FD4FD27E1C23984B01898D15ABC20711A8A558054951A6AE280096BA36CBA439603B7B0B4C45F248C14B2383B4B5CD8ECECE4FF859AD4A6CA2326D020EF090F4041D28DB66E5256B56232CC52829DE8060BAE6BBF37D4B7469B822454FE93210A3E8D15E69FFCF01123222611C51C4FD0A041A0
310
CFA2471CF6BE38D2B20FA4C3525B5B8B586759475CF80ADFE67A284AC24651E52B8E683D24C2622642F27E7C3C22783BCF63648BC398BD6CD0D9C97E7E7E3EACB6126DB7A6C1FD9F1031302EE67ED96F22B77C7CA0239BB324207559B105E4693EB26EC46182A92C9C0DBD24F29B31C5C5AC1F84300E0E17CEEAC15F5736FA
310
4A98971E2F1423BFCD68D4BBD5F86E74B40A369F39507C88FCDB35D2DD8DEBEA4AF999E23CF2816D204200DF6E611781B9884C1AC8888B4DE397320472959434323A5A36B22A8E1F721A270DF3BD65E4A31C11FF048AFB0D8B7B6881423793963A23CFCE935FC189ED36FAE35C46DA3574C979E4394BE52084F3081837BE03
310
3396D2EBD80F1F691B273F660D2B32FA27A33B1DE4ADA5F0FA4651511102DFA410DDA86E065272CA314D5249DF91B06BB92807B28EFD54F08F7B525252782CD276DD02E6B0319B13DF87B1F6361AD6B28FC0D711CF445429B9E5A433CD493051C49A9E03DDB1B147D880253514A5DED88009018620EE229101C041950E2D8A
310
A8E1F5F5438E0C0C0C60EEDEE9E3E0C051948C69F84BB7B2A48A1F3C8EB9E6864687F4F4F6F6E2FA87608ADAF9C5E117B7C1A737E710769DA1D15ECE6A84502AA855398712D5FB51BE92E4EF824969CE18278798AC303C2C7980DD2500ADF8FB1E6D6C2FAAFF9987178923334A244758BAA01A9A1B70FA5097D01E1CC2A58D
310
AD0EC94CE6430AA9B0C10D75E3C6BAC670EFBADEE1607739CE0FC18A2587E3EC3058562014C64219C69BC269082D5C2F4A659278D585755912176D78A1B641719C2A394CED495A1AC5D583FD2F5EDD93308EA7EAE8A6DD396598BDBD3D4CFED62D18A5BDFDE0DD5C80D1A89BA62697B131AE7CE9A6594138582F1B37D68F17
310
49AC7CB67A70695D48A4A056AC1FBD4E82358CEAE38F54B95A9016F9000F9879C0D9D131768635CA798895F27D6F1614F11F2838A83611AA51C9A3DDB539D42979C29F10465655C17BEC3E2760B80DCBF609198C7B171A531905F3EC218D696025975E986C6B4C666666787271F202805577DD5A3EF0CAFAF91B62DC4B2DB4
310
217A7606282F31D8DDBC290593BAA93EA6353AFA9939B877978481E15CFC9F2755CDC00C538F63A4BA3E80AE009B73CA0185687D339A507D165B74290D6EE46D5C58148F020C3668ABE9EF2F7549170DC80DB41FFC1D678FF19AEB10C7133832B104B80F691B3138F97A92D26E551F1F110400D45AC71A9B9AC41A1A1B1DAE
310
ED0B0810638EFFB511D46B121C6FEA0F38CD00E03CFFEB9713FE1F9C263E4DDEC160D0497FA9A132BA608584057FB15380825DE6C7FC3C667EE947D488A09898D8E939C4953BF4EC9836344D2CC6B2971B2A21A572B06096F4982D2CC7232D46E8EA69DC83722E267754D777F97F96D5DA74E1E75178084D0E70F12AD33E5F
310
71EF2AFA599B2BEBF60A5BE475F444F240CBFE8143C334E7ED9150FEEFEF7EB020C4DBED388DD1D6A167A76F3CBF119B578AE8CFA7736ACAFA4440A1C47185638A0D2F3EB5BDDEFDA958FB13CE4AA4923D5BF840392D45544329525749734866684BF7F8D9D54D892E19BCA9F829A0F8BFCBEEA6CFDFC61D74EA1A645ED7A1
310
FF241739F15694BD835B66FEC5677E40FE69BD3F91AE402F036537218A401CB0828604AD189E575015C6F3F6BBC8AC79CF6C70653847254B31551EFCBEB5978B9DB85D58D0FA41A9DFE9C624834AA04949D24B5AE6D299E072D152D12097920F14AA92C31C3B97E28B6C2E6E9C23D63043ECBBC0A60FDF5BD0C33C127EA8A3
310
308B8B6AFFEB28B4455BF6E7AF4FC6222728357EB8E46E85053E6A8843AB23295BF838ABDA94658FEF3F832F147046B4ACD6F7D48E8FCC9618582961C898D1C7A253C91BFECBDA6BA18A1FCF70755DCCEE2222F41B76D23CA98D0CB3D95F0CF66D57FFF65E2A90F5DF40FC3187621E981BD0BC1D992787212688976B94A8F0
310
C6EF646624B570B78E068826F87CE27041A95C9A4871FF65CC17FCB1639629AD6A9517000D63AC231F3D741CB8430777E7ECF80CE7A3F73C0F162F7E56AA71F4DA80A33CD6ACEE78E2C11FAC03DAFCE929B106F8F6B3ED2DC71FF994BD9CEF4E9A94896EF1B6E2B7B4978168BCF0847A3D2A4F1B0500B926E634B174548E9F
310
BAD27153FB5FC36799B1E6C7C38A94E1F9E996796D7B485E635D5287A2AE76FBD11A341DB3F8F810385BB7296391973DC6C37C452A9305AEBBE0CDB6C566DB59FE60C8E94B1FD090354BF51439FFD1B48D725228FFA88C84F686F547107A7A235665A4593B7C34D748C1AC8D56DD5DA861EEFBADDECBBD65117E65851F9035
310
1AEB65F0EFCFF4BCFEF24CB7A5879699FAC437A7AF9099186CF006BB923A59E37D7A36A29FD8D2CBB914A5E9D0A8FD212FBF796AE9A67958FF1D5D8B85F78F96219D4714EB919929241B6C018AAE0C02069F8D919961EC5DDFBFB7573E3AC8E08BFB7C8534BE6DE045B3CD63DBD71F7638BA2309CAE398EA3A7D8F98BBBC7A
310
EB367EFA5CFA27A9F8F2F52FE878058E6209C026453F8E7E8A237DFC389E9590F6059B397CFD65183BBF936E86896612A5B5FEE49DAC8455D026218AFEBEC12B3523A45B57B82C9C97E02ACFA1184DB18E48CF615DBF39C3CC6F0B4AE6BBEEA2E39D944E290302FA3DE33FA7E40296E2EF7BF1CD855BBECFAD0FD622BEE974
310
6FC4FDFDE545AE6E3BC234CADF83A0FB76DFB145BF3828AE3436368AC24989454F8FF70A177672C711CAA1A76107218CF948CA01F873520E7A2B118EBB161ABAD432932029628B6761590C98AB590C8C8C79798CE9F715BA696E839E9131A4BB68BE923F1747FBFF165331FFDD4D05997ACD168F12CA75348DAC04C7F509FE
310
83898A8B421181AF492861CE81E4A2DD0A30850CFA95E05F097FF70F9E777310D584A75BA7018922E271DAB1D785671157685B7D383D3E074DDB4F1E44EF04B07BAAC75A062077C54B9752C738C9D804D402E02851F3F89605AF189738C18C021D2139EAF72513824E10DDD3047BACC8521ED7E98B257D1166903B1B08FA6F
310
918FD7E162913FEC7D0EF4787E29C35FBA8C6E2C9C20E9AB30AE42CA2A01A090E7D010C1B5BF9CEE2A304BF3A987FB40D836979B79E18D70F257DA61E808472DD85B82761825779D6B90CAEB0F23360C6F80A7D7D77545E95B3DFF0CF96A827F9B5BCECD2C9698718417EF80FEEDEE938AFF55859D0D540B7FE09435583A6F
310
04874A0C7E8CF234DF4879722000167F5872CEC6BF3EF7E5A8CC8121E6A359227C8A29C95212F9F735BC72A887D56B8F309FC525BFB4FD767AAEC4AEFF249CFBBD2DE1AB9969A6155C7D8DABC307E47324C1F916C7BCFF40ABA5644E9FFB9238D19ADADA49D9610F01ABBA57E4DFCBDCCBB2B93C8953206C91DE01B0E2651A
310
6D6C31721915B31F7B7CBCE55466F6D70402788FA91D73BE4ADCBA99A35F17D6B83383704917D6833F0FA3CD45C926ADB8BC17999A4A0AFBCE2541F7B8CF4C2F5FBA611B3E626D64407CB32C122DFF4EF8674D6EDBB86C8F7C6A16D50FA685E2CCA34F8F7D1D8265BB0042E9D7F1F666F7BE5FAA5184DF58E12122A42EF02F
310
461B3F369AC746F96528AD208512AB56844CF75B97F352DF7995024FB02855385854F3798670D01CAC771AC3E1889EC25F61A20C1F8CAB46898817F9C47E2CDA1F286BF2F358298709FE567C91133E2638C8B53975E753EA8BFD3578B5F7186B7BF084EBA3F77BAC3132A5779902EC22AF2D2E79F42D324E083386DAEE9810
310
D1B44A5DAA54513C7A71E52A4AB9257D975B621308FE4D2141CC3DCFE946C154A3C1DFCCA7629EC69ACFA831634ADDA93C0388D2A9A2DDAFCF957C6995BCE7FBB6DC4EBAE79E63EB08E9A25F52F67076F7093CA545CA3053B5BF576DEAD4E0017143C5F759F32B2D6F145B52B67B48909B7C7FCA6586EE385A2189C16932CB
310
6DDFD9152AE317C430492A578ED27B72D85D40C7C93C097939E1B50F4D67F05334FE9DC362C30B7FF561B95259138ECFD9274C8D695C31B14D4EAA9F3D7FA8DDF652F8C5DEFA23284C799B7D94416DEE81E05A866302DC70192A5368EA65E1CED8BF107A1E2D3119A71E85DC1A7B0C1E93274CE04DD0F2ABC8AC7C987FDB00
310
2B6F81757B43502EF7A0D92E416494FAEEA4C9C090CD9557AA4D532F4996A272B94355C5A0E4974EEA9627476F30809B94D8D8D860062E02204643BEC7D0438AF800FC7E2B26955D595421E83C69E1A07E0E3122285835F014AD538188CF9737CE76D464A353FA55A001AB2526B84E985083693BC76FE211CA1D000679C889
310
E3C009832C87E1AC2EDD05C302557422DF0800E316FCAC86978A371F025A6C7DAA9F333E7BD160403A1A06EA75AA9888FF01504B0304140006080800B59B284F51464CB48900000043010000360000006662782F30393842353544332D424136362D343638392D383437442D4530344136434139334345412F646972656374
310
6F72792E786D6C9D8F310EC2300C45AF127987122606C71DD918B841D4B851A43646695A717C52A85029031293A5A76FBF6FACEF7DA7264E43906840EF0FA03836E242F406C6DCEE4EA06AC22492573150D1F66C60C640E8938CB705396EEDD86DE9B5042FE27813D640EA63BB001C722AF6E55CB61E4863F58284D5D3F53D
310
D715CE1C3985E63FD7F1B7EBDD617E9F1E504B0304140006080800B59B284F2415EC2D4A070000541C0000340000006662782F30393842353544332D424136362D343638392D383437442D4530344136434139334345412F6F626A656374732E786D6CDD59596FDB3810FE2B84F665F74196E4AB76E1B8F095C028D21635BA
310
D837819669871BEA002525CEFEFA1D52A42C2AB2ADF40016EB00B64251C3996FEED1E4C33164E889F094C6D18DE5755C0B91288877343ADC5879B6B74716FA3045131EC759659F85221C921B4B2C5BD3C981C779A29676648F73565FBD9DFF85D28044C44201C3697A63A5C103097107E759BC23E963678733DC39EC8F1DAF
310
536C34C91E384E1E6A47259893280356613D022A8A03CFFC174472A613476C30B6F5DA6DEB5ED8E648C14D46699466380A5E71553BAE7B86ABDA713DAFBF5C7507637BD0EFF7ECFEB0EBD9F3DBF9D2F6DEF5DCC570B118CF56630B4D27DB3866A5021212ED408B2FD6D49B38E24E29BE42A189EF208E221228349B36EC88A2
310
4B495AC7C400D693A2551452C85A59E8B514FECCB656A0182C19686BE1F46FD57AE3EDDF0042DAC64A794A8495A719075D2BEC0B7F70274EB16AE885A628C419E11433C4E896630E0A82AD85820C32C25B04292430935AD4F4AABC82615FF7A5262EF73963C27FADA9F4341FFC9164A9E48CFE43F889FBEA69C013489BD328
310
1B2961B39704488C278E5C2CEEF5BAEA660124DA337C006B0131C5A65EB786D742C482F5D29A7EBCDD1E37223E341F9EF038213C1396279D59F99DD660C5B4C0F85A8052E06AEAEE84CA5780FE13205FF28226A0394E8FFD635FCBCE7194EE631E8276908B6C17BE5C242E5F5D4D9CF2E1294246AC3C8729B8ED4FC2D410C3
310
38BB02E974F204461FF39E126E136006367D4F23E1E7602888C5B004F17EBF3D5AD33504535884A73003E9E16FE2884B043F051D8837350D3585DF168AD20E53F7B393AEEEC066380D4A5519329EC377F053F09D2D371F3739DFE380DC2BC75E923D8D6806C9B499210374C3E5BFAD3F498FBC63F116B3D3D3C6A6008E39C4
310
226E34A865A3D482A45E801391860BCDC8957B0ADECE188E489CA76ABD294E05318BB9BF7DF10B176E3CEB4F6D03C561CA001A631924F780D34460624D95B6CA40D8A9080A1686B9B2C043A1557F9B87898FC3388F44A87D6D8A753E20CE084B04AA929A366CEDB59AEC8EEEF7790AC1AB91E4C20052F9B3265C58781FE258
310
13BF9CEC3986241A473E851C0CCED27882714009DE659E53C2F63E652C0FFD3D659047FC102767E8B794A09AB91EC9CB73CC778D044DCBD23EA96D4800AE80D520E96C55C47CA5534E9EA82833653ED3D9C0D8A1EA506BDA3F932E44A66800541BA334F3D1C0736F57A3B93D1A0D1676DF9D77EDF970E5DADDF97CD85DDDAE
310
7ACB1EB8BFB21289C0295A55F31DA852943986FF650F79B88D3065704350C0BBE4FD07993D6F1C088D8E3B1ECD078365CF9ECF8643A8D646637BD47FB7B4576E7F365CCCC6BDC56AE67092C6390F48EA741DD7D726994487735C95B154642D901FBE15A450D65C4F765A5F7561FEC731B49E130C25FE57836819BB1A0AC2B6
310
41543C5A0FA138781429CA0FA0EA6B749F5A10ADF3D114E7DE1897DD4ECF951FCF1B77DD7177341E0C5A863D79D20F47BA261902E83CF3CC8F131CD0AC39A5D69069C9F29BB24BA7E70D0A6CF477B78B00AFD6AB255397339362CAA7213E107F8F455FD1104AAF49DC98F50E2C4E531A9154F685AFEAC51A4DB7738ABF2A4B
310
37982D4DFD9064F87B2C56361A352F8068CE7CE860333143B85A47942EA07A96731445BF0CA95ECAFFE2A7384C58D11B5FC3C0EBEA60AFBBA2260B154C8B239EC03E7D9CF9EE8EC851C735EA25FBBAA268D45A9DFAF8BBC99F81475742BF101E7D44FB62AB33F0C6E2338230341C78BDE1BB5215D7D0D28765A2F7633974AB
310
C18BFF4CE8E1A15571DA4E2B9532AF28C4331242EB8BB39CB7F2D82144136D5B5A2015196A2E5139E98D05A5ECF974D70787C9A6EF5C495C39066A571AC16CAC9520AFA4683462A90B390714E3AE3778B6C6E62AD51F8E98BFBCCAAEBA5F08C5611B1CA0C22E4A60157F8C3ABCB152376AA8F419670184D28DFCB5E7E0113B
310
B23B357306B9A6B25ED7B4D72AEEB508A9214C79B188B4F7E2827DC5A06AE8B853E7AE28F49C627D2D525B0706DA273E0CA64D5A9FEF36352AB0D2FAE92F0223F25CA3A05617A283BE40EADBFA3427A85150127D5B5F78FC3FD185680556BA119820A731A330C8273B742031E46F1855B4E85078485299974F9D8D7E8BD0E2
310
E9A7620E9BE12DD37D51F0806198CD54FF96073048859C7963A975F41B8C4EC5F4520EB43A8FD0BAA91866A19CD31B0B2C36A3D0A175B6300293034749BD36E204C7C6D14164FCE2A9F2FFD363AF3AB6724F1B5C9464863341299CC8770B50F71537A693EF175DB383700697DB3C2B85392D9CA45120E89708857030297C54
310
F01EA1A4B82C97D7917B8C26B6D534FFA21D1454ED0CF3831CC9576C72B6FCE28869FAFA334A587E10EABCD4311B946CD1A9B3BC985C4DC0309498091655E4E2BDF385C7F05A2A44B7148C00FD7E1C0DFF70167118C651B1E4CCD4CB2DB4798057553B478F09A1F577BDB1232707EA5580BFC529E9E05DFA080BA05A4EC53C
310
B580D83080329A560C406B44E8021E33F6AF9748554795A94A35EC0A78E47B00048E24DEFF08B7A96EA80C2DC117802B79F374A117260E87C1F9F45F504B0304140006080800B59B284F90549425E1000000550100003C0000006662782F30393842353544332D424136362D343638392D383437442D453034413643413933
310
4345412F7265736F75726365732F322F636E782E786D6C4D90DD6A032110855F65117A1975B7BDC806D7BC44AF7213AC3BB112D759FC29E9DB774C2D148491733E8633479D1F5B18BE20658F716123976C806871F5D12DAC96DBE1C886B35609B1FCC3D810CD060B6B32D3CA25AC7B9756B8991A9A1A7CBC77515E1D4448DE
310
5EF7E8D86083C97961D97EC266B8A90557C877BE9A62F8C81364ACC902AD287E83BEC226300556A62739CE0749EFF83ECEA7693EBDBD5E9468A4561F88A1F33E1648B8BF4CD2227D2325924A3440AB9A7CA7DA1964FCC5E3144F09B2B5CA2551071D2BDF3B617E330EC413F975B512ED481ACF0668B642F40F504B03041400
310
06080800B59B284FFF15A4A45D000000800000003A0000006662782F30393842353544332D424136362D343638392D383437442D4530344136434139334345412F7265736F75726365732F636E782E786D6C4D8B3B0E80201005AF42B6F75B59F0390B113044D83508C6E30BC6C26AF226F3B8BA6360974DA7271430F52330
310
8B2B198F9B80925DB700539227A2FCCB80A18E5640D320F996A81C9F32D6E9129A0D1EF74FCE750E6D57BC7165FBCA07504B0304140006080800B59B284F71FE6ACE4201000056050000300000006662782F30393842353544332D424136362D343638392D383437442D4530344136434139334345412F636E782E786D6CCD
310
94C14E032110865F6543E2B1B05B3DB40D4B130F3E8107E38D65A72B7617363018FBF60E75DB6A4CA3872636E140868FE4FF879F91EBF7A12FDE2044EB5DCD2A5EB2029CF1AD755DCD126E660B56AC950CDEE3178C154E0F50B35C664A76C1A7712AB5B0D1A9CFD5DEBAED54D488C1360921B2C2F43AC69A45F30283E63AA1
310
6F216E79AB51F38A07883E0503741FED00D37D134023B44CCDCB6A392B692D1EABE56ABE5CDDDD3E4B9149251BEFFB89B70E21F8F1665E1A4F5B47724A2932A0640A76A2B207A64EDA78639D1474AE6424BDAE9B38DC8D991BC7DE1A8DD428E10D02CE08023D48F1092B29B2E36FBE1FEE9F4E1A68D7DA00067DD8FD5B1BAA
310
736D384AE39488BF75610FFE66DE37AF64F9FFDEFDACE149D8C5EC1E921B29BA3F934079D2AEEBAFF1031CA55D3EFF3458D09A6B347D507621CF623F02E9E1F344541F504B0304140006080800B59B284F84C7B4527E000000A30000000B0000006662782F636E782E786D6C4D8C4D0AC3201805AF22DFDED6126315D4607E
310
0E121A13A489061B4B8F5F2D5974F5607833B2F96C2B7ADBF872C12BB85D0820EB1F61727E51908E1973408D963184E3EF06C88F9B55503068B9C490F6134D761ED35AE8EAFCF38444F0B6AEFB0AB786314C191798D37B8F07420DEB8CA8BAC164E35A943CBF5EDE92D75F504B0304140006080800B59B284FA6D797065F00
310
00008200000007000000636E782E786D6C4DCB3B0E80201045D1AD90E9FD7516806B51190811670C8A61F982B1B0BAC9C97B72CA7B1037C6D3332918DA1E04D2CAC69353902EDB8C20262D23F3F59B81A079470595414B17391D1F19B4730A5583A7ED43BBE4025D9592775E5ADFFA01504B0304140006080800B59B284FEC
310
FD112DA800000026010000130000005B436F6E74656E745F54797065735D2E786D6C7D4F4B0EC22010BD0A61DF525D18634ABB506FE00510A79458060253536F2FD89D5197F3FED3F68B9BD80362B21E25DFD40D6780DADF2C1AC9671AAA3D677DD75E9E0112CB5A4C928F44E12044D22338956A1F003333F8E814E5331A11
310
94BE2B0362DB343BA13D122055543278D79E6050F344ECBC6478EDCD76CE8EABAE5449AE4298AC56946789C28AAFBEABC53F3EAF09A84A1441B91F0101CD4780756578C173A578FFDDBD00504B0304140006080800B59B284F3DEE336E64000000790000001B0000006175746F6465736B2D64657369676E2D7061636B6167
310
652E786D6C35CBC10E83200C00D05F21DCA56CA76D41FC96062B120735B69A7DBE268BB7777961F8D5AF396893C2ADB70FE7ADA196782C2DF776D7A97B5933C430F15651E5469C55D70F80A4992A3ADC954792C525AE70A1E4D6AD9816CC044FEFDF01FE3FDE907802504B0304140006080800B59B284F05B506C3F4000000
310
8E0100003D0000006662782F30393842353544332D424136362D343638392D383437442D4530344136434139334345412F7265736F75726365732F322F636F72652E786D6C8550CB6EC32010FC156BEFD86047AE1D61A23896BFA0A7DE10100725068B47D5CF2F24AED49E2AADB4AB6166961D7AFA5A1FC5A7725E5B330029
310
3114CA082BB5590688E18A3A284E8C3A6BC32F1A1486AF6A800C03A38BB371DB21614D5026A3C64AB583DC7B15A0108F340CE0C54DADBCE4312486BF971B1777BEA892942F1EA3316AB94BB54C6EFAAA95038627329F7B7C419776C6E830351D1ADBE68CE6AE6EC7699CDFC6B9A35516331AF4FAB35D38C58392C06A4C7A84
310
5375EFA43FD6FDF1D07CD02A3319F5C1A59BF7A5F9BA44A7D50BFDE31637F9BF5BD42634F5EEF6527860247DEEF9C06895D349ED195DEA3949F60D504B0304140006080800B59B284F385931C3F9000000960100003B0000006662782F30393842353544332D424136362D343638392D383437442D45303441364341393343
310
45412F7265736F75726365732F636F72652E786D6C8550CB6AC33010FC15B3773F6407D70EB2421CE32FE8A937216D1C9158327A947E7EA5C485F65410AC989D99DD1D7AFA5A1FD9275AA78C1E80141564A885914A2F03047FCD3BC84E8C5A63FC2F1A649AAF38408281D1C59AB0ED9030DAA34EA8361277903B871E32F188
310
9F019CB8E1CA0B1E7C64B87BB17171E70B16A478F1180D41C95DAA647453578516583591F9DC5797FCD2CE557E989A2E1FDBE69CCF5DDD8ED338BF8D7347CB2466D4ABF567BAB0C83D4A607545FABC8AAF7B27FDB1EE8F87E6839689C9A8F336DEBC0F4DD701B3E84CB0021D2D5FDD3FAE6193FFBB06A57D53EFAE2F850346
310
E292CF06A3654A29966784B1A644D937504B0304140006080800B59B284FC5D0942FF1000000B1010000310000006662782F30393842353544332D424136362D343638392D383437442D4530344136434139334345412F636F72652E786D6C8D50C96EC32014FC15EBDDF11ED74498C859FEA0A7DE10101725068BA5CAE707
310
62576A6F91901E1A669879430E8FF99EFD48EB94D10354790999D4DC08A5A70182BFA21EB20325D618FF87069966B31C20C140C9644D5836881BEDA54EA836426E20734E7AC8F83D5E0670FC5BCE2C67C14786BBE50BE33736C9BCCA571E255ECDBF526E25F35200ADCB0AA3329EFEB3C2FB1AEFDBE68B14894949084A6C56
310
4A44777555D2022D717FDCEDCE0D3A8E5D87DAAEC7A86F3FCEE852B663771A7173BA8CA448624A9CB771E7ED93B4DDBBF255F82F7358C41B9995F64DBD19AE0A07B48A795E0F9414A9C0385EEDC699CAA64F504B0304140006080800B59B284F588AD39B52010000DD0200000C0000006662782F636F72652E786D6C8D52CB
310
6E833010FC15E43BEF2885CA380A89F8829E7A738C43AD808D8C8DF2F95DF310E5D0B402616B76677667043E3DBBD61BB91E8492058A8308795C32550BD914C89ABB9F21EF44B056CAFC68439EA41D2F908311C18D56B65F20A6A4E1D2A152D57C01E93070833CD6C2A54003FBE21D0DA835D0313C829EB2076D781007731F
310
C1D68A7AA18A1AD4C45D708D48748DAB731E5DFCCBB18AFCC335CDFCF2989EFD2A4B8EE5B5ACDECA2AC3A123136C44B74E679A53C36B449228CEFD08DEEC23CEDF93FCFD907EE2D075123C180D9E97A1CE1D22F7DB138733BED3B37DFDB79E15D2A4C9A23733064462586F2A101CBA7CE098C2DB670883213F436FED6AE101
310
D0C89951FA00955AD9AD34D2D672908EBCE9C1E15C05E549E0379DE485CE6B0D088ACA0656A306AE376BDCF4FD4E3DD7FE689E9E54BAA3EDB6DCBCE2F6DD06ED2CAD74A65AA5FFC35EADAE6186EEC724DF504B0304140006080800B59B284F22F9066608010000B201000008000000636F72652E786D6C8D50CB6EC32010FC
310
15C41D1BECC8B5234C14C7F217F4D41B05E2A2D860F188DABF2F24AED4DE2A212D9A99DD995D7AFA5C177057CE6B6B7A480A0C8132C24A6DE61EC670452D0427469DB5E1970C02C357D5C30C43466767E3B643C29AA04C468D956A07B9F72A402096F4E9A1171F6AE5058F2129FCADD8B8B8F15915A478EA180D7AFD69154E
310
F1A0246415261DC2E9B5AFA43B56DDF150BFD1322B198D51CBDD4ACBE4AEAF5A39C8F048A673872FE8D24C181DC6BA4543539FD1D456CD300ED3CB30B5B4CCCD8CFAE0D2CEFB90943300CFEFD997964F8AD1776B975D90424960CDF2954C6899893FA1E326FF115A9B5057FBC06787878CA4400F2219E70BA6F2386FAAF9DA
310
EC1B504B01021400140006080800B59B284F0000000000000000000000003700000000000000000000000000000000006662782F30393842353544332D424136362D343638392D383437442D4530344136434139334345412F617474726962757465732E62696E504B01021400140006080800B59B284F0000000000000000
310
000000003500000000000000000000000000550000006662782F30393842353544332D424136362D343638392D383437442D4530344136434139334345412F76657274696365732E62696E504B01021400140006080800B59B284FF270F13306000000040000003600000000000000000000000000A80000006662782F3039
310
3842353544332D424136362D343638392D383437442D4530344136434139334345412F747269616E676C65732E62696E504B01021400140006080800B59B284F88E57597CD3F0000904100004200000000000000000000000000020100006662782F30393842353544332D424136362D343638392D383437442D4530344136
310
434139334345412F7265736F75726365732F322F305F67656E657269632E706E67504B01021400140006080800B59B284F51464CB4890000004301000036000000000000000000000000002F4100006662782F30393842353544332D424136362D343638392D383437442D4530344136434139334345412F6469726563746F
310
72792E786D6C504B01021400140006080800B59B284F2415EC2D4A070000541C000034000000000000000000000000000C4200006662782F30393842353544332D424136362D343638392D383437442D4530344136434139334345412F6F626A656374732E786D6C504B01021400140006080800B59B284F90549425E10000
310
00550100003C00000000000000000000000000A84900006662782F30393842353544332D424136362D343638392D383437442D4530344136434139334345412F7265736F75726365732F322F636E782E786D6C504B01021400140006080800B59B284FFF15A4A45D000000800000003A00000000000000000000000000E34A
310
00006662782F30393842353544332D424136362D343638392D383437442D4530344136434139334345412F7265736F75726365732F636E782E786D6C504B01021400140006080800B59B284F71FE6ACE42010000560500003000000000000000000000000000984B00006662782F30393842353544332D424136362D343638
310
392D383437442D4530344136434139334345412F636E782E786D6C504B01021400140006080800B59B284F84C7B4527E000000A30000000B00000000000000000000000000284D00006662782F636E782E786D6C504B01021400140006080800B59B284FA6D797065F000000820000000700000000000000000000000000CF
310
4D0000636E782E786D6C504B01021400140006080800B59B284FECFD112DA8000000260100001300000000000000000000000000534E00005B436F6E74656E745F54797065735D2E786D6C504B01021400140006080800B59B284F3DEE336E64000000790000001B000000000000000000000000002C4F00006175746F6465
310
736B2D64657369676E2D7061636B6167652E786D6C504B01021400140006080800B59B284F05B506C3F40000008E0100003D00000000000000000000000000C94F00006662782F30393842353544332D424136362D343638392D383437442D4530344136434139334345412F7265736F75726365732F322F636F72652E786D
310
6C504B01021400140006080800B59B284F385931C3F9000000960100003B00000000000000000000000000185100006662782F30393842353544332D424136362D343638392D383437442D4530344136434139334345412F7265736F75726365732F636F72652E786D6C504B01021400140006080800B59B284FC5D0942FF1
310
000000B101000031000000000000000000000000006A5200006662782F30393842353544332D424136362D343638392D383437442D4530344136434139334345412F636F72652E786D6C504B01021400140006080800B59B284F588AD39B52010000DD0200000C00000000000000000000000000AA5300006662782F636F72
310
652E786D6C504B01021400140006080800B59B284F22F9066608010000B2010000080000000000000000000000000026550000636F72652E786D6C504B050600000000120012002D060000545600000000
  0
LAYOUT
  5
12
102
{ACAD_REACTORS
330
13
102
}
330
13
100
AcDbPlotSettings
  1

  2
none_device
  4
ANSI_A_(8.50_x_11.00_Inches)
  6

 40
6.349999904632568
 41
19.04999923706055
 42
6.350006103515625
 43
19.04998779296875
 44
215.8999938964844
 45
279.3999938964844
 46
0.0
 47
0.0
 48
0.0
 49
0.0
140
0.0
141
0.0
142
1.0
143
2.584895464708374
 70
 11952
 72
     0
 73
     1
 74
     0
  7
monochrome.ctb
 75
     0
147
0.3868628397755418
148
0.0
149
0.0
 76
     0
 77
     2
 78
   300
333
0
100
AcDbLayout
  1
Model
 70
     1
 71
     0
 10
0.0
 20
0.0
 11
12.0
 21
9.0
 12
0.0
 22
0.0
 32
0.0
 14
0.0
 24
0.0
 34
0.0
 15
0.0
 25
0.0
 35
0.0
146
0.0
 13
0.0
 23
0.0
 33
0.0
 16
1.0
 26
0.0
 36
0.0
 17
0.0
 27
1.0
 37
0.0
 76
     0
330
2
331
29
  0
DICTIONARY
  5
13
102
{ACAD_REACTORS
330
B
102
}
330
B
100
AcDbDictionary
281
     1
  3
Layout1
350
17
  3
Model
350
12
  0
LAYOUT
  5
17
102
{ACAD_XDICTIONARY
360
18
102
}
102
{ACAD_REACTORS
330
13
102
}
330
13
100
AcDbPlotSettings
  1

  2
none_device
  4
Letter_(8.50_x_11.00_Inches)
  6

 40
6.349999904632568
 41
6.349999904632568
 42
6.350006103515625
 43
6.350006103515625
 44
215.8999938964844
 45
279.3999938964844
 46
0.0
 47
0.0
 48
0.0
 49
0.0
140
0.0
141
0.0
142
1.0
143
1.0
 70
   688
 72
     0
 73
     1
 74
     5
  7
monochrome.ctb
 75
    16
147
1.0
148
0.0
149
0.0
 76
     0
 77
     2
 78
   300
333
0
100
AcDbLayout
  1
Layout1
 70
     1
 71
     1
 10
-0.2500002402958907
 20
-0.2499999962453767
 11
10.74999951940822
 21
8.249999763458733
 12
0.0
 22
0.0
 32
0.0
 14
1.049999952316284
 24
0.7999999523162842
 34
0.0
 15
9.449999570846559
 25
7.199999570846559
 35
0.0
146
0.0
 13
0.0
 23
0.0
 33
0.0
 16
1.0
 26
0.0
 36
0.0
 17
0.0
 27
1.0
 37
0.0
 76
     0
330
14
1001
ACAD_PSEXT
1000
None
1000
None
1000
Not applicable
1000
The layout will not be plotted unless a new plotter configuration name is selected.
1070
     0
  0
DICTIONARY
  5
18
330
17
100
AcDbDictionary
280
     1
281
     1
  0
DICTIONARY
  5
1B
330
1A
100
AcDbDictionary
280
     1
281
     1
  3
ACAD_LAYERFILTERS
360
1C
  3
ACAD_LAYERSTATES
360
1D
  3
ACLYDICTIONARY
360
1E
  0
DICTIONARY
  5
1C
102
{ACAD_REACTORS
330
1B
102
}
330
1B
100
AcDbDictionary
281
     1
  0
DICTIONARY
  5
1D
102
{ACAD_REACTORS
330
1B
102
}
330
1B
100
AcDbDictionary
281
     1
  0
DICTIONARY
  5
1E
102
{ACAD_REACTORS
330
1B
102
}
330
1B
100
AcDbDictionary
281
     1
1001
ACAD
1000
<All
  0
VISUALSTYLE
  5
2A
102
{ACAD_REACTORS
330
2B
102
}
330
2B
100
AcDbVisualStyle
  2
2dWireframe
 70
     4
177
     2
291
     0
 70
    58
 90
        0
176
     1
 90
        2
176
     1
 90
        1
176
     1
 90
        0
176
     1
 40
0.6
176
     1
 40
30.0
176
     1
 62
     7
420
-1023410177
176
     1
 90
        1
176
     1
 90
        4
176
     1
 62
     7
176
     1
 62
   257
176
     1
 90
        1
176
     1
 90
        1
176
     1
 40
1.0
176
     1
 90
        0
176
     1
 62
   257
176
     1
 40
1.0
176
     1
 90
        1
176
     1
 90
        6
176
     1
 90
        2
176
     1
 62
     7
176
     1
 90
        5
176
     1
 90
        0
176
     1
 90
        0
176
     1
290
     0
176
     1
 90
        1
176
     1
 40
0.0
176
     1
 90
        0
176
     1
290
     1
176
     1
290
     1
176
     1
290
     0
176
     1
290
     0
290
     0
176
     1
290
     0
290
     0
176
     1
290
     0
176
     1
290
     0
176
     1
 90
       50
176
     1
 40
0.0
176
     1
 40
1.0
176
     1
 90
        0
176
     1
 62
     0
420
-1040187392
176
     1
 90
       50
176
     1
 90
        3
176
     1
 62
     5
420
-1040187137
176
     1
290
     0
176
     1
 90
       50
176
     1
 90
       50
176
     1
 90
       50
176
     1
290
     0
176
     1
 90
       50
176
     1
 62
     0
176
     0
 40
1.0
176
     0
 90
        2
176
     1
  1
strokes_ogs.tif
176
     1
290
     0
176
     1
 40
1.0
176
     1
 40
1.0
176
     1
  0
DICTIONARY
  5
2B
102
{ACAD_REACTORS
330
B
102
}
330
B
100
AcDbDictionary
281
     1
  3
2dWireframe
350
2A
  3
3dWireframe
350
61
  3
Basic
350
853
  3
Brighten
350
858
  3
ColorChange
350
85C
  3
Conceptual
350
856
  3
Dim
350
857
  3
EdgeColorOff
350
864
  3
Facepattern
350
85B
  3
Flat
350
84F
  3
FlatWithEdges
350
850
  3
Gouraud
350
851
  3
GouraudWithEdges
350
852
  3
Hidden
350
855
  3
JitterOff
350
862
  3
Linepattern
350
85A
  3
OverhangOff
350
863
  3
Realistic
350
60
  3
Shaded
350
861
  3
Shaded with edges
350
860
  3
Shades of Gray
350
85D
  3
Sketchy
350
85E
  3
Thicken
350
859
  3
Wireframe
350
854
  3
X-Ray
350
85F
  0
DICTIONARY
  5
4E
102
{ACAD_REACTORS
330
B
102
}
330
B
100
AcDbDictionary
281
     1
  0
DICTIONARY
  5
4F
102
{ACAD_REACTORS
330
B
102
}
330
B
100
AcDbDictionary
281
     1
  3
Standard
350
5E
  0
DICTIONARY
  5
50
102
{ACAD_REACTORS
330
B
102
}
330
B
100
AcDbDictionary
281
     1
  0
DICTIONARY
  5
52
330
51
100
AcDbDictionary
280
     1
281
     1
  3
FBXASSET
360
53
  0
XRECORD
  5
53
102
{ACAD_REACTORS
330
52
102
}
330
52
100
AcDbXrecord
280
     1
 70
     1
 90
2070111275
 71
     1
  1
EE6289B3-B40D-4D33-B1FE-75E519E813A4
311
504B03041400060808003685324FD08FC4B81D010000A80100004F00000044354542304243412D303335382D343936322D383242382D3531453946343831434342422F4173736574446174612F446566696E6974696F6E4974657261746F7250726F706572746965732E62696E3590CF4AC43010C6A317F1E0C18317115964
311
1111B349FF649B2E886CDAD48B5EF40134D6B85B68BB4BD3227BDB83071FCEBB8FA3131C03DFFC864966E6239F84901F3C90921DD016E201F0D6B6B6ABCAC772691B43F6A0A236776663BB31A43C4C5491E998EA28CD699C2405955C711AF04444B91482277C17DEF9B6DCBE99A1EEFDCCFBCA95B6AE4D6B57833B84022E19
311
35A68765A69EF8A67DE2E31644C8FF85F393167F96BCCB7790795DCF6E8C73B6BF66B9D08AAB6C4E7924248DD3694865A82415814E8B580659A6147BB06E3574A5754CEB69285315511573F09F47900585A689D02248B50CA279CCFAA5FF9A23D834342FADA96AC6195A785AB70BB071FCF1FDFC053C419E2247C833E41879
311
8EBC405E22AF9013244786C85F504B03041400060808003685324FE9FC00B6EF000000300200004500000044354542304243412D303335382D343936322D383242382D3531453946343831434342422F4173736574446174612F496E7374616E636550726F706572746965732E62696EEB606060F80F054026032310370049
311
5E20ED9E9A975A94991C9C9C919A9BA8021470753533B2B07432D675323170D135713106B20CDD5C75CD4D5D4D0D2D5D2D0C8D1D4DD8111A415A8C0D4D5C5C8D4C2D754D4D4C8C754DCC8C0C759DDC9C5C740DCD8D0D9CCD9C9D2D1D5D2D81CAC0F63268C6F41FFAAA71C51E483301C51A8018C607D3403E107CB087A86660
311
10706010000B81091507041B2B0BA81102E00CACCA808270051F9881BC0620866A7D00A57980429800148E0819B821180A53763A6088A108606A0519AD81A4E6833D0B90078A2D3E200E2E4F2C49CED0752A4ACC4B494D01C930A4FDB7A5050600504B03041400060808003685324F88E57597CD3F0000904100006B000000
311
44354542304243412D303335382D343936322D383242382D3531453946343831434342422F5265736F75726365732F45453632383942332D423430442D344433332D423146452D3735453531394538313341342F7468756D626E61696C2F302F67656E657269635F706E67355B773CD4FF1FBF73E71C0E67EF7576C9DEF3EC
311
995D46C6A1EC5046649CBDF79E192942562825CE965D8A868C2842C8DE9FDFD1F7E7F138F7078FCF6B3F5FCFD7EBFDFEC41B196891913091804020321D6D7513FC77D8C5070EC3FFEE51B21F068154CC75D455CC028A3EA68992803810109FDDE5D5CEC5521B28A1B422BF80741695D5B529DA1C2D058AD2388BDA9F476F7C
311
2CADC939304173DBF48A452BF8A700C0C70C3D121C1AA15A5270C22E2B9E28763651F7DA0D12CE11077B2ECD0D560B5E3DE2368B1E65C5E1C87384A4CC5F2D9FB8BE39E9B77C753783A37998F5CEF1B4FEE553463245C9712270880DF339E0B882A6BA713D865F6F384C842D440934EF264F4A304F8DE4EEFA1E2BF5E2D91F
311
5ADD9613D6E31DDB33ED31DB1D7916CAF091286EA3D31B9CFECB78BB0060245B943C4C040119FF780A74DD308BA9D028678674EB5504ECF284EE814DAED07440BAF649BE4B55DA2890F4D73E2D489A59EE54FDB0A85B59F2F52C4858A02705C4815A792B0C4A996A2023ECB195073E115E3E3647F64243A8338F2000BCB58D
311
A5692C7E7C3D413F963FEDF3CF00FBB0F831A9D51360FECA43819F527B89FA260EB63C5DA676830AA3626A3693B23F1A17A0DFFCE3EE164E31B5365EDF0C89EF64D8E38AB0BA9A1117D7C3A0EC44F44F4023095E80BA610DE336D0F99593A88BFC5306E72DF98F7FD132ED95878DF2964EA7E43071359FD83B2BDF9C6B5BDF
311
768F0F3C0FC351199526F53D9460A34511F75D1B63E488178569472C91A94497807A3FD4A390C6558F26D416365C3656DE6E769DA9D8FC73774E1709812842DD8EF96AED1960F79D21B395CDDFE6F92CB4EB962A4668C76990E2EF29798C8941D67DA50F4A5F947872460F1F6FDB794E8A29FD7AC0C0D6E0714339CE258FB1
311
7AE8535221E3464A10F29A0BE5EEECEFC5675926A89F49EB14E5711894F6586DB5754EB4D5DA9C6437EBA57DB97A24F8B8A8DB295FFD73266CF57E82694DF5166DDF93573AFE9C9C5EB05F8FEF8E89E0A8917B0B3724DB7BEBB53252581EFC3E38166BA131A3A5B42FE2AD00A769BBFA4458D2DE7822F8C4F63D0B8E21B285
311
AE13325F3410A435C648C9D91FDEB109E73CEDA7BC796961AF79175E1A3CE4C5E8B0D009B0C9E29EFD98BC8E97554E3D8D838424E270F7685226E5AC268E021EDE3522D583E8F20C0BDE2959EF5BBFEEDAB32FE9A3ED0E39F211A86AA9DEBFC68182EDED132AB8BB794442D2D7EA9F4D8BFF52BC4D55BB165124EE90A42D10
311
1E67BBBB292FFB4F66DE5BF2300E44546757DA7CEF8932BFC9F92A0707953491A55C5A5ACEDABD9FA1AEA01BAC3DC5A24E22E7C47213493996EFBC369D086ED9397C9BA6C7F9855C7BD5E15BFC8C53DB3D2A4C5901A57ACD2FBDF4D1676E95338B2C2BCE65FDA4C64F5FEFDC7D9CA5AA1FCF11E193F2FDABF0F4916BF13FB9
311
16A224380E6462A9815F2300DC49CC4DF8D055CEF76462F4B7A7ACA7365C2707891370BC1D0AA6203C44CCAB47084FEC057F27FFCD57F89B8B9852459798A675C66BD7CE572CAF71FF7E6D7ECF7BF62CAB7B3F1107DCD04DC55A3F9961700286141C94A4F771FEB2BCDA2DDEE0CB0BAE402FF1DB0100F8E475DFFFC074DDB4
311
498AB7D186A7654DDB1CB680D703D47CEB4E72F8CB13D86A4AA68116E26387B93FD6738779B34FEDB8E517EDF2BAF28D9BE93A1D3A164320E07D42E514725C29515FF361754213EDE06B079A2E99EB1CA82A02019EADEEB87B9AF005BD04BBCECB14AACD6B24EFBE482194A97DD32400685FF1FEF1544D1B14EFB1E7F08E6D
311
2CD2AF52DE757F35F5E62332EE88EA26417AD5C3E0E319D68F25414E6D672BD4522B278C57D18F0113921C71D96527E091F00CEB15AE23D24667369BD3CEFA10C7549D930890BA4366F4EBC55F01F746109F98ABCDD5A3EE06619C6AD78AB33E48E4C9BD21BF7478B385EC05C4F8987E2C1BFA0A60EBEDAA0AE0B015C2720E
311
CE180FB6F2DEFBEB822D96338C9B63822183BBF52FB664A7AE57003AABCE512BF77E7E31BDA2E739AC4C131657DDFE5225E900FB56CC01CDE808FA4A9C9DA16AC679656BB64796283D89812B8F91136AE18EE5EBBAF47A73BE3C153EB5D4CD491B4BFB4FE690A4CF9ABA08C0D8AA64220C438C96EA6CA80B58FE5761E697B3
311
A292EB9FBDA502FA863E49FE694ADDFFF9D62C520BDD1A22014147A0903A05B9B729F54272EF83931FEEC057BFF8C8055C279EAC5C0011804828734024F6CFA319C9CC6867C727184465CD9BB7ED386AFFD96B294A85E3802FAE47244602D8273615952B98C4F23F7EAE4463D9D638EEE374A20959E0FE519C4CFB0FBFE5DD
311
80C2AA3F9DB961D1BDE57E67C9BB47B77FDD74EE3094F5DBBE3EBC1FBDB7393F5116263009E2EFE1AF9A221B2AE234C902BF70E9F280ED23E73908361565964333A3F01D0B006AF32FB21AA1316744B489D5A198E85299241735BE559675130955C902A8ED761FC0DBE337A9F91919AF5CE32AF902ADF9AB2615E00E8A9458
311
6BA1A90839B61832FF1BFB76D2EFADE6DB1BA04CCAD3DA649E7E2A0219F592E22F2AD54847EEA8E42271011E9074F8F3DD9FBA6CDF88FFC9FC7E811AD1CA8F4557CE4AFC7BBEDCF0114A48689F20A584520C74DA8127124B767E2FB91A6B186246727BE63C9445BAE02088D58B8EFDC0F1072407CD9B89A13F6303B4A928F5
311
93AD489B58E6869325790ADC406036C591729FE14021F94B7796BB11848D463536A092A26F077F94639F7CEEE2A724C66EC885F4A24F8B8A0AC321F8FD149BA529460FAA34E4663C02D41FDF80BCA222D42F0ABFF8490F4FA74C673807C2051D8E467B47B616072860069A9A303ABA9B319D58404461401B0A0F9BE5E1E151
311
C14BC33B32ABE03DDE91708DFAEB15E7C0D593C86BB7D7EC17BE56E57975F077BFD5525F3A1A361D584A75E08CF29FC7B44B2B3085014F3A5A14517377C3F6B8F37E59514C3B12F8AACDEDDA4DFC49BE5710101534CD6FB6DE15B50F11A09472AABA727F0C49D9CB906B158030065F48EB3625E010CEC1D511D0053474B11E
311
6A4F01C0D6EF1BED3A944FDEC70E0DDCDC756C86545910E0DAE3BE3AA9A404574C2995CD5CAF9549226BC94B4F4F0F5F9086F418F6B32346464610D8BC7391D3C3A3CCF04CFC1FB2A3A3170E369511868F14EEA4E5E438CC73DB1F3248AA94B6B2FF33B222FF3D1E7BF146CAD229770158063BCE4F5391964DF62F7E52A7BE
311
0EEA829C9E13C4C147D6F93FE59E111DAB5E4594D6F3CD1AD375EE039930EFE5AF2BB2D41C83C7DABD8C659BAFBE8FAB392CA634F3D15C1D945DB4588D2B0824A4EC928AAC565557CA2F0DAA588CA5BE30B3A8004F7BF005E96CBF891D7F18112A3619FDF530DC8AA64954258E1811789B5189B49B4EB53F5F89F7D3752389
311
4F3EB57B373763C91E502F52CC99EB7BDDF933FC324C4FFC2561DFFA7339FAFDD0A4BFBE6D3A8FF9ED1FC49898139864602458968913181918F719CCF5A68B2EE9C1FF050E34E63107003B8120FA982C21B30A874E4F5E4B38D5A8290C4B8D9BE48A0BE31EA995BDC37AC6DE90BA17D259DEF53605D55922FEB1855D915B65
311
9FBEB350EE0DFB2F9F766E1C84CC8964B75D08667445EAB966015F63A18A9E0A325C1B3DC628C0D3CB60F767FA93CC65F25458BD23C3B312716E5F40E5858AC06EBA9AB14F95DB99147B832069201541D09A0D856E12C629CF32683760EE855537D1901988D5EBC156676C7DD51D7207CF3267AF1D76C2AD867315E4461801
311
5313A98B19941C696FED3461CAA9B5415F918556D7802EDACEFD6B2E45853A9735DFC9DBF7E440F9319F8B6805A973BCCDC76C069A9144E51F187EDCC12FC31B5DEAAF0A76137199B106EC84ADA6B6EE697D4E6A96E007417F4E880E8B1E89B4BCE9D81EF611E2ED8F0C1A6C25F620FAFAAB656A7C42D464880E8AFAB0E0FC
311
8EA38CA9A8AEEAEE3E4648BA4680270A89743CDD3E6C6CBF34B7B640EFA285ABC7EA0A1E28F3CC963D114A80123EE66D0AF7D5380EB41909B605AB4765B709B808590458157E69BA1378FEC4B48CAF6A730E3BE3C5EF2DD1A5EAF94B1DDE50CEB55DDFD7EE9A16747FA4B223359FB1FCC69E1194892BABB93A1D5C4E807AC0
311
EA2E30180811E77A2291F6E7F7FAA5E0F60215BC6024E48DE436C511F0628B8CA189982D4D83CCA17D305A7E923C37941CFDFDCD93ACAF735EF5F0E61BBD3E6C41A59B242790D3A3BAC7064DCD89AA2E37214EC839820949D5CAA31E240D2948E48F690298974A96BA9A8432BC90F5071D6537C9666EA4564796B7AFFFA548
311
077BEEA75F63083435074BA182F3699557397F71548383FDA8CA34D99B981E72835ECDA5DDDC151315173D05A21F651AAF8524E88209E2E7A737ED1045800CE3390050BCFB8BE588DF111617874C62575039CA588EEFDEFEFE319B739DE2EDC147092A262611E159650E787917885EF08F1F51B8F2D8A71D60B58B190FEF95
311
41A1BE94BC19FEA50784DA1419FE4B0FB51B8D36B5FF8E1286FD8AF42B91E59A5F1CC4D60174E764045FD8C57B18209B217F89A62252BD20BE0E63E12B8E8F029FE19E0E8D0870F58721A557082250D5424F7909369376E41666C0EE77CD87CB283F661D5FB6D0DA023CB67320A20DC7BE661E9E1BFE5463085C557DA1FF9B
311
E835733766C3D139F2CF9E2208873AD0EB4814DE9E6BF2CAF81614D4D43906ED1C05A3265CABBFE192770FC2F64F940CB6B17B5F166F133C9AEEAD2641807C3E69515171DD74C4A85311513D6EC9530B3B601B6BA3EBFF3B5C3D2F7D69765141E345F75433953D013ADDF8F6AA7DC3F4A7563FE5C7D367937E2900D7EAD0F9
311
FC9A4A1A9B5BDF1FEF08532660C01C5D6DE22199AA774383E306DAB87E301ABB7D213887F9869D4942D0D71E94B27EDF216A318BD488D45DF84529EF575AF3C3938C0AAA0215B01994153E2054A0B894DA5C784980633AAD48576957CF4AEAEAFADC7C587368551C73DBE1E57C58AC713303A8BFC258BD04B51724459FF9E2
311
4C03A81E0E0679CEB9B348C0DC998FEB9C6D6EFA77D247CC8F92D3848599ED89A23218D0636465AD1CEEB7DC140D7426F83491C4E8E8281C2FB35240918FFECE880CA2A42D70E8B20B34DF5221C7DB0CF90ECCB9C745B37A47E9B716FF7A97B7A252C1F3814DC7B1E1A7F72B8751D524EF7CAE45B0C73B3BE7D08ED39781B3
311
80DDFC9AA4A4749C9493DB5BAD07A6EA6C092FBD0E85DB004DF06B8C9D3089C5320187E4CE1846158C7EA7DDAE8AD9AFFF21AA3A1026BB06A259845E8232DEE62811A4DA9CEAB3A4887320B76E2AE5615EAB7BDF738CBDD01F1E64064BC13D9EC53576751CA8CACD58B3CEB0E6CA585BD089B2A59B9FC101403387AADBDBE7
311
0586B93D64BF3AD4453EF9C3B6A93817E8346991798601344F79A83C51F3D50F7BF2683A3605F51A72449489E0EE6169C749C60B1035651103AEE24D24E51A759C840DD3FC6504DA6FE107510E447B43461C79D22970B75DE5E1BD3007D1AFC619A4A4A69B5626AF5E9B8374E20677F77E2F8E73DF868E8BEC7EBA7B6A75EE
311
F7205E1AB9486CB642741D6E03FF13FCCEDB1C4AC129886268B01CDF4B124AF797CF784F3C6DEC97A17D4B558070A0F1C04DA4FF9BDBF34159AEFE958479824B3F58EBD1E19088A2AFDE501B6F2052368A3FD0E650A179EFAB1561E1D27527077136E652676C3670F42DCB3352F48F6BC86D2C3B0051727E41A0A4DC6CE2BE
311
9D47F5CAA2935A3C0539AF080665997194ABECD723B08129CC5B6B21D2E7D54CD4D12610E7E9FB8306771A89576C7A982002775ED44F3F744CF21EEBB27A631671D921938AAEE3EB0D19CD1E083727F607823E817BF599DCED5394E37EEBC2E88782E638920CA641EF74D4CDFCDEF06F4278ECB18E31E7E9876F2D783C8BF4
311
29C75395F57E98C2B495A3DA077EB3AC3C158608B6B57FE3EA48484D9A480096FCEE0DE880950E7E5A5714131C5C41AAA29FD19AE81AC145FA1B9E85C7169A5AB837B213493DF7E9AA4B5FBF9CDEB36EBD21EF1181B7CF7366AB2A951D01E37AF4EB835D1BE8C117CFBE7625D2EBCDB0B20C5A4B45CED0BCDE3EE8DA9DA78C
311
2E21DEAAFFD1197E463C33CC6A80FB785669B856EFF7A8CCCA2841B5A5369173320B1170C368B2748D81062EA0296E5E2D95D7667A4A46D98A6FF475C76AAB0A8C8D45E226FAFC9FE0133EA9F60111F99CA81ACE03A1D14C89E8B0D69079C91464FA1D99E651D0EAF606F345C42A8A1AA9BA391031582B96D5B4176A77AADB
311
01F12FD298A75DEEBB2C82F0B8650E880722F8DDD90C56A7A058E5FDEF1AC93545BA27367C76F5D8F9690CB6F8DAE141EDD7971F0FB548A2AE435F224D6E5954CA155512F7332029D5A1230854B79F258EC5FFDB09F5F6343A8EB193229B7F7E79B3E48F8E183860B38C8269D1B53738FF1E0BACF6AADA6D4869E9DE708E79
311
B5DADCC09B1BC76F649731CFAF59A83FD8BAE4C749D66FA87A3810D4D62FFE826FA400C0F325D2BC0F3CA35F5847B82A2ACC7961745C823E4D863D54460AF792CE6F79B5C7A33B25C3AEA6CDE15A919B6367D781E9D44F61BF828672594A3E1D9EDD6DF179A81F27EAC05B936575D73E05C209DDD2115CFB705DF9BBF3C911
311
589B3640735E9E618FC9C36A7326C82B2205E244C55D56FDB9D5DC93CE958D4BF8174D2B3DA54CB3C09F2C2A6DFF73D23B2197355761AD421EC581284A7EF8DE2CE3497C0C804D49B41DFD6A7360844E5BEFFB495CFCDB97A4595911CDBA623274CE852B5E278AF0BEB1770E9D37CD977B2766A7DED0E94B840E1E95E8C77D
311
E5CB6354AF7871427C28ADBEEF7BA0A28E19DE9ACD75F379FE373EAE6DDDAE3834692F9C2B03B4FCA8FCA9ABE8EEEBEBB725B88A7C90941E850682CA04061A7DF0CE82ED49BFAFFD42C309818FAE14755CAAE78B0F73243ECCCAD7DF58FCB9CDFAE7A4D3E6671A613639130D056C8383C8F4FCF4808C331E544DD26E4755D0
311
9EA05253B3049A1E32587CC25D72E073E2CD96D04A71BBCB0038FEC3F53D254199C3CDC67CD66640269431860225392B2CB3ECD0B4498AAE78BA1994246AE1EE78F2EDFB79F6C6CB6B5E279C4D373FBC21CB2698C9ACBBEB6A4BB6B39E16AB0E421CCBFC7654D81ED86022F9BB522146F9F4772E2D0E4FA70120C95A85A417
311
BF5078B232F4754363EB1750B2AC2148EB46B1EA72AD9B4D23ADCBC589D70106C3EC2ABEEED84DFE28E718C6C83502C28E9FDD3B09DA0A6F6F7B72B706A31C9E2A331EE70DA56A083D2177BFD63C55B11D8D949FAFCF90B23A1E24B9B5018B9A17E99F2890EC302F330FE7936E2C23F0D237EC8916F5166AB84B62A21BB0B9
311
50146962D754F92CC2C8877BED8FC7B7B25726DD19545392570B3A2C66B58F027BEF412E552D12A588C4A3CC5C3193FCB3485EFFF700D0B9EEC077754A33DC1FB9E25AF814628F91DDFECB667D3F7690803F38D13F8AE39353523BB08FC6760144AFA2CE28236F65EDBB3D5F59A57D612B99E3D7E5F8A851666BF9B5A6658E
311
FC96EEB37A378ABB0EB3FDDF1303AF32C41BD1C8560745D7BD81066B0D6313359CF488563D3BA3F8E2185D1FAA3EBA1397C9D0E3DD232180A4DCADB6AF25DB3AC3CC26589C8239E66E81547BC7E2F328F9884764CA37EB5DBE390DFC03A5246B456A7C3684C4377D0EEF9A350680FA9A077E8B2957B489E09AB1AD41316944
311
C2254B5984830F691C93CAA767EECF976FA5647538830B5E63236A6F0365C1E0F3E327F24FE35EDDBD7360B0F7374837409F7A6311BECC12B7026D4FA1AE204FA3F5FE904B1F420C7A9044AE58E403E7C4848E7DA25DC9EDAC79DD756FAA26B9EA83ACE8A214A2612A22AFA19DAE7DBAC5F8CDE1292A485F98DAC731A29FE0
311
1A3966E96BCB9FB5A4C8830E1B9AF0C54B87FBE221A097036E5D28D1F869F810C06A9BB0AC0612F69AEBAF893C6E7AD59460208BAB3A6B09CA4F6BDDAB8CF0D1F84B72487498395A70DCD754796E271099A567A55CF242BBED64696378BB6CF25EF0FCDB589F3A82F1116D010A9AB9FA4358809EE0C973A2B4229BAA876A70
311
B03AB49CBA7FBE71DB1832FFD32F9BF2C8E98075CACAFB36921235D0F552B6A67E94E094097A5D7DF681B40623DA535ADA7A9AD8E9A62407D7C9A5AE51D62A17A83A23728DE86BB56115804D3F2675F2C6B87541A0FC497BF0CA86420F558C9859EBE9FAD62747E323E3AADC03FDCDDFE7407B09DA90B44E3185723C5381EA
311
EF589765E2F7A099BA46695BAD60CEF3491B8A171F5F56444F7CE9455312C3498C74173AEA0214EC029833B34B650CBB5A5508D5091665309642791708ECF27CF11DB3D797D6CFE474453BD4BFADB768094B2147814D81C7CBAF8228DCAF5564B5891F5EF6A860EB2E323CB82AB868D8EA048880D63B0DE5341F1B3D53297B
311
928A11E15F25E5148990F710747C3509ED14909C552EBE3973246FCE55D00564D8310BC3EBC5085D08D806799B77D6C57FDF5E55837F9E934F09C03C729271B64F12D0A9F9E938107CAF7BF1EC8CF1BB9B42363D33070F4CACB425E605DDB0A34A12BB936DE286B9887A4E2E558F0886498BFF49C311D96C277CF6A9FC0D75
311
AD0ECC5226D7E0E3572012E56D7FDE4410CEC7A6D0F997F225A2055B8B92E3956E875AE4993CB3D4C9063AF98FD45E1BAB165640A43439A2C9181A7C355B297C0A0CCFFAE19B6FA3C2BA238A885FBC98B8F6DAF4B94B97304878DF4D8BFF6A4AEDF79E90ED4E68F00CD7299F4E0D83E35601AF0CBEF18C1E870E74758FA91F
311
5131075004DB3CFCF09AE1DABC11957FD9808C92E8A678CE9DBE40DDA0E0D1D505AAFBCBA208232BFB6FB3704E8985E61ADE53DE74152F5C7DE74B1DEDCD37DC3E8FB30D7EBA8B9EFFC3606BF90B8D438279CB7709FC7C00D327F41817EEA71CD9E49FE9C8C9A81C70915D9F0F15958EC5AA4C3BBFAF46986B90F188BDB24B
311
89DE3C6F29EC3E6F66D84856EE96A35E657CA41B41EFD8DBFA16AD6E91439EA92B40B21C053249F51AE50EB0B24C770FFAF40DF12C8436366819C48E36547D4E7B72FE2BBF10828583057814A668BDF183F6B2E58DFB151103E56303E63D00F39C27C4661605DB644D19175D02E3F0241E8FC3458D17AAAADB117CE9EEA690
311
D0DB01E634878C04C2C9310B69FCAB831151E3AD293BEF6E46B0ABCECB50F5939B39C613D41E81FAE8D34CAE3C4566B761D37185FE864AC32FCB71AEF39DAA5BAB88609BB980CD2F07A8F941653B529567726E2B2A58D079DD57E1E5E31426CF184A04D7B03B985F276D47406AF276FE32E3328BA866EB1FD39BEF57863A31
311
7634AA5FE467409B3873F5069EF0D71AF00AD189D17BA1974ECDB2D623E9E14086386A6AAB5807825C37B015BFE892AFD154920EC437EB945D958E18622E1E0FE2FA06557CE4BB9BBD05A2D40E774DA2B65473791E314B7D6C886820B2FCFE4AA272B3B8B15E7344A145E8AF919B5454D89D36D413E87211186BF6F645E5EC
311
94DCCE8E1C799022E4EC9BC86D7A0F2AFB1FC4B2CE48F84B3F49ECE65BAD24CADCC07EFF39AB06BE9E6B27A059938EA7208838455383DDBCFCD967DDE4650EF92A14FF933C975DB20BD7FEEBC4487576485963D757D16340D9599FEB362F775F38CA4185A86F74B629C81B133644A3B18FD056E997E0734F9BE26D11C0AAFC
311
669E2AC9FC41D281F8B2E1C35AE27BCE05F3DA295488096688719D974DF1B5D182DB7792288697F8763CFB43562C1CDEE11C4AABD5C22B6E33F6F389CFC3477C5919DC0D533F8A7A1846B7ADB60ABDC26C43D0CFC8910B7C15EE22675BD02702ED39DB77A87A192CA7A543E6205B979B9F5A6B512A3CA799E198B2D5797C0A
311
F8D1D872CA455D4D431A7879D4DD76110B5FF7F4176B54477A9EB5E4A5D11214FDA585F0382751D8E2582BA5D2075053298FEB8F1537304E32CB22C2E2B693DC0A760B1DFCA751BDC445AFDCBB12820ED85F6D5298933C7EF1211E9E057684056CDA3FEF3BB6052355E162DF27C59E965A8DDB7F9437EB72CDDA3A090DE65A
311
5B2F50326247B7EC67B73ACC7047FC9B353D6EE990F772207C6EC52B39DC2F3C0754821DAB559F7C1809C7D0DD5B0499D0442E0A6E391B3D5DB46D11E731E6794EC77523FBDAA242ED67F9FA1FB684255671F63C9BCFE6E7E896D51001A6113EF2298BA494E0B0980D1FA5B9D60796554C02256B1E0345FB7C6186B6A19D2D
311
CA270416262845FA4F42DB5D9B0A0B6F07FCA2E56C242522E001E0CEB734AF310FC8BFB57E38E03AACE93B3326A2197891E68452B26A6307FDABFEE0223D3C03C3C73D2D5BC054C8311F12004CAE488E5C29287F8156A2CAA4AD0D7BE6B97264E4139F437CE73ADF52E5134C52B819777C18B323A5924E4F67AFD13B1CDC3A
311
61793A79FAF5C0CEB718E441071E797C6DCCB9EFCF7E4A1E9F3DF3C2F9C9E8294E9586868788C972857FB0556D7A26941A7EEB9B580AD78EC40B85DC906B4120A563CA3B87797ED612D3B035962BB75F6515A393F4CB057F564CDF54F2E5A024514E6A1F901DB80C7E70B1FC05E356A7E72FABF4775B3E3FB8F70A2A8E7B6A
311
94542BB304157978CCC999E707A29CC795E67A59CC546A5D47B368954CA7B6E75EC9E1F6FC73CE3B4F71F8CB1A6B15923D61EAAEB14626AAA9D04A26EB9C66CD1BE86CA31A5D8703DE04CD1EBCE4F5CCB62F93909AD11E55799A781A956ED27D3E738F4538CB04ADABC7DAEF20BC35BA6A90BCC1DC61BA05F20D8832FFB9BC
311
9B15E2DB838A0AFBB7E0C82A562127E0446894F427794C3037186F622BF24DE1B00AA10A23BFA47B2A180D6DA5AD6F7326FEB8C100C2D7142EB2A0B2A9D1008A09BA343D70E054AB69E2A7EDB783CBD92537FAF4A44D1296AC2792729104B3276C276C951D0CF3CF3F1E6B017720A7B8505A5FF9589365979678C36F1BAF75
311
9EAF57C60F1FF5FE9DCF5F8E764FF25A2D06CF25117A8FED51884C13B2B750DB0E4F5E3D64124FCF11F0AD8F1CC3B3DA4B38ED22BF1CB2585EE6BFEBBA63FBFD44F9537B9B37BDD6B358720F98A8125AED4349CCFEB0E135F19E208A04CA7E2B10711185D72E381F448036EF57C9F874E54A971CA37A639E986AC0226DC5AA
311
00D5B14FEA9192234B3DE617814FC221C92F33F1D392F297731B567FD98FD91D989379AF567A65B8ADF177591DB90FBEA99BF4ED11B16E50A0AB1DBF1156D034BBE04D69D08F939D8E92BF525A1DDAFF80ECBC95D8F45D3FDD289FD23F7D8B452F8EBB34EC082DEEE68E18EDDF072060FAD2AB1504DD4879BF67099FC58F6E
311
9DEFBF645D16334A3E9A127C6F1AF6132CF287E433B43A0EE93812B4AA0B194E03EE3FF91EF9C6ED0074A2F6EB18A96A7C9890B1FCDA1F2095E944DB911ED54C60DF16FB74C8CE9BDC7C54C4F14078CF73C2FFF1F1BBCCD7CF64F71407EA1683DBC410D226627F66E509060D5C0AFD611DE681D509DB8DD12FB1265B03C6F5
311
C55FF4C30BD94187FF692B4F152982502F193098A789526A038AB529A52BC0DC4FB6285CBAC10A8B8DB75DCD9BDABBB221E27D1F8DA9F5EE5926A1C8AA9BA9BC09239C6A7F12914EA3B59EFF7AAEC3FFCCE56F1C5C2980AD072793527565E774F4631DB178CEEC691B1F367BEA0CF2907E1D6B854D527065979DDEF002D8B2
311
ACEA7CE21AE297737EDE1D45B31233B73FEA35BCFDD0B09721FDBAF6432681F2FD10C3E9EFB246FD6E854B344ACC9D8A0EEF876A7314B49B6A499FC650B099D650DBFEC7638ADFD245E2B7839DA5AC5F7D5623FC0ECEEC8653FC9B2BDD1AD4D00A566FBA7186DD3C9CD26512551637498CADB950FEC71ADB9A5524285DE328
311
B8EC7EC75D2345AEC6A27C42AF6D9B92155315C80DBFCABBB7DA0FAE425C4FB896B15C9BFAC4FE67DF5A23D30C93DA4D8F36FB15D100050DA6062E22AEC5F4DAC4F6FEEF97AE05DE63C6D38F9E068A20BC5E3B6BCD75320C5090924E7F93640A7735B1A43451C2D91EE62C6238B797349E59890AF3A520DF4A87095F3ABEC2
311
E61F0593416CE46CDCBE0E00E2523FCCD04408588B5B6C9DB6459C786CE378770B54F51DA3A5E1DF2A3349BEAAC234A6CF8993B598B3B25B4B113E353A4D750FA7534749430F3EBF2512E7EA3FD43C6AB9A1F765A58463B306721A15D224FAFE8C6F5E3432D57EE697DA0DD5A9D4866A8BCCAAA9DFF1F06047851408FEC060
311
471D0E3EB86BFAF46E4B5E60311DC3E3CEA147C75CF971BE74689507154FF2D2E92F15CDB2B9182B11459FD8ACAC5A85F174BC94A7F4EE4C4F5CAFA7C02E37BF0BC77B7DCD0C047BC316F562A01A441AFA7931CC84A28CB9F4AA367EB515778F29BFE61195FA671F4352E5E46E3A64773F1F76EE5EB36D7BCE9BCEAD837A4D
311
77F8DB8C92AEEF6711920D7C7D0F76B0FD0EB7AB83724CD35BCA7D36DDDF5FBB7FF6F04A91F3E2BB3B8F1A43CD659639507FF6331C5F697BCC782AE57D757A27D97F1AB9E0AEDB43F92F1B2AACDF5FEC8ADBAF9F814E2027003BA2F9E144B1938A7A04050AE5D953B82C45619165C813A10E76DD6906B3C16438064D14CDA7
311
13AEC420034613E1AC7241904A49FBF87409AFB1FCB9B72FE7933A87D8FBEDACECE4EDCF6A4FE9FB94D5DEB74FAB7CFEAE17EE965DF980DCCA2D04134994F9A2E94D2265DA4FE6AA7B7AC15FACAC2B5ABBCD7DFF542C5314FDAB2E1B9D8B65220B8E2B638BE008E8DCA22678C820C5053664D15E89F2D735B51A84955E81A4
311
43545E9FF787BE0FA700A76D136C27DA179A7C6E8939E01BE756E19CB292798063D8B97F44E8A27BCF3A614FEB8BE974A718E86F7EC99B53CA35FA24F61F2B07266684623A3D4CF073E511F3A10A8FDAFAF0078C577F4DF9D339FE7862E5FA47CF4344209E5BF76D783B1B48E152AD281B15FCB934DCDA49CEC5706B1EE8B4
311
60F435324A5CAD154725E21AB8044B75A557A79F6C807B9340AA3D92503E866F4274412926C8C504E4D5EF8C0E68DD0B028781A6B4054F11CF18941F101C57CCC796773ABC8DED9CD91FE5788806C05E548895354AEAC96546D55B0E94A59F148D061F42AA398D822CDECA4CDE79E13469BDCC44FDC990F366BA5978C15F97
311
ED80CBFD73B0CD9B8B83A4F6845BDFBFAF034019473FB9A63BD55D3A4A7284757071574029A4D016DCCBE95DD679EF3C4880BF169422F8C89B68A988D2B13793CAED4F74DE7486C72DC94DF46B8E93D8E02EFCB1FF9B3BA10C8AE7F653DF94F4AF466CDDCEF5776687F7C4C14B63E4EED1719DC2EC482D7DBCC7AE518CDE3D
311
5FF86D39000EC3673C0044E1D308BF05F74D1B5F033A7D1BE7F74BC55BBE3E4A20F920946CA0271EB17BD2B80E5660ACB8A29A79F5E4BBA49D4D945B6EEF4A7EFEAA65E5555BBB57A7E15D2F83C69F30BBB978D2B39F1F26FC097424D39BB33CA3D87ABF64E307938B685BAD44F71556A30B7E712CA4FE600613C3E554B69A
311
DE949A7CFE214DF1FFF05CB82151EC6FC31950239F94CF7AD39DC473F6EA356E5EC2C4EFA04383CEFE985A127484366FBEE3C0EC4FEA363E4F6632AE781392FD45D67B63FB8DF70E82734F431FD3443172A0E30A83D60982D55FA6A2CF86DBA8382502ACC6CDEF3B907982EED1160E14863FA242F9757347E1544275CCDCF7
311
1ECD5F8621CBEA326B8BA884AD7F825781923E66971F04010D574C541D8427A438A37EEF8AF88240EED7362C953F5A81DE2D56109CDE2524EA0F5D2F87308C0C47BD97AD605878AB8589E17CA83930CB5E0DCCD75853D68B1AB136594926DE426C367428E9334AFAFF90ECE221BB5DC9E5BB53D2CDEF954EAA9CD814F0E572
311
5F1965DD458E5F8487683AD86B9D0076BE3EE91EB1CECC5331A67A3F79D8B27587C12EC2A6A70474749F27B4C0BBAFB94B34189E88DC18964BE4121B9137FD516C7755356E50D6714E31ACD222621EBBCD1CFF81D87479056A9DA0E0B8EA19D24CF937DA89F78E8650CCBDC110AAB6C4E46DCBFD0446BA9E2060E81F314AC2
311
031E88135E5476AC0160EF5C0DD2EEF1B8B5CB2D198BE9A554A9093B5F7D7E4B5407DDFCA1D9C152FD97F55BFFFDFE802954DFEC8995B983E28AC92F1971E28F531DC407A1280EB125F64A72E617EFB27DFBCEDCDA2D6F2BDADA36873EE46B9BE1782998C63DA7182BC383FB6FD15DA472B175D7E8B4FC88F38D6E07FEAA3F
311
A3CBB8F6B449ECF14D2175E5C5CCA3A42ABF24CA6C9395AF74535F4DDB38CB84F56614B0FD32D7E19CA5CF988DB4449C40E23DF2B16772594554579094450F56F253CD25EA7F77366FB1CFE79696C428BB64D5A41E986189427E5E4D7E2DAE3D5BB4972B3DC44EAABDDDD63A2264ECFA5C786EB0EE1FDC5BE34FA0F0837686
311
9FD1E61EA06CAE15191135445EE8F0394161C3266A596AA035572BB0C8876180D8B9C77D307DF9DCDF7365ABDA6F3A2366436457A4DFC1F259666569A9E4A79C817BDD5610E5200FCE894A358EC72858D50EF67545DA81C6FACE3D457BAF70367E1E6BDD9A952FB4F56247F58F523B97E640246051A72F79BE42FFA0B3187F
311
63097F91C48B868586F714B0EBD5A00A8412C1236E1298F60C72BE6C96B82B404CADAA304AE9F303176B14BA53FBC2D5E86377E35542019E24D97B96A49B2C0E5006E7795954DEAF5DA58958839043C6C70BD3B1B33B6DC5C31316D8A6923F142E26F6711A2258AF977DDF1F970ECC4F1F2B434B96D81BEB6E89BF3BBB3C7C
311
8CC80505070723D6D7D7D3C8CA27CA164A26024FED94B12A86031867241DA53D929636DA600F050BC40CE48B8BA03D69224720DEE2ED2127390BDF5E6EA64527BBD4C4C63FA76BB801FEEC0E61218EC98A8A86CD8313781617877E66692839B9468CF4DB8E50A73986E558E309C0D6F676F921BE02F1185454DC75B111572F
311
F9D27D85EA14C05AD7271225B391C4275659CA4A43759D0BA44639BE4C30A84DB7F67A41399FB95CBF923B1B1672ABC807C1590557FB18D811983FA97F5E609516D62281D38B1281F68FC75528C35E4CD7DF0F7DBB5E5DD69C414EBEA2F4A5B241B996BA77AE6C772E367408C633EA3E438B68563EA8BE7667F3A4C4FDEEA5
311
2ABD78A2820F443B7914A15F180018D231E64519C56A12F6CA7C8DAE18F06F6B769DBF92329EF6A5D18FBCE600F36BD8E8198DE5CDAA96181F3A756EBA5501CEE58F497EA4F418A2B82565B9BCC611713C0B708CCA1F398B78C5F7D03B3437CC18F13061F55C7BEDADD5ACB1DB0E36D3CE47FF6EA1A563A57E9649EA5D14D1
311
A50EAA457463381C073777EF1600607BAF6428A7DDC079D47A204EF1E1F1F0589FB054D45E02CE623B3823C317C601E589E22B1E88B448524B86A82828E32345EC18AE17214B42F8C41C6D428016D9BA31DDCB47572561E5A402E5BA4FCE55F78AF7268524AA04130F3A20BA5D1E9F9948EA48FC8F5314FDB35E2189819806
311
0034ACE5E3E2BBCA34092518F275190AF65F45867FF0900AA4B81F25427414C372BF51DC29AA855C5428EE1EEDD6B849AD60F6E73475C2D2523F8A2772C840A478DED18A8C5C91B085F255DC4F54EA7AA8947354FD17ECF8FB3B4A0DE7B483CAF3A1165EE05BBA413E5C1FEF3DE1D6B8F2F3F3251C17D9FCAB48A9AAF63AC7
311
73A0E413BBC46A9ADF84A566FC920E4D8C52C9769EE3301CADEEEDD92B312E02E2A7E35B7F1E7D203FE5A7D75578B06E99D0E46FFADB8FDA17ED8880390DA29094202D6F645F76F6F96409CDA05495A96E84B04A00D1A6C6C81D7F3DE9376E828CCF144EE50E364ACCE7237EA0BFB5607ED1AC3CFE73794E5B61739D14DF17
311
43441B1AC98F00ECEDE9E7301FA29755FBEFA68C91EF2B314CF510537EF1ABFC9A762496280B546F5EDAAF8A5B387D469FC9A878A92828C88608453ACEC6094DCA54111E7AD5B2663DFE2DD151B7F123B9F4FEF8EE36AB125FD7AD52A59B1B765B3E3F73E3F73DEA93875004D2AFFE3CDE9493B87A9904DD052028949041A9
311
1DC0E1BA47BA714343FD5B25E0A6A09503AFC17C790058A836A324FE31D7893512E28230332F153181C1E018E1124EBE1BA262AA428A518237D1EA7275E48C5C561BD19ED6912EDD8367DA0F31E40EEAE9683DA9257525AEA7B632B97119E17145A90231768A4F3B9120FF32E8319B015E3CBE26F1A754177D8185345817C0
311
96B0CE443A955D13AC15E1FB5DEEA0239EC32A3C92241A237B0B02FFCB4F93CF2B02570C8D192E2F2A68CEEB42F12E6F8CEEFF46C251E22B4341C56FB08CCE550E7A9D6F4D6564B9EA52A83D5BF2C6E03FA19D2775E15A8A7ACF30A13C259EE7F5EF2AC3BA354F1500E1A07FC63FB4686E2F12EC69719F9ECF5FE3F35598DF
311
2CE944008CE78F0911BA5BE5D0A34E0098FF038669C26030BA9B300303039852A8F6F496341737CA7E0D2E3AAA36DE0A70AA7D9CA0D54D9AD84B18A44C9E625475E1C97B93BEBB38DCE7D227E67A2D00F531436136355F243D1FC0D712C5765754FA22FCFFAE97919161F46D6E61ACB37D83777B385889770B50765B127768
311
443A5C4D3A4E35A3151111F146B7CA116F918A049F1C272F2CD7976C69A0068773451659A97E0F4A08FE604C3FF6CE7385DB19F4D3ABC8A0D80DA8A42096AC377DB49382B36E270B6FA7570188B4B7D1DDDDA82ACA487CCA5D38BD3BD039ADBAFA4ACFF27809239B722081E2EB9F145320553D183F28471C388BC8814E5045
311
676767AB58A8E72D1CED2CA731379515D2E533E4CF0B39DFC625F97AC4836831A4DE330E87A8126FA17EBE583D614E71E22A8DBF2825599743E0640037303E8E1B1E8EA4E1ABFA4F62907B5E4E0E5DCFDAB417C36C6848A2B8D15F1E505434C0707E16B1CFC2A1C36A42BBF55734F8F4301DDC2A5110CEE8C0747F69519265
311
012A2174BF4E955ECD4FDE095A3ABC70536B7AD0B9D7892F81287D667C108703C9B66A221E9A0929D030008F77FF6F5D2108EF5706FC87A3069B976F7C9FC3239D13D283CDEA83597461079FEEE049B0F392889898B7D87D31F8D60ED7B56B91823A8E4EDDB36C6172ECEE42BD42B12CD67994FA0F0DFAE9389356F4CD4425
311
A4B8AA55CBF7ECD585C6A2C2316791E43D5C06841ADBB226A87FD61515FFBB0167B74E56BD7F3E90A57A97FEDCBDF483A0D6699A8C0849CAEB4947FAA90D8E332D9DEBD9F4738C37DA0CAF9CF3DAA68BCB67C420459C7A64498D6E848E5CADE92BB6901F607AA331104A67F7CD650EE169B1DAE94D2C31C2F993632259B695
311
7E246EFE4C5481107B07118607700040E5812A2A2A38DA0076875258C753F60E0F2662C748EDD5F3F3686B8FC3BD6FE631ECCAA1E8B1C1E565AD117E54893E79F4672E32F9E46B2A183DFDCF3EECB4D4D077DBEA0DA254D256045109670050129E9B9B1A9E4A11344D61497A992778095151510C4BB7EF2009B63AA4360635
311
312E4CF668B7E0D3D85A8688E2BD83B569439892ADB63461930D428E0DE42E4AC57CE48DA5CC1449530D8BD3D6A0F08DF20C8E8F570F2CFFFCEA286E30969B4654D498A58D9DA782E19FE3F002181838925592C4A1EF0B332D88B61A92C644547BED490D3A42CFFAB70E36D961F694F6307F72FF15A1C79D5B1B5CEFD353D9
311
E2B52566DEC8F8F09CB3E8359C0F68EBBB7898243E34E12A015B2685AB303C04D3A9E00671FF3DFF0A184E4A2ABEB2B666AF5B3A209C73D8EF29DCDB069C9F391EEE9DD0F74C7BCDE16F8F02E3B8816122BBEB50665775B600549D8BB33A54A6BF940C028118BC6878C79958D6784F9DEAA6E26748386FFAF8D0D0101E2847
311
B6563F5D8DC1D78F787BE00E2C941AE12148D4A81599FE8F68D4DA5CDED75530ADE138240300EE13B0FC13A1687FED6774662C05A2B7DFB186732F0D7A93545D8B0A6390AE5054D9CB582DA846D7A061B3358B45E2B52DDE63E114397EDB7E09233A579155D795BE76102CF277F4DF8B188C4F2879BEAE3C08347124BF9ED2
311
3B128259FE107D31E34A652F090B30B39E0D9AF917B76A2806135621A8A60681F16AF216514BBD02711585B5B1AE823F4B2D0369EA5B6BCB863072727FFC871CA6C9AB79A814D989057E9470A3D238BC87CBB4A0EA49AFE2B86F22E499793CAA9047080450166BDC357524561E258C77CB697F1ABB32562CF87C3B7AA12F91
311
1EF19FB3E5C02222E887D08202A60A17151F5E053A86B437771088B4FEE14D652C43E8D939995D34545E12E2FF93D4E366EAD25F10CB7DED141563C3D0C447AF06078A91135FD4B9611583CB4BF3BD167F2399CEAB0E0100F8FFC305F00F1711717173138B4B48C83022295DE657EFEDD97F238ECA80F528AFB4F8D67AD4E2
311
594B9A3AA86D7487EFC313BA95745C186F0CDD84CC12DC9CB0424B42203D351FD9C0A3AF10CC7F388E0329279087386421F194F4A29464C1DEF7EF8BE515E4A199DCD5B909342598D8FE6A231F71336248D5CEC5454455C7BE383B3BC7B260FED27F703FDC39A170F3827239102F59D4DEE7FEF82EAA1A5E4BA94DCC4CC44E
311
7E2EDE20F24244E4454369D2E87C3F823F193FD4FD27E1C23984B01898D15ABC20711A8A558054951A6AE280096BA36CBA439603B7B0B4C45F248C14B2383B4B5CD8ECECE4FF859AD4A6CA2326D020EF090F4041D28DB66E5256B56232CC52829DE8060BAE6BBF37D4B7469B822454FE93210A3E8D15E69FFCF01123222611
311
C51C4FD0A041A0CFA2471CF6BE38D2B20FA4C3525B5B8B586759475CF80ADFE67A284AC24651E52B8E683D24C2622642F27E7C3C22783BCF63648BC398BD6CD0D9C97E7E7E3EACB6126DB7A6C1FD9F1031302EE67ED96F22B77C7CA0239BB324207559B105E4693EB26EC46182A92C9C0DBD24F29B31C5C5AC1F84300E0E17
311
CEEAC15F5736FA4A98971E2F1423BFCD68D4BBD5F86E74B40A369F39507C88FCDB35D2DD8DEBEA4AF999E23CF2816D204200DF6E611781B9884C1AC8888B4DE397320472959434323A5A36B22A8E1F721A270DF3BD65E4A31C11FF048AFB0D8B7B6881423793963A23CFCE935FC189ED36FAE35C46DA3574C979E4394BE520
311
84F3081837BE033396D2EBD80F1F691B273F660D2B32FA27A33B1DE4ADA5F0FA4651511102DFA410DDA86E065272CA314D5249DF91B06BB92807B28EFD54F08F7B525252782CD276DD02E6B0319B13DF87B1F6361AD6B28FC0D711CF445429B9E5A433CD493051C49A9E03DDB1B147D880253514A5DED88009018620EE2291
311
01C041950E2D8AA8E1F5F5438E0C0C0C60EEDEE9E3E0C051948C69F84BB7B2A48A1F3C8EB9E6864687F4F4F6F6E2FA87608ADAF9C5E117B7C1A737E710769DA1D15ECE6A84502AA855398712D5FB51BE92E4EF824969CE18278798AC303C2C7980DD2500ADF8FB1E6D6C2FAAFF9987178923334A244758BAA01A9A1B70FA50
311
97D01E1CC2A58DAD0EC94CE6430AA9B0C10D75E3C6BAC670EFBADEE1607739CE0FC18A2587E3EC3058562014C64219C69BC269082D5C2F4A659278D585755912176D78A1B641719C2A394CED495A1AC5D583FD2F5EDD93308EA7EAE8A6DD396598BDBD3D4CFED62D18A5BDFDE0DD5C80D1A89BA62697B131AE7CE9A6594138
311
582F1B37D68F1749AC7CB67A70695D48A4A056AC1FBD4E82358CEAE38F54B95A9016F9000F9879C0D9D131768635CA798895F27D6F1614F11F2838A83611AA51C9A3DDB539D42979C29F10465655C17BEC3E2760B80DCBF609198C7B171A531905F3EC218D696025975E986C6B4C666666787271F202805577DD5A3EF0CAFA
311
F91B62DC4B2DB4217A7606282F31D8DDBC290593BAA93EA6353AFA9939B877978481E15CFC9F2755CDC00C538F63A4BA3E80AE009B73CA0185687D339A507D165B74290D6EE46D5C58148F020C3668ABE9EF2F7549170DC80DB41FFC1D678FF19AEB10C7133832B104B80F691B3138F97A92D26E551F1F110400D45AC71A9B
311
9AC41A1A1B1DAEED0B0810638EFFB511D46B121C6FEA0F38CD00E03CFFEB9713FE1F9C263E4DDEC160D0497FA9A132BA608584057FB15380825DE6C7FC3C667EE947D488A09898D8E939C4953BF4EC9836344D2CC6B2971B2A21A572B06096F4982D2CC7232D46E8EA69DC83722E267754D777F97F96D5DA74E1E75178084D
311
0E70F12AD33E5F71EF2AFA599B2BEBF60A5BE475F444F240CBFE8143C334E7ED9150FEEFEF7EB020C4DBED388DD1D6A167A76F3CBF119B578AE8CFA7736ACAFA4440A1C47185638A0D2F3EB5BDDEFDA958FB13CE4AA4923D5BF840392D45544329525749734866684BF7F8D9D54D892E19BCA9F829A0F8BFCBEEA6CFDFC61D
311
74EA1A645ED7A1FF241739F15694BD835B66FEC5677E40FE69BD3F91AE402F036537218A401CB0828604AD189E575015C6F3F6BBC8AC79CF6C70653847254B31551EFCBEB5978B9DB85D58D0FA41A9DFE9C624834AA04949D24B5AE6D299E072D152D12097920F14AA92C31C3B97E28B6C2E6E9C23D63043ECBBC0A60FDF5B
311
D0C33C127EA8A3308B8B6AFFEB28B4455BF6E7AF4FC6222728357EB8E46E85053E6A8843AB23295BF838ABDA94658FEF3F832F147046B4ACD6F7D48E8FCC9618582961C898D1C7A253C91BFECBDA6BA18A1FCF70755DCCEE2222F41B76D23CA98D0CB3D95F0CF66D57FFF65E2A90F5DF40FC3187621E981BD0BC1D99278721
311
2688976B94A8F0C6EF646624B570B78E068826F87CE27041A95C9A4871FF65CC17FCB1639629AD6A9517000D63AC231F3D741CB8430777E7ECF80CE7A3F73C0F162F7E56AA71F4DA80A33CD6ACEE78E2C11FAC03DAFCE929B106F8F6B3ED2DC71FF994BD9CEF4E9A94896EF1B6E2B7B4978168BCF0847A3D2A4F1B0500B926
311
E634B174548E9FBAD27153FB5FC36799B1E6C7C38A94E1F9E996796D7B485E635D5287A2AE76FBD11A341DB3F8F810385BB7296391973DC6C37C452A9305AEBBE0CDB6C566DB59FE60C8E94B1FD090354BF51439FFD1B48D725228FFA88C84F686F547107A7A235665A4593B7C34D748C1AC8D56DD5DA861EEFBADDECBBD65
311
117E65851F90351AEB65F0EFCFF4BCFEF24CB7A5879699FAC437A7AF9099186CF006BB923A59E37D7A36A29FD8D2CBB914A5E9D0A8FD212FBF796AE9A67958FF1D5D8B85F78F96219D4714EB919929241B6C018AAE0C02069F8D919961EC5DDFBFB7573E3AC8E08BFB7C8534BE6DE045B3CD63DBD71F7638BA2309CAE398EA
311
3A7D8F98BBBC7AEB367EFA5CFA27A9F8F2F52FE878058E6209C026453F8E7E8A237DFC389E9590F6059B397CFD65183BBF936E86896612A5B5FEE49DAC8455D026218AFEBEC12B3523A45B57B82C9C97E02ACFA1184DB18E48CF615DBF39C3CC6F0B4AE6BBEEA2E39D944E290302FA3DE33FA7E40296E2EF7BF1CD855BBECF
311
AD0FD622BEE9746FC4FDFDE545AE6E3BC234CADF83A0FB76DFB145BF3828AE3436368AC24989454F8FF70A177672C711CAA1A76107218CF948CA01F873520E7A2B118EBB161ABAD432932029628B6761590C98AB590C8C8C79798CE9F715BA696E839E9131A4BB68BE923F1747FBFF165331FFDD4D05997ACD168F12CA7534
311
8DAC04C7F509FE83898A8B421181AF492861CE81E4A2DD0A30850CFA95E05F097FF70F9E777310D584A75BA7018922E271DAB1D785671157685B7D383D3E074DDB4F1E44EF04B07BAAC75A062077C54B9752C738C9D804D402E02851F3F89605AF189738C18C021D2139EAF72513824E10DDD3047BACC8521ED7E98B257D11
311
66903B1B08FA6F918FD7E162913FEC7D0EF4787E29C35FBA8C6E2C9C20E9AB30AE42CA2A01A090E7D010C1B5BF9CEE2A304BF3A987FB40D836979B79E18D70F257DA61E808472DD85B82761825779D6B90CAEB0F23360C6F80A7D7D77545E95B3DFF0CF96A827F9B5BCECD2C9698718417EF80FEEDEE938AFF55859D0D540B
311
7FE09435583A6F04874A0C7E8CF234DF4879722000167F5872CEC6BF3EF7E5A8CC8121E6A359227C8A29C95212F9F735BC72A887D56B8F309FC525BFB4FD767AAEC4AEFF249CFBBD2DE1AB9969A6155C7D8DABC307E47324C1F916C7BCFF40ABA5644E9FFB9238D19ADADA49D9610F01ABBA57E4DFCBDCCBB2B93C8953206C
311
91DE01B0E2651A6D6C31721915B31F7B7CBCE55466F6D70402788FA91D73BE4ADCBA99A35F17D6B83383704917D6833F0FA3CD45C926ADB8BC17999A4A0AFBCE2541F7B8CF4C2F5FBA611B3E626D64407CB32C122DFF4EF8674D6EDBB86C8F7C6A16D50FA685E2CCA34F8F7D1D8265BB0042E9D7F1F666F7BE5FAA5184DF58
311
E12122A42EF02F461B3F369AC746F96528AD208512AB56844CF75B97F352DF7995024FB02855385854F3798670D01CAC771AC3E1889EC25F61A20C1F8CAB46898817F9C47E2CDA1F286BF2F358298709FE567C91133E2638C8B53975E753EA8BFD3578B5F7186B7BF084EBA3F77BAC3132A5779902EC22AF2D2E79F42D324E
311
083386DAEE9810D1B44A5DAA54513C7A71E52A4AB9257D975B621308FE4D2141CC3DCFE946C154A3C1DFCCA7629EC69ACFA831634ADDA93C0388D2A9A2DDAFCF957C6995BCE7FBB6DC4EBAE79E63EB08E9A25F52F67076F7093CA545CA3053B5BF576DEAD4E0017143C5F759F32B2D6F145B52B67B48909B7C7FCA6586EE38
311
5A2189C16932CB6DDFD9152AE317C430492A578ED27B72D85D40C7C93C097939E1B50F4D67F05334FE9DC362C30B7FF561B95259138ECFD9274C8D695C31B14D4EAA9F3D7FA8DDF652F8C5DEFA23284C799B7D94416DEE81E05A866302DC70192A5368EA65E1CED8BF107A1E2D3119A71E85DC1A7B0C1E93274CE04DD0F2AB
311
C8AC7C987FDB002B6F81757B43502EF7A0D92E416494FAEEA4C9C090CD9557AA4D532F4996A272B94355C5A0E4974EEA9627476F30809B94D8D8D860062E02204643BEC7D0438AF800FC7E2B26955D595421E83C69E1A07E0E3122285835F014AD538188CF9737CE76D464A353FA55A001AB2526B84E985083693BC76FE211
311
CA1D000679C889E3C009832C87E1AC2EDD05C302557422DF0800E316FCAC86978A371F025A6C7DAA9F333E7BD160403A1A06EA75AA9888FF01504B03041400060808003685324F28BB58AF800100009E0500003D00000044354542304243412D303335382D343936322D383242382D3531453946343831434342422F536368
311
656D61732F436F6D6D6F6E536368656D612E786D6CBD544D4FC23018BEFB2B96DE15493C78601010A34B880709DEDFB52FD0D8B54BD70DF6EFED3AC0B12E6442E2716BFB3CEFF3D18E26FB440405EA8C2B1992E1C323095052C5B8DC842437EBFB673219DF8DA659866649B798C078B48AE6410122242F2A4994AC7F93815D
311
F85C049C8564CA0A901499DD886B2EB9B1E02448F358701A9235880C49A0119892A20C89D1B9FD768815CAD268CB5E0355B40B1E47F3E37A2020464BED06AA57CE8FCC20C3C3446D46761A2632A8C1283D07031EFF2AE7CCB1BFEEE916E406DFAC8E36FFD99A9D60A6944090EEDC3B670C7DC13DE86B6B2C5C240D6E503BB8
311
5ACD579D513F1B9F9A69DC9CC22AFA80C426D40AF0B21EA168559156B6276F0F726A6BFF04DCD513A87A62CAD41FB24FCB2858B3952E3D852084DA25B9303C15687973CC8E8AAE11DF2836C38C6A9E765E8C1BA1BFB1DC29CDFE518C8B5A7655A4ED7E77291ABEB80DBD82EC866ADE1B8D05AF9E35CF09D7A061F38A986D9E
311
C412B8F0F65E5D81534D9B231D1E5A8FE577A241F3A5FD01504B03041400060808003685324F670136ADA9040000B41400003E00000044354542304243412D303335382D343936322D383242382D3531453946343831434342422F536368656D61732F47656E65726963536368656D612E786D6CDD586D6FE3360CFEBE5F21
311
F87BD3245B0E2D90F4905CD12E1F8A0CCDF5BE0A8AAC24DAE417C872DAECD78FD48BE3D44EE3B5C3E16E010EE75A34C5877C48911A7F7E4914D9095DC82C9D44835E3F2222E5592CD3CD242ACDFAE22AFA7CF3CB785A14C22CF95624EC66FC34BF253BA626D1BD488596DCBD8F2E6FC6335608B7F428D258E807664080A983
311
84D9E75E22F16B2CCF05D32CE502359492C878124DE31DBE89612BB196A934605E44F272A5249F446BA60A11112D589CA56A3F898C2EE16F6B136C595C7AC3C2FF076D3D808BDBC824572211A961A8D96E393F7AF5806BEA91EDDFB1ABFB769EB08DE8BCDFE27EF98E9DE0ABCE3BFCA1C54E8AE777ECE2BFFC92A94C87EDE6
311
A9111BA1ADE75C74BF391275D33FAAC5FABF89F1D33C9836CB3225980B2A479BE96A4FB3D59F821BCF11CF1FC55602586C7191D99E2C9C0CF2B8A662E3484E59466361985485D7E248E7953C01F19DA23B9D256461B6E09C40FF02D1DEA98C19EBAFBA4659184B7D47DEDF22E2F53DB017721B164F5B845961697F0C699AAC
311
2410982C385725A6361A500F59CD848221F103A8C1A7CA84A55F407794695C905C688E69B111550ACA946B9B4785FC1BDE0E229240B62665328986D5B32C400CEDD88188F35AC25EBCD40836F47F35E5C0EA4B6F767B50568CFFB5665C505E2AD5EA8A9997205F50A2350EAB32C9294B0024108429953DF32C4D812E226658
311
F78A490408362A94987E6F787DFCBBBABAAEDC36758ADEE9B58B41BF0F35D87BB1E991E02BF0B513748E6C0AA2EB2CE56EC68E97585643D82DE284E51DE03E4E22B00738761F1E66E1616A03EE093B0327B6BB9797262B0DCD72C6A5817ADAC1C3C0A3909CF6639B404D18B15CAF4B3C09CEAA4414BD5F0723F059ED37048E
311
7A64271711EDC9C5230F58FBDA5DE00DA512CF04BA6671A0D201A83D2EC81D2EB552C7E5CD1BF9D6913567B2CD53A659AC362A2B200B440195E2ACBBD167A32A86F7874F7F00686DB55D163481DADE5E417E979BAD827FC6B2B0AD8A6AB1567038E466EB4B10C4C2F3F71196A09260938125FDAB8662456EAD68AB2F7C1DFF
311
709C874887B76A4355564F017256531BF73D7D754A40E23401DA38EFC907CF8D8E3C1E5E7505D8E432C60BE1EDA01E5166683F169B6EAC6EC046153F66C2BE0679FD3F407982ABFA28F92E0E457501938D96B12090869079360D3F947CA8BBC3D9FCE1ECF3C676C9BE80EB67CABE004FC290F8E26BE6A0371AD6CE66781C40
311
8A1FAA8CFFA63DD93A94CD5E1F3BA6A3DFB05B34E1247BB3949E3C332105035203136EA14AE89FF99E3E0B3C4EFE65C581A3A3D2D0EE84EFDB22B49DA31A07059E69B81628A8ED1228B63E42C3D840C3C01F460D1F331FE199821B03F22CCDB6DBF074B49566B12C3B3626074EA1B130B4596BDBFBB642A835954A9509E576
311
9234228129889952870EEE13F494954AD7A27EAD09411BDEEC5B6B6AD752C11509F826EF4007E86281B1AE63750FD09DBA87A34EF4CE2A75F3E85960004EA6B519F4806609E8C91CD18380BD81691D9F2CB5730631E6DDBAFBC30E96D3E1D3D67EE8FB72BAD92AD4C1FD3CEDFBD2681858ED6583CA3853294B80AF67AECFAC
311
6418D08164D5FD1E52E8B546BCC77B87C6E9D1655FFD384FB26A28AADD82E04B9C64EBF78FFF00504B03041400060808003685324F8DFFFC99640100009B0300004500000044354542304243412D303335382D343936322D383242382D3531453946343831434342422F536368656D61732F52656E6465724D617465726961
311
6C536368656D612E786D6CA5535D6BC230147DDFAF08799F5FDB600FADA20EA430D968A7AF12D36B1B481349529DFF7EF9A85A718860DFDA73EFB987734EA3D16FC5D10E946652C4B8DFE9610482CA9C8922C6B5D93CBFE3D1F0291A6B0D26A3255464182D920FB4233CC629881CD49C18508CF000E3EE309A100D61622AAB
311
4A8A33B2483F11CB639C545B0E1508438C3D3C0361192846DB7ACD198DF186700D182920B914FC1063A36AFBEE8FBA03FFD3CC1D1F4FC9E151A2AF59F628C5B7821D83FDFD3489305080F2EE04BF962195FB285E9D2DD352320A9E827AE357594914E42B1F5FE35F83688F60C4C91A6C946ED0668E8F244BC2EB0BA6E3BCCF
311
C0B6A4B507F9F9F8D51EB315D9BA9E08D308E89F96931666E577837E2B4172199C68C4FE306156D47DF51C698C7B9D97FE5BEFE2190C3C38BB054E6E8163FB039CB4B993C80BF18D969203116D6BBD26238B821F9BB909AD6D9C71B85BCD8C33D66FEA3D31B4BC0AD45BEA46BBEDDFEC0F504B03041400060808003685324F
311
3C2140914F000000570000004700000044354542304243412D303335382D343936322D383242382D3531453946343831434342422F4173736574446174612F41737365745461626C654F66436F6E74656E74732E62696E5361606070753533B2B07432D675323170D135713106B20CDD5C75CD4D5D4D0D2D5D2D0C8D1D4D84
311
80EA72134B528B321373120B0A52138B12F39253818260C00B24DD53F380B2C9C1C919A9B98900504B03041400060808003685324FC55C663656000000680000004500000044354542304243412D303335382D343936322D383242382D3531453946343831434342422F4173736574446174612F53747265616D5665727369
311
6F6E5461626C652E696E665D8CBD0A80300C06F73E4B29FE6CDD8A2E82A083B8B7F209014925C9FBA3AEAEC7DD2555D896CB85E51C2A1BD834F6A1F56EC4494C4695278364ABB24ABD2146F88CCEBB89D5321FF8F3F43D672A3B44DF3CB6A1710F504B03041400060808003685324FCA6E753538010000A204000036000000
311
44354542304243412D303335382D343936322D383242382D3531453946343831434342422F4173736574446174612F636E782E786D6CCD94314FC3301085FF4A648931765215D4568E2B044B2790A818D8AECEA55875ECC8BE20F8F7D86D0650115387AEA7EFEE9E9FFC4EAE3F7B5B7C6088C6BB86D5BC62053AED5BE3F60D
311
1BA92B17AC582B19BCA71F182B1CF4D8B05C664AEE831F87A9D46207A3CD556BDC612ADEC788B4859DC5A7EEC13B42479115DA428C0D8BFA1D7BE030926F311E780B04BCE601A31F83C634894C8FD3241D10085BA66655BD2CAB65592FB6F5DD6A5EAFE6B76F526452C99DF776E24D5A16FC7033ABF4692F5395141950720C
311
66A2F26B98FA4B25DF19274522958C14922B53077D0DA90386C11A0D94CC135E13529920845E8A13ACA4C82EFCF2E2113BE34C6ED92469403E3C278118C8E0157AF29FDACB7BB37191C069BC6647CE355EDE8797E32F7A3DC5F2989BEB4BCBB9466E5C7781AC88E33949D1C9D7457D03504B03041400060808003685324FBF
311
6B5A3BE7000000600100006700000044354542304243412D303335382D343936322D383242382D3531453946343831434342422F5265736F75726365732F45453632383942332D423430442D344433332D423146452D3735453531394538313341342F7468756D626E61696C2F302F636E782E786D6C4D90C16E03210C447F
311
6565A9C75D9628AD9288253FD1532F15659D2D0A8B1198AAFDFB42CB21A7B1C64F9667D4F57BF7C317A6EC282C20A719060C965617B6050ADFC6130C57AD12113F603004B3E302CD06ADB64425766BC59B29BEB9DE857B37370C989C7D8F6183C17A93F302D97EE26E26539856CCF769356C263925CC5492C57A80DD8EFD80
311
4D681857D087599EC7F93CCAD3AB7CB91CE5E5F8FCA64423B5FA20F29D778131517C3ACC96EA18EA3FB3120DD0AA24D7A91602F4C3734AD4A5569953CDDF21FE891532317A670DD79A0459461E2B846657E21FD64AB4BC55FECAA8DABAD1BF504B03041400060808003685324FA233C2345D00000080000000650000004435
311
4542304243412D303335382D343936322D383242382D3531453946343831434342422F5265736F75726365732F45453632383942332D423430442D344433332D423146452D3735453531394538313341342F7468756D626E61696C2F636E782E786D6C4D8B490E80201004BF42E6EE76F3C0F216234B883063108CCF170C07
311
4F95AE5473F5C4C06E932E4F28601967600677D21E9D8092EDB002539227A2FCCB80E1168D80A6417297A89C5D6963B7129A0D1E8F2EE73AA7B62BBEB8B27DE50B504B03041400060808003685324FBE89762363000000880000005B00000044354542304243412D303335382D343936322D383242382D3531453946343831
311
434342422F5265736F75726365732F45453632383942332D423430442D344433332D423146452D3735453531394538313341342F636E782E786D6C4DCC3B0E80201004D0AB90EDFD75167CCE820A4A845D83603CBE602CAC26799919AEEEE0D965E2E908050C6D0FCCE04C8BC355404EB6198129C92351FAD580A10E464065
311
907C8D948F8F166375F655BDC3FDC3B4E530A176BE7057BDC43B2A593FE403504B03041400060808003685324F8415B8467E000000A30000003600000044354542304243412D303335382D343936322D383242382D3531453946343831434342422F5265736F75726365732F636E782E786D6C4D8CD10E822018855F85FDF7
311
9804166E80D349EFE1121D0BA191B41E3F685E74F59D7D3BE788EEB339F436F165839740AA1A90F1F7305BBF4A48FB8239A04E8918C2FE5703E4A7CD48281A94586348CF43CD6699922BD659FF38A4D697336F078A07568F988D342772D3F8DAE886B49A13DAB3BC389549C6EF2FB3DCAB2F504B0304140006080800368532
311
4F518FD1740C010000550300003400000044354542304243412D303335382D343936322D383242382D3531453946343831434342422F536368656D61732F636E782E786D6CCD93CD4E032114855F6542E2726068AA691B862E5CB872A3AEDC21735B49813BE1C7E8DB0B238B3671A78BEEE0E4CBCD3907AED87F3ADB7D4088
311
06FD48381D48075EE364FC7124391DFA0DE9F65204C4748691CE2B0723A93291E21830CF4D9AE0A0B2ADAA35FED4C47B740EFDB37E07A748A7AD8A712471B95295134E104F745249514E0344CC414399908C83364107500926225703DFF6C3B6E79B177EB75BF3DDFAF655B04A4AF186681B6F7C8280F3CD6AD0588EBE181A
311
04AB8014399846D514449EBBA3A50FC10A21454CA1B4D0C8F4351752CDB3355AA552165BC01F460A56C35E447E000FC1E86BCD7C61EFDF423F819F203C96970A46D96BCDFE9BCBBF55C0960D28DFA02E84FC06504B03041400060808003685324FE3603EBE7A000000C20000002C00000044354542304243412D303335382D
311
343936322D383242382D3531453946343831434342422F636E782E786D6C6DCD410EC2201085E1AB90D9DBEACE05D09878023D01A1D34A8419C380F1F82DA68B9AB8FDFEC93C3D7C52546FCC12980C9CBA232824CF63A0D9402DD3E10C6AB03A3397DD192872090D3406ABE7CCF5B5D18893ABB1690CF4DCF02282E5EA8A5B
311
B96FFE536F285CB347F95BEFFE81C9ED5AFF9D5B1FB575BB00504B03041400060808003685324F724E97727E000000A300000007000000636E782E786D6C4D8CD10AC22018465F45FE7B4BD70C07EA485BEF319A1B92D3B0193D7E1ABBE8EA83C3778EE83FAB476F9B5E2E0609F44000D9708F930B8B84BCCD9803EA954831
311
6E7F3740615CAD848A418925C5FCDCD164E731FB4ABD0B8F1D5ED9A08936174C4E8CE3B63B3798379A634687EED6726A8CD6C53856A5CCAF57B6E6D517504B03041400060808003685324FCA1DF9C9A900000073010000130000005B436F6E74656E745F54797065735D2E786D6CA590410EC2300C04BF12E5DEBA70400835
311
E500FC800F84E0B411AD13252E2ABF27A55740421CEDDDD9B55CEFA7A117778CC979527255565220197F75D42A39B22DB652EC9BFAFC089844F65252B2630E3B80643A1C742A7D40CA8AF571D09CC7D842D0E6A65B8475556DC07862242E78CE904D7D44ABC79EC569CAEBA537E3521C16DF5CA5A40EA17746733E0B6615DE
311
7217475F386F18B9481C510F1F021CD9FF027EA0E1F5C4E609504B03041400060808003685324F3DEE336E64000000790000001B0000006175746F6465736B2D64657369676E2D7061636B6167652E786D6C35CBC10E83200C00D05F21DCA56CA76D41FC96062B120735B69A7DBE268BB7777961F8D5AF396893C2ADB70FE7
311
ADA196782C2DF776D7A97B5933C430F15651E5469C55D70F80A4992A3ADC954792C525AE70A1E4D6AD9816CC044FEFDF01FE3FDE907802504B03041400060808003685324FDFDD2D60F9000000960100003700000044354542304243412D303335382D343936322D383242382D3531453946343831434342422F4173736574
311
446174612F636F72652E786D6C8550CB6E833010FC15B47703263C42641CA1847E414FBD59B643AC041BF951F5F36B072AB5A79E76353B33BB3BE4FCB53CB34F699D327A009C979049CD8D507A1E20F81B3A4276A6C41AE37FD120D36C910324182899AD09EB0E71A3BDD409D546C81D64CE490F197FC66600C7EF7261390B
311
3E32DC235F197FB059E638DF789484A0C42E5522BAA99B9216E8A56DA7BAE93A84FBAA46F5E1D2A1BE796B10AEBA6EBCE2A919A79E14494C8957CBCF766E25F35200AD4ADCA3B247F8F88EDB538D4F75F3418AC4A4C4791B7FDE97A6EF808EE9EA2BF38C14DBF48F6B58C5FFAE41697FA876D74DE180E278E46B404991528A
311
E51561AC2951FA0D504B03041400060808003685324FD96806D3F40000008E0100006800000044354542304243412D303335382D343936322D383242382D3531453946343831434342422F5265736F75726365732F45453632383942332D423430442D344433332D423146452D3735453531394538313341342F7468756D62
311
6E61696C2F302F636F72652E786D6C8550CB6EC32010FC156BEF60E3F8114798284ADD2FE8A93704C44589C1E251F5F30BB12BB5A79E76353B33BB3BF4FCB53C8A4FE5BCB66604822B289411566A338F10C30D1DA13833EAAC0DBF685018BEA811320C8CCECEC67587843541998C1A2BD50E72EF5580423C523382171F6AE1
311
98C79018FE8E572EEE7C5698E08DC7688C5AEE522D939BBE69E5805DBB6E6ADABE4764A81BD41CAE3D1ADAD71691BAEF2F2F646A2FD340CB2C6634E8E567BB708A072581D51519503520727C23DDA921A7A67DA7656632EA834B3FEF4BF377C02A5A6EE81FB7B8CAFFDDA236E150EF6E9BC20323E9B8E780D132A793CA33BA
311
547392EC1B504B03041400060808003685324FBF131C62FA000000960100006600000044354542304243412D303335382D343936322D383242382D3531453946343831434342422F5265736F75726365732F45453632383942332D423430442D344433332D423146452D3735453531394538313341342F7468756D626E6169
311
6C2F636F72652E786D6C8550CB6E833010FC15B47703263C42641C4529FD829E7A736D8758011BF951F5F36B072AB5A79E76353B33BB3BE4FCB5CCD9A7B44E193D00CE4BC8A4E646283D0D10FC0D1D213B53628DF1BF689069B6C801120C944CD6847587B8D15EEA846A23E40E32E7A4878CCFB119C0F1BB5C58CE828F0CF7
311
C857C61F6C9239CE371E252128B14B95886EEAA6A4057A6DDBB16EBA0EE1BEAA517DB876A86F5E1B84ABAEBBBCE0B1B98C3D29929812AF969FEDDC4AE6A5005A95B847658FF0F10DB7A71A9FEAE69D14894989F336FEBC2F4DDF01F5F7B07C68A666526CD33FAE6115FFBB06A5FDA1DA5D3785038AE391CF0125454A299667
311
84B1A644E937504B03041400060808003685324F2C6790CD0D010000B10100005C00000044354542304243412D303335382D343936322D383242382D3531453946343831434342422F5265736F75726365732F45453632383942332D423430442D344433332D423146452D3735453531394538313341342F636F72652E786D
311
6C8550416EC32010FC8AC51DDBD8609B0813390979414FBD219BB828315806AA3EBF90B8527BEA6957B3333BBBC38E5FCB23FB549BD3D6F400E525C89419EDA4CDDC83E06FB003D991B3CD5AFF8B06322317D5830403CEE6CD867587466BBC32093576523B289D531E64E323363D70E3875A642E838F0C77CF5739DEE5AC72
311
94BF789C85A0A75DAAA7B84DDFB4DA003F378DC0A46D21A21586B83EB790922B81A86ADBE18204190465451273E6F5F2E33E6E4A7A35015E9588C29242D4BDA1E680D101937756242667CE6FF1E7DD347D07B8104DD5D1530D4FB8BC407CA96387AE02B64410444587EA01B3E225FC6318D6E97FC3A08DAFABDDF0A57080A3
311
78FF73C05991028CE5996EAC296CFE0D504B03041400060808003685324F4B814A3DFA000000960100003700000044354542304243412D303335382D343936322D383242382D3531453946343831434342422F5265736F75726365732F636F72652E786D6C8550CB6E833010FC15B477434C7884C8388A52FA01554FBD5966
311
43AC041BF951F5F36B072AB5A79E76353B33BB3BECF4353FB24FB44E19DD03CD7790A19666547AEA21F82B394076E2CC1AE37FD120D362C61E120C9C4DD6846583A4D11E7542B51971038573E821938FD8F4E0E40D67918BE023C3DDF345C8BB9830A7F9CAE32C04356E52354637755568815F9A66A8EAB625B42B2B52ED2F
311
2DE9EAD79AD0B26DCF2F74A8CF43C78A24E6CCABF967BBB4283C8EC0CB1DEDC8AE23F4F04E9B63458F55FDC18AC4E4CC791B7FDE96A6EF80BFA133C14A74AC58A77F5CC332FEEF1A94F6FB72735D150E388D473E079C1529A5589E11C69A12E5DF504B03041400060808003685324F3C0F72F4F80000009401000035000000
311
44354542304243412D303335382D343936322D383242382D3531453946343831434342422F536368656D61732F636F72652E786D6C8550CB6E833010FC15B47703263C42641C4529FD81F6D49B653BC44AB0911F553FBF3650A93DF5B4ABD999D9DD21E7AFF9997D4AEB94D103E0BC844C6A6E84D2D300C1DFD011B23325D6
311
18FF8B069966B31C20C140C9644D5876881BEDA54EA83642EE20734E7AC8F8333603387E9733CB59F091E11EF9C2F8834D32C7F9C6A324042576A912D14DDD94B440AF6D3BD64DD721DC5735AA0FD70EF5CD6B8370D57597173C3697B127451253E2D5FCB39D5BC9BC1440AB12F7A8EC113EBEE3F654E353DD7C9022312971
311
DEC69FF7A5E93BA06FEB9D8E14DBEC8F6758C4FF9E41697FA876CF4DE180E278E23AA0A44819C5B206186BCA937E03504B03041400060808003685324FB067E23A03010000D80100002D00000044354542304243412D303335382D343936322D383242382D3531453946343831434342422F636F72652E786D6C9591DD6E84
311
2010855F85CC3D2AFE6C70836CAADD3E41AF7A4765D625BB82116CFAF8C56AD3F6AEBD821CBE33C39911A7F7F14EDE70F6C6D90658920141DB3B6DECD0C0122E94033949313B177E6040AC1AB18155062986D92DD32EF5CE06B4AB6A9DC65D54DE6300D2DFE3A501DF5F7154895A4224FC2D99547F5303262CD938298219BF
311
ACFD8C2AA0069967ACA6594D197F668763C98E65F522D2959462313614F9DE0CC757D4C44D214602591522DD9E23B618BD4346C74F9A8BC119E463756EB3B67BA05951715AD6879CF2BCE5B462E7FAA9E4ACEBDA36168966297C98E368F622EB10FE6ADF8CBFA22D93FE67B4CDE141B2EF50E93A6729D2CF25C473DD89FC00
311
504B03041400060808003685324F04B49FD808010000B201000008000000636F72652E786D6C8D50CB6EC32010FC15B4776CE3F8114798284ADD2FE8A9370AC441B1C132386AFFBE9050A9BDF5B468667667187AFC9C277457ABD3D6F440B2029032C24A6DC61E367FC17B404746576BFD2F1920C367D5438481D171B5DB92
311
20618D5726A2C64A9540EE9CF280C4141E3D38715533CFF8E683C2DDB2858B1B1F5546B2A78E51AFE79F55B12AEE95045616A4C34587C9FE8D34878A1CAAFA9DE651C9E8B66999ACB40CEEFAA2D50AECDC344355B72D265D59E16A776E7157BFD698946D7B7A21437D1A3A9AC765469D5FC39FD39190D323C7EFD197E64F8A
311
D10F6BA72408A124B266FA0256D03C127F426F8BFC47686DFCAE4C079F1B0E1809811E44308E0D86F1A837CCD836FB06504B010214001400060808003685324FD08FC4B81D010000A80100004F000000000000000000000000000000000044354542304243412D303335382D343936322D383242382D353145394634383143
311
4342422F4173736574446174612F446566696E6974696F6E4974657261746F7250726F706572746965732E62696E504B010214001400060808003685324FE9FC00B6EF0000003002000045000000000000000000000000008A01000044354542304243412D303335382D343936322D383242382D3531453946343831434342
311
422F4173736574446174612F496E7374616E636550726F706572746965732E62696E504B010214001400060808003685324F88E57597CD3F0000904100006B00000000000000000000000000DC02000044354542304243412D303335382D343936322D383242382D3531453946343831434342422F5265736F75726365732F
311
45453632383942332D423430442D344433332D423146452D3735453531394538313341342F7468756D626E61696C2F302F67656E657269635F706E67504B010214001400060808003685324F28BB58AF800100009E0500003D000000000000000000000000003243000044354542304243412D303335382D343936322D3832
311
42382D3531453946343831434342422F536368656D61732F436F6D6D6F6E536368656D612E786D6C504B010214001400060808003685324F670136ADA9040000B41400003E000000000000000000000000000D45000044354542304243412D303335382D343936322D383242382D3531453946343831434342422F53636865
311
6D61732F47656E65726963536368656D612E786D6C504B010214001400060808003685324F8DFFFC99640100009B0300004500000000000000000000000000124A000044354542304243412D303335382D343936322D383242382D3531453946343831434342422F536368656D61732F52656E6465724D6174657269616C53
311
6368656D612E786D6C504B010214001400060808003685324F3C2140914F000000570000004700000000000000000000000000D94B000044354542304243412D303335382D343936322D383242382D3531453946343831434342422F4173736574446174612F41737365745461626C654F66436F6E74656E74732E62696E50
311
4B010214001400060808003685324FC55C6636560000006800000045000000000000000000000000008D4C000044354542304243412D303335382D343936322D383242382D3531453946343831434342422F4173736574446174612F53747265616D56657273696F6E5461626C652E696E66504B0102140014000608080036
311
85324FCA6E753538010000A20400003600000000000000000000000000464D000044354542304243412D303335382D343936322D383242382D3531453946343831434342422F4173736574446174612F636E782E786D6C504B010214001400060808003685324FBF6B5A3BE700000060010000670000000000000000000000
311
0000D24E000044354542304243412D303335382D343936322D383242382D3531453946343831434342422F5265736F75726365732F45453632383942332D423430442D344433332D423146452D3735453531394538313341342F7468756D626E61696C2F302F636E782E786D6C504B010214001400060808003685324FA233
311
C2345D0000008000000065000000000000000000000000003E50000044354542304243412D303335382D343936322D383242382D3531453946343831434342422F5265736F75726365732F45453632383942332D423430442D344433332D423146452D3735453531394538313341342F7468756D626E61696C2F636E782E78
311
6D6C504B010214001400060808003685324FBE89762363000000880000005B000000000000000000000000001E51000044354542304243412D303335382D343936322D383242382D3531453946343831434342422F5265736F75726365732F45453632383942332D423430442D344433332D423146452D3735453531394538
311
313341342F636E782E786D6C504B010214001400060808003685324F8415B8467E000000A30000003600000000000000000000000000FA51000044354542304243412D303335382D343936322D383242382D3531453946343831434342422F5265736F75726365732F636E782E786D6C504B01021400140006080800368532
311
4F518FD1740C010000550300003400000000000000000000000000CC52000044354542304243412D303335382D343936322D383242382D3531453946343831434342422F536368656D61732F636E782E786D6C504B010214001400060808003685324FE3603EBE7A000000C20000002C000000000000000000000000002A54
311
000044354542304243412D303335382D343936322D383242382D3531453946343831434342422F636E782E786D6C504B010214001400060808003685324F724E97727E000000A30000000700000000000000000000000000EE540000636E782E786D6C504B010214001400060808003685324FCA1DF9C9A900000073010000
311
1300000000000000000000000000915500005B436F6E74656E745F54797065735D2E786D6C504B010214001400060808003685324F3DEE336E64000000790000001B000000000000000000000000006B5600006175746F6465736B2D64657369676E2D7061636B6167652E786D6C504B010214001400060808003685324FDF
311
DD2D60F90000009601000037000000000000000000000000000857000044354542304243412D303335382D343936322D383242382D3531453946343831434342422F4173736574446174612F636F72652E786D6C504B010214001400060808003685324FD96806D3F40000008E010000680000000000000000000000000056
311
58000044354542304243412D303335382D343936322D383242382D3531453946343831434342422F5265736F75726365732F45453632383942332D423430442D344433332D423146452D3735453531394538313341342F7468756D626E61696C2F302F636F72652E786D6C504B010214001400060808003685324FBF131C62
311
FA000000960100006600000000000000000000000000D059000044354542304243412D303335382D343936322D383242382D3531453946343831434342422F5265736F75726365732F45453632383942332D423430442D344433332D423146452D3735453531394538313341342F7468756D626E61696C2F636F72652E786D
311
6C504B010214001400060808003685324F2C6790CD0D010000B10100005C000000000000000000000000004E5B000044354542304243412D303335382D343936322D383242382D3531453946343831434342422F5265736F75726365732F45453632383942332D423430442D344433332D423146452D373545353139453831
311
3341342F636F72652E786D6C504B010214001400060808003685324F4B814A3DFA000000960100003700000000000000000000000000D55C000044354542304243412D303335382D343936322D383242382D3531453946343831434342422F5265736F75726365732F636F72652E786D6C504B010214001400060808003685
311
324F3C0F72F4F8000000940100003500000000000000000000000000245E000044354542304243412D303335382D343936322D383242382D3531453946343831434342422F536368656D61732F636F72652E786D6C504B010214001400060808003685324FB067E23A03010000D80100002D00000000000000000000000000
311
6F5F000044354542304243412D303335382D343936322D383242382D3531453946343831434342422F636F72652E786D6C504B010214001400060808003685324F04B49FD808010000B20100000800000000000000000000000000BD600000636F72652E786D6C504B0506000000001A001A00210B0000EB6100000000
310
504B03041400060808003685324F000000000000000000000000370000006662782F42304635353536442D374639322D344343362D393145312D4339433846303141433736372F617474726962757465732E62696E504B03041400060808003685324F000000000000000000000000350000006662782F4230463535353644
310
2D374639322D344343362D393145312D4339433846303141433736372F76657274696365732E62696E504B03041400060808003685324FF270F1330600000004000000360000006662782F42304635353536442D374639322D344343362D393145312D4339433846303141433736372F747269616E676C65732E62696E6366
310
60600000504B03041400060808003685324F88E57597CD3F000090410000420000006662782F42304635353536442D374639322D344343362D393145312D4339433846303141433736372F7265736F75726365732F322F305F67656E657269632E706E67355B773CD4FF1FBF73E71C0E67EF7576C9DEF3EC995D46C6A1EC50
310
46649CBDF79E192942562825CE965D8A868C2842C8DE9FDFD1F7E7F138F7078FCF6B3F5FCFD7EBFDFEC41B196891913091804020321D6D7513FC77D8C5070EC3FFEE51B21F068154CC75D455CC028A3EA68992803810109FDDE5D5CEC5521B28A1B422BF80741695D5B529DA1C2D058AD2388BDA9F476F7C2CADC939304173
310
DBF48A452BF8A700C0C70C3D121C1AA15A5270C22E2B9E28763651F7DA0D12CE11077B2ECD0D560B5E3DE2368B1E65C5E1C87384A4CC5F2D9FB8BE39E9B77C753783A37998F5CEF1B4FEE553463245C9712270880DF339E0B882A6BA713D865F6F384C842D440934EF264F4A304F8DE4EEFA1E2BF5E2D91F5ADD9613D6E31D
310
DB33ED31DB1D7916CAF091286EA3D31B9CFECB78BB0060245B943C4C040119FF780A74DD308BA9D028678674EB5504ECF284EE814DAED07440BAF649BE4B55DA2890F4D73E2D489A59EE54FDB0A85B59F2F52C4858A02705C4815A792B0C4A996A2023ECB195073E115E3E3647F64243A8338F2000BCB58DA5692C7E7C3D41
310
3F963FEDF3CF00FBB0F831A9D51360FECA43819F527B89FA260EB63C5DA676830AA3626A3693B23F1A17A0DFFCE3EE164E31B5365EDF0C89EF64D8E38AB0BA9A1117D7C3A0EC44F44F4023095E80BA610DE336D0F99593A88BFC5306E72DF98F7FD132ED95878DF2964EA7E43071359FD83B2BDF9C6B5BDF768F0F3C0FC351
310
199526F53D9460A34511F75D1B63E488178569472C91A94497807A3FD4A390C6558F26D416365C3656DE6E769DA9D8FC73774E1709812842DD8EF96AED1960F79D21B395CDDFE6F92CB4EB962A4668C76990E2EF29798C8941D67DA50F4A5F947872460F1F6FDB794E8A29FD7AC0C0D6E0714339CE258FB17AE8535221E346
310
4A10F29A0BE5EEECEFC5675926A89F49EB14E5711894F6586DB5754EB4D5DA9C6437EBA57DB97A24F8B8A8DB295FFD73266CF57E82694DF5166DDF93573AFE9C9C5EB05F8FEF8E89E0A8917B0B3724DB7BEBB53252581EFC3E38166BA131A3A5B42FE2AD00A769BBFA4458D2DE7822F8C4F63D0B8E21B285AE13325F3410A4
310
35C648C9D91FDEB109E73CEDA7BC796961AF79175E1A3CE4C5E8B0D009B0C9E29EFD98BC8E97554E3D8D838424E270F7685226E5AC268E021EDE3522D583E8F20C0BDE2959EF5BBFEEDAB32FE9A3ED0E39F211A86AA9DEBFC68182EDED132AB8BB794442D2D7EA9F4D8BFF52BC4D55BB165124EE90A42D101E67BBBB292FFB
310
4F66DE5BF2300E44546757DA7CEF8932BFC9F92A0707953491A55C5A5ACEDABD9FA1AEA01BAC3DC5A24E22E7C47213493996EFBC369D086ED9397C9BA6C7F9855C7BD5E15BFC8C53DB3D2A4C5901A57ACD2FBDF4D1676E95338B2C2BCE65FDA4C64F5FEFDC7D9CA5AA1FCF11E193F2FDABF0F4916BF13FB916A224380E6462
310
A9815F2300DC49CC4DF8D055CEF76462F4B7A7ACA7365C2707891370BC1D0AA6203C44CCAB47084FEC057F27FFCD57F89B8B9852459798A675C66BD7CE572CAF71FF7E6D7ECF7BF62CAB7B3F1107DCD04DC55A3F9961700286141C94A4F771FEB2BCDA2DDEE0CB0BAE402FF1DB0100F8E475DFFFC074DDB4498AB7D186A765
310
4DDB1CB680D703D47CEB4E72F8CB13D86A4AA68116E26387B93FD6738779B34FEDB8E517EDF2BAF28D9BE93A1D3A164320E07D42E514725C29515FF361754213EDE06B079A2E99EB1CA82A02019EADEEB87B9AF005BD04BBCECB14AACD6B24EFBE482194A97DD32400685FF1FEF1544D1B14EFB1E7F08E6D2CD2AF52DE757F
310
35F5E62332EE88EA26417AD5C3E0E319D68F25414E6D672BD4522B278C57D18F0113921C71D96527E091F00CEB15AE23D24667369BD3CEFA10C7549D930890BA4366F4EBC55F01F746109F98ABCDD5A3EE06619C6AD78AB33E48E4C9BD21BF7478B385EC05C4F8987E2C1BFA0A60EBEDAA0AE0B015C2720ECE180FB6F2DEFB
310
EB822D96338C9B63822183BBF52FB664A7AE57003AABCE512BF77E7E31BDA2E739AC4C131657DDFE5225E900FB56CC01CDE808FA4A9C9DA16AC679656BB64796283D89812B8F91136AE18EE5EBBAF47A73BE3C153EB5D4CD491B4BFB4FE690A4CF9ABA08C0D8AA64220C438C96EA6CA80B58FE5761E697B3A292EB9FBDA502
310
FA863E49FE694ADDFFF9D62C520BDD1A22014147A0903A05B9B729F54272EF83931FEEC057BFF8C8055C279EAC5C0011804828734024F6CFA319C9CC6867C727184465CD9BB7ED386AFFD96B294A85E3802FAE47244602D8273615952B98C4F23F7EAE4463D9D638EEE374A20959E0FE519C4CFB0FBFE5DD80C2AA3F9DB961
310
D1BDE57E67C9BB47B77FDD74EE3094F5DBBE3EBC1FBDB7393F5116263009E2EFE1AF9A221B2AE234C902BF70E9F280ED23E73908361565964333A3F01D0B006AF32FB21AA1316744B489D5A198E85299241735BE559675130955C902A8ED761FC0DBE337A9F91919AF5CE32AF902ADF9AB2615E00E8A94586BA1A90839B618
310
32FF1BFB76D2EFADE6DB1BA04CCAD3DA649E7E2A0219F592E22F2AD54847EEA8E42271011E9074F8F3DD9FBA6CDF88FFC9FC7E811AD1CA8F4557CE4AFC7BBEDCF0114A48689F20A584520C74DA8127124B767E2FB91A6B186246727BE63C9445BAE02088D58B8EFDC0F1072407CD9B89A13F6303B4A928F593AD489B58E686
310
9325790ADC406036C591729FE14021F94B7796BB11848D463536A092A26F077F94639F7CEEE2A724C66EC885F4A24F8B8A0AC321F8FD149BA529460FAA34E4663C02D41FDF80BCA222D42F0ABFF8490F4FA74C673807C2051D8E467B47B616072860069A9A303ABA9B319D58404461401B0A0F9BE5E1E151C14BC33B32ABE0
310
3DDE91708DFAEB15E7C0D593C86BB7D7EC17BE56E57975F077BFD5525F3A1A361D584A75E08CF29FC7B44B2B3085014F3A5A14517377C3F6B8F37E59514C3B12F8AACDEDDA4DFC49BE5710101534CD6FB6DE15B50F11A09472AABA727F0C49D9CB906B158030065F48EB3625E010CEC1D511D0053474B11E6A4F01C0D6EF1B
310
ED3A944FDEC70E0DDCDC756C86545910E0DAE3BE3AA9A404574C2995CD5CAF9549226BC94B4F4F0F5F9086F418F6B32346464610D8BC7391D3C3A3CCF04CFC1FB2A3A3170E369511868F14EEA4E5E438CC73DB1F3248AA94B6B2FF33B222FF3D1E7BF146CAD229770158063BCE4F5391964DF62F7E52A7BE0EEA829C9E13C4
310
C147D6F93FE59E111DAB5E4594D6F3CD1AD375EE039930EFE5AF2BB2D41C83C7DABD8C659BAFBE8FAB392CA634F3D15C1D945DB4588D2B0824A4EC928AAC565557CA2F0DAA588CA5BE30B3A8004F7BF005E96CBF891D7F18112A3619FDF530DC8AA64954258E1811789B5189B49B4EB53F5F89F7D37523894F3EB57B373763
310
C91E502F52CC99EB7BDDF933FC324C4FFC2561DFFA7339FAFDD0A4BFBE6D3A8FF9ED1FC49898139864602458968913181918F719CCF5A68B2EE9C1FF050E34E63107003B8120FA982C21B30A874E4F5E4B38D5A8290C4B8D9BE48A0BE31EA995BDC37AC6DE90BA17D259DEF53605D55922FEB1855D915B659FBEB350EE0DFB
310
2F9F766E1C84CC8964B75D08667445EAB966015F63A18A9E0A325C1B3DC628C0D3CB60F767FA93CC65F25458BD23C3B312716E5F40E5858AC06EBA9AB14F95DB99147B832069201541D09A0D856E12C629CF32683760EE855537D1901988D5EBC156676C7DD51D7207CF3267AF1D76C2AD867315E44618015313A98B19941C
310
696FED3461CAA9B5415F918556D7802EDACEFD6B2E45853A9735DFC9DBF7E440F9319F8B6805A973BCCDC76C069A9144E51F187EDCC12FC31B5DEAAF0A76137199B106EC84ADA6B6EE697D4E6A96E007417F4E880E8B1E89B4BCE9D81EF611E2ED8F0C1A6C25F620FAFAAB656A7C42D464880E8AFAB0E0FC8EA38CA9A8AEEA
310
EE3E4648BA4680270A89743CDD3E6C6CBF34B7B640EFA285ABC7EA0A1E28F3CC963D114A80123EE66D0AF7D5380EB41909B605AB4765B709B808590458157E69BA1378FEC4B48CAF6A730E3BE3C5EF2DD1A5EAF94B1DDE50CEB55DDFD7EE9A16747FA4B223359FB1FCC69E1194892BABB93A1D5C4E807AC0EA2E30180811E7
310
7A2291F6E7F7FAA5E0F60215BC6024E48DE436C511F0628B8CA189982D4D83CCA17D305A7E923C37941CFDFDCD93ACAF735EF5F0E61BBD3E6C41A59B242790D3A3BAC7064DCD89AA2E37214EC839820949D5CAA31E240D2948E48F690298974A96BA9A8432BC90F5071D6537C9666EA4564796B7AFFFA548077BEEA75F6308
310
3435074BA182F3699557397F71548383FDA8CA34D99B981E72835ECDA5DDDC151315173D05A21F651AAF8524E88209E2E7A737ED1045800CE3390050BCFB8BE588DF111617874C62575039CA588EEFDEFEFE319B739DE2EDC147092A262611E159650E787917885EF08F1F51B8F2D8A71D60B58B190FEF9541A1BE94BC19FE
310
A50784DA1419FE4B0FB51B8D36B5FF8E1286FD8AF42B91E59A5F1CC4D60174E764045FD8C57B18209B217F89A62252BD20BE0E63E12B8E8F029FE19E0E8D0870F58721A557082250D5424F7909369376E41666C0EE77CD87CB283F661D5FB6D0DA023CB67320A20DC7BE661E9E1BFE5463085C557DA1FF9BE835733766C3D1
310
39F2CF9E2208873AD0EB4814DE9E6BF2CAF81614D4D43906ED1C05A3265CABBFE192770FC2F64F940CB6B17B5F166F133C9AEEAD2641807C3E69515171DD74C4A85311513D6EC9530B3B601B6BA3EBFF3B5C3D2F7D69765141E345F75433953D013ADDF8F6AA7DC3F4A7563FE5C7D367937E2900D7EAD0F9FC9A4A1A9B5BDF
310
1FEF08532660C01C5D6DE22199AA774383E306DAB87E301ABB7D213887F9869D4942D0D71E94B27EDF216A318BD488D45DF84529EF575AF3C3938C0AAA0215B01994153E2054A0B894DA5C784980633AAD48576957CF4AEAEAFADC7C587368551C73DBE1E57C58AC713303A8BFC258BD04B51724459FF9E24C03A81E0E0679
310
CEB9B348C0DC998FEB9C6D6EFA77D247CC8F92D3848599ED89A23218D0636465AD1CEEB7DC140D7426F83491C4E8E8281C2FB35240918FFECE880CA2A42D70E8B20B34DF5221C7DB0CF90ECCB9C745B37A47E9B716FF7A97B7A252C1F3814DC7B1E1A7F72B8751D524EF7CAE45B0C73B3BE7D08ED39781B380DDFC9AA4A474
310
9C9493DB5BAD07A6EA6C092FBD0E85DB004DF06B8C9D3089C5320187E4CE1846158C7EA7DDAE8AD9AFFF21AA3A1026BB06A259845E8232DEE62811A4DA9CEAB3A4887320B76E2AE5615EAB7BDF738CBDD01F1E64064BC13D9EC53576751CA8CACD58B3CEB0E6CA585BD089B2A59B9FC101403387AADBDBE70586B93D64BF3A
310
D4453EF9C3B6A93817E8346991798601344F79A83C51F3D50F7BF2683A3605F51A72449489E0EE6169C749C60B1035651103AEE24D24E51A759C840DD3FC6504DA6FE107510E447B43461C79D22970B75DE5E1BD3007D1AFC619A4A4A69B5626AF5E9B8374E20677F77E2F8E73DF868E8BEC7EBA7B6A75EEF7205E1AB9486C
310
B642741D6E03FF13FCCEDB1C4AC129886268B01CDF4B124AF797CF784F3C6DEC97A17D4B558070A0F1C04DA4FF9BDBF34159AEFE958479824B3F58EBD1E19088A2AFDE501B6F2052368A3FD0E650A179EFAB1561E1D27527077136E652676C3670F42DCB3352F48F6BC86D2C3B0051727E41A0A4DC6CE2BE9D47F5CAA2935A
310
3C0539AF080665997194ABECD723B08129CC5B6B21D2E7D54CD4D12610E7E9FB8306771A89576C7A982002775ED44F3F744CF21EEBB27A631671D921938AAEE3EB0D19CD1E083727F607823E817BF599DCED5394E37EEBC2E88782E638920CA641EF74D4CDFCDEF06F4278ECB18E31E7E9876F2D783C8BF429C75395F57E98
310
C2B495A3DA077EB3AC3C158608B6B57FE3EA48484D9A480096FCEE0DE880950E7E5A5714131C5C41AAA29FD19AE81AC145FA1B9E85C7169A5AB837B213493DF7E9AA4B5FBF9CDEB36EBD21EF1181B7CF7366AB2A951D01E37AF4EB835D1BE8C117CFBE7625D2EBCDB0B20C5A4B45CED0BCDE3EE8DA9DA78C2E21DEAAFFD119
310
7E463C33CC6A80FB785669B856EFF7A8CCCA2841B5A5369173320B1170C368B2748D81062EA0296E5E2D95D7667A4A46D98A6FF475C76AAB0A8C8D45E226FAFC9FE0133EA9F60111F99CA81ACE03A1D14C89E8B0D69079C91464FA1D99E651D0EAF606F345C42A8A1AA9BA391031582B96D5B4176A77AADB01F12FD298A75D
310
EEBB2C82F0B8650E880722F8DDD90C56A7A058E5FDEF1AC93545BA27367C76F5D8F9690CB6F8DAE141EDD7971F0FB548A2AE435F224D6E5954CA155512F7332029D5A1230854B79F258EC5FFDB09F5F6343A8EB193229B7F7E79B3E48F8E183860B38C8269D1B53738FF1E0BACF6AADA6D4869E9DE708E79B5DADCC09B1BC7
310
6F649731CFAF59A83FD8BAE4C749D66FA87A3810D4D62FFE826FA400C0F325D2BC0F3CA35F5847B82A2ACC7961745C823E4D863D54460AF792CE6F79B5C7A33B25C3AEA6CDE15A919B6367D781E9D44F61BF828672594A3E1D9EDD6DF179A81F27EAC05B936575D73E05C209DDD2115CFB705DF9BBF3C911589B3640735E9E
310
618FC9C36A7326C82B2205E244C55D56FDB9D5DC93CE958D4BF8174D2B3DA54CB3C09F2C2A6DFF73D23B2197355761AD421EC581284A7EF8DE2CE3497C0C804D49B41DFD6A7360844E5BEFFB495CFCDB97A4595911CDBA623274CE852B5E278AF0BEB1770E9D37CD977B2766A7DED0E94B840E1E95E8C77DE5CB6354AF7871
310
427C28ADBEEF7BA0A28E19DE9ACD75F379FE373EAE6DDDAE3834692F9C2B03B4FCA8FCA9ABE8EEEBEBB725B88A7C90941E850682CA04061A7DF0CE82ED49BFAFFD42C309818FAE14755CAAE78B0F73243ECCCAD7DF58FCB9CDFAE7A4D3E6671A613639130D056C8383C8F4FCF4808C331E544DD26E4755D09EA05253B3049A
310
1E32587CC25D72E073E2CD96D04A71BBCB0038FEC3F53D254199C3CDC67CD66640269431860225392B2CB3ECD0B4498AAE78BA1994246AE1EE78F2EDFB79F6C6CB6B5E279C4D373FBC21CB2698C9ACBBEB6A4BB6B39E16AB0E421CCBFC7654D81ED86022F9BB522146F9F4772E2D0E4FA70120C95A85A417BF5078B232F475
310
4363EB1750B2AC2148EB46B1EA72AD9B4D23ADCBC589D70106C3EC2ABEEED84DFE28E718C6C83502C28E9FDD3B09DA0A6F6F7B72B706A31C9E2A331EE70DA56A083D2177BFD63C55B11D8D949FAFCF90B23A1E24B9B5018B9A17E99F2890EC302F330FE7936E2C23F0D237EC8916F5166AB84B62A21BB0B950146962D754F9
310
2CC2C8877BED8FC7B7B25726DD19545392570B3A2C66B58F027BEF412E552D12A588C4A3CC5C3193FCB3485EFFF700D0B9EEC077754A33DC1FB9E25AF814628F91DDFECB667D3F7690803F38D13F8AE39353523BB08FC6760144AFA2CE28236F65EDBB3D5F59A57D612B99E3D7E5F8A851666BF9B5A6658EFC96EEB37A378A
310
BB0EB3FDDF1303AF32C41BD1C8560745D7BD81066B0D6313359CF488563D3BA3F8E2185D1FAA3EBA1397C9D0E3DD232180A4DCADB6AF25DB3AC3CC26589C8239E66E81547BC7E2F328F9884764CA37EB5DBE390DFC03A5246B456A7C3684C4377D0EEF9A350680FA9A077E8B2957B489E09AB1AD41316944C2254B5984830F
310
691C93CAA767EECF976FA5647538830B5E63236A6F0365C1E0F3E327F24FE35EDDBD7360B0F7374837409F7A6311BECC12B7026D4FA1AE204FA3F5FE904B1F420C7A9044AE58E403E7C4848E7DA25DC9EDAC79DD756FAA26B9EA83ACE8A214A2612A22AFA19DAE7DBAC5F8CDE1292A485F98DAC731A29FE01A3966E96BCB9F
310
B5A4C8830E1B9AF0C54B87FBE221A097036E5D28D1F869F810C06A9BB0AC0612F69AEBAF893C6E7AD59460208BAB3A6B09CA4F6BDDAB8CF0D1F84B72487498395A70DCD754796E271099A567A55CF242BBED64696378BB6CF25EF0FCDB589F3A82F1116D010A9AB9FA4358809EE0C973A2B4229BAA876A70B03AB49CBA7FBE
310
71DB1832FFD32F9BF2C8E98075CACAFB36921235D0F552B6A67E94E094097A5D7DF681B40623DA535ADA7A9AD8E9A62407D7C9A5AE51D62A17A83A23728DE86BB56115804D3F2675F2C6B87541A0FC497BF0CA86420F558C9859EBE9FAD62747E323E3AADC03FDCDDFE7407B09DA90B44E3185723C5381EAEF589765E2F7A0
310
99BA46695BAD60CEF3491B8A171F5F56444F7CE9455312C3498C74173AEA0214EC029833B34B650CBB5A5508D5091665309642791708ECF27CF11DB3D797D6CFE474453BD4BFADB768094B2147814D81C7CBAF8228DCAF5564B5891F5EF6A860EB2E323CB82AB868D8EA048880D63B0DE5341F1B3D53297B928A11E15F25E5
310
148990F710747C3509ED14909C552EBE3973246FCE55D00564D8310BC3EBC5085D08D806799B77D6C57FDF5E55837F9E934F09C03C729271B64F12D0A9F9E938107CAF7BF1EC8CF1BB9B42363D33070F4CACB425E605DDB0A34A12BB936DE286B9887A4E2E558F0886498BFF49C311D96C277CF6A9FC0D75AD0ECC5226D7E0
310
E3572012E56D7FDE4410CEC7A6D0F997F225A2055B8B92E3956E875AE4993CB3D4C9063AF98FD45E1BAB165640A43439A2C9181A7C355B297C0A0CCFFAE19B6FA3C2BA238A885FBC98B8F6DAF4B94B97304878DF4D8BFF6A4AEDF79E90ED4E68F00CD7299F4E0D83E35601AF0CBEF18C1E870E74758FA91F5131075004DB3C
310
FCF09AE1DABC11957FD9808C92E8A678CE9DBE40DDA0E0D1D505AAFBCBA208232BFB6FB3704E8985E61ADE53DE74152F5C7DE74B1DEDCD37DC3E8FB30D7EBA8B9EFFC3606BF90B8D438279CB7709FC7C00D327F41817EEA71CD9E49FE9C8C9A81C70915D9F0F15958EC5AA4C3BBFAF46986B90F188BDB24B89DE3C6F29EC3E
310
6F66D84856EE96A35E657CA41B41EFD8DBFA16AD6E91439EA92B40B21C053249F51AE50EB0B24C770FFAF40DF12C8436366819C48E36547D4E7B72FE2BBF10828583057814A668BDF183F6B2E58DFB151103E56303E63D00F39C27C4661605DB644D19175D02E3F0241E8FC3458D17AAAADB117CE9EEA690D0DB01E634878C
310
04C2C9310B69FCAB831151E3AD293BEF6E46B0ABCECB50F5939B39C613D41E81FAE8D34CAE3C4566B761D37185FE864AC32FCB71AEF39DAA5BAB88609BB980CD2F07A8F941653B529567726E2B2A58D079DD57E1E5E31426CF184A04D7B03B985F276D47406AF276FE32E3328BA866EB1FD39BEF57863A317634AA5FE46740
310
9B3873F5069EF0D71AF00AD189D17BA1974ECDB2D623E9E14086386A6AAB5807825C37B015BFE892AFD154920EC437EB945D958E18622E1E0FE2FA06557CE4BB9BBD05A2D40E774DA2B65473791E314B7D6C886820B2FCFE4AA272B3B8B15E7344A145E8AF919B5454D89D36D413E87211186BF6F645E5EC94DCCE8E1C7990
310
22E4EC9BC86D7A0F2AFB1FC4B2CE48F84B3F49ECE65BAD24CADCC07EFF39AB06BE9E6B27A059938EA7208838455383DDBCFCD967DDE4650EF92A14FF933C975DB20BD7FEEBC4487576485963D757D16340D9599FEB362F775F38CA4185A86F74B629C81B133644A3B18FD056E997E0734F9BE26D11C0AAFC669E2AC9FC41D2
310
81F8B2E1C35AE27BCE05F3DA295488096688719D974DF1B5D182DB7792288697F8763CFB43562C1CDEE11C4AABD5C22B6E33F6F389CFC3477C5919DC0D533F8A7A1846B7ADB60ABDC26C43D0CFC8910B7C15EE22675BD02702ED39DB77A87A192CA7A543E6205B979B9F5A6B512A3CA799E198B2D5797C0AF8D1D872CA455D
310
4D431A7879D4DD76110B5FF7F4176B54477A9EB5E4A5D11214FDA585F0382751D8E2582BA5D2075053298FEB8F1537304E32CB22C2E2B693DC0A760B1DFCA751BDC445AFDCBB12820ED85F6D5298933C7EF1211E9E057684056CDA3FEF3BB6052355E162DF27C59E965A8DDB7F9437EB72CDDA3A090DE65A5B2F50326247B7
310
EC67B73ACC7047FC9B353D6EE990F772207C6EC52B39DC2F3C0754821DAB559F7C1809C7D0DD5B0499D0442E0A6E391B3D5DB46D11E731E6794EC77523FBDAA242ED67F9FA1FB684255671F63C9BCFE6E7E896D51001A6113EF2298BA494E0B0980D1FA5B9D60796554C02256B1E0345FB7C6186B6A19D2DCA270416262845
310
FA4F42DB5D9B0A0B6F07FCA2E56C242522E001E0CEB734AF310FC8BFB57E38E03AACE93B3326A2197891E68452B26A6307FDABFEE0223D3C03C3C73D2D5BC054C8311F12004CAE488E5C29287F8156A2CAA4AD0D7BE6B97264E4139F437CE73ADF52E5134C52B819777C18B323A5924E4F67AFD13B1CDC3A61793A79FAF5C0
310
CEB718E441071E797C6DCCB9EFCF7E4A1E9F3DF3C2F9C9E8294E9586868788C972857FB0556D7A26941A7EEB9B580AD78EC40B85DC906B4120A563CA3B87797ED612D3B035962BB75F6515A393F4CB057F564CDF54F2E5A024514E6A1F901DB80C7E70B1FC05E356A7E72FABF4775B3E3FB8F70A2A8E7B6A94542BB3041579
310
78CCC999E707A29CC795E67A59CC546A5D47B368954CA7B6E75EC9E1F6FC73CE3B4F71F8CB1A6B15923D61EAAEB14626AAA9D04A26EB9C66CD1BE86CA31A5D8703DE04CD1EBCE4F5CCB62F93909AD11E55799A781A956ED27D3E738F4538CB04ADABC7DAEF20BC35BA6A90BCC1DC61BA05F20D8832FFB9BC9B15E2DB838A0A
310
FBB7E0C82A562127E0446894F427794C3037186F622BF24DE1B00AA10A23BFA47B2A180D6DA5AD6F7326FEB8C100C2D7142EB2A0B2A9D1008A09BA343D70E054AB69E2A7EDB783CBD92537FAF4A44D1296AC2792729104B3276C276C951D0CF3CF3F1E6B017720A7B8505A5FF9589365979678C36F1BAF759EAF57C60F1FF5
310
FE9DCF5F8E764FF25A2D06CF25117A8FED51884C13B2B750DB0E4F5E3D64124FCF11F0AD8F1CC3B3DA4B38ED22BF1CB2585EE6BFEBBA63FBFD44F9537B9B37BDD6B358720F98A8125AED4349CCFEB0E135F19E208A04CA7E2B10711185D72E381F448036EF57C9F874E54A971CA37A639E986AC0226DC5AA00D5B14FEA9192
310
234B3DE617814FC221C92F33F1D392F297731B567FD98FD91D989379AF567A65B8ADF177591DB90FBEA99BF4ED11B16E50A0AB1DBF1156D034BBE04D69D08F939D8E92BF525A1DDAFF80ECBC95D8F45D3FDD289FD23F7D8B452F8EBB34EC082DEEE68E18EDDF072060FAD2AB1504DD4879BF67099FC58F6E9DEFBF645D1633
310
4A3E9A127C6F1AF6132CF287E433B43A0EE93812B4AA0B194E03EE3FF91EF9C6ED0074A2F6EB18A96A7C9890B1FCDA1F2095E944DB911ED54C60DF16FB74C8CE9BDC7C54C4F14078CF73C2FFF1F1BBCCD7CF64F71407EA1683DBC410D226627F66E509060D5C0AFD611DE681D509DB8DD12FB1265B03C6F5C55FF4C30BD941
310
87FF692B4F152982502F193098A789526A038AB529A52BC0DC4FB6285CBAC10A8B8DB75DCD9BDABBB221E27D1F8DA9F5EE5926A1C8AA9BA9BC09239C6A7F12914EA3B59EFF7AAEC3FFCCE56F1C5C2980AD072793527565E774F4631DB178CEEC691B1F367BEA0CF2907E1D6B854D527065979DDEF002D8B2ACEA7CE21AE297
310
737EDE1D45B31233B73FEA35BCFDD0B09721FDBAF6432681F2FD10C3E9EFB246FD6E854B344ACC9D8A0EEF876A7314B49B6A499FC650B099D650DBFEC7638ADFD245E2B7839DA5AC5F7D5623FC0ECEEC8653FC9B2BDD1AD4D00A566FBA7186DD3C9CD26512551637498CADB950FEC71ADB9A5524285DE328B8EC7EC75D2345
310
AEC6A27C42AF6D9B92155315C80DBFCABBB7DA0FAE425C4FB896B15C9BFAC4FE67DF5A23D30C93DA4D8F36FB15D100050DA6062E22AEC5F4DAC4F6FEEF97AE05DE63C6D38F9E068A20BC5E3B6BCD75320C5090924E7F93640A7735B1A43451C2D91EE62C6238B797349E59890AF3A520DF4A87095F3ABEC2E61F0593416CE4
310
6CDCBE0E00E2523FCCD04408588B5B6C9DB6459C786CE378770B54F51DA3A5E1DF2A3349BEAAC234A6CF8993B598B3B25B4B113E353A4D750FA7534749430F3EBF2512E7EA3FD43C6AB9A1F765A58463B306721A15D224FAFE8C6F5E3432D57EE697DA0DD5A9D4866A8BCCAAA9DFF1F06047851408FEC060471D0E3EB86BFA
310
F46E4B5E60311DC3E3CEA147C75CF971BE74689507154FF2D2E92F15CDB2B9182B11459FD8ACAC5A85F174BC94A7F4EE4C4F5CAFA7C02E37BF0BC77B7DCD0C047BC316F562A01A441AFA7931CC84A28CB9F4AA367EB515778F29BFE61195FA671F4352E5E46E3A64773F1F76EE5EB36D7BCE9BCEAD837A4D77F8DB8C92AEEF
310
6711920D7C7D0F76B0FD0EB7AB83724CD35BCA7D36DDDF5FBB7FF6F04A91F3E2BB3B8F1A43CD659639507FF6331C5F697BCC782AE57D757A27D97F1AB9E0AEDB43F92F1B2AACDF5FEC8ADBAF9F814E2027003BA2F9E144B1938A7A04050AE5D953B82C45619165C813A10E76DD6906B3C16438064D14CDA713AEC420034613
310
E1AC7241904A49FBF87409AFB1FCB9B72FE7933A87D8FBEDACECE4EDCF6A4FE9FB94D5DEB74FAB7CFEAE17EE965DF980DCCA2D04134994F9A2E94D2265DA4FE6AA7B7AC15FACAC2B5ABBCD7DFF542C5314FDAB2E1B9D8B65220B8E2B638BE008E8DCA22678C820C5053664D15E89F2D735B51A84955E81A443545E9FF787BE
310
0FA700A76D136C27DA179A7C6E8939E01BE756E19CB292798063D8B97F44E8A27BCF3A614FEB8BE974A718E86F7EC99B53CA35FA24F61F2B07266684623A3D4CF073E511F3A10A8FDAFAF0078C577F4DF9D339FE7862E5FA47CF4344209E5BF76D783B1B48E152AD281B15FCB934DCDA49CEC5706B1EE8B460F435324A5CAD
310
154725E21AB8044B75A557A79F6C807B9340AA3D92503E866F4274412926C8C504E4D5EF8C0E68DD0B028781A6B4054F11CF18941F101C57CCC796773ABC8DED9CD91FE5788806C05E548895354AEAC96546D55B0E94A59F148D061F42AA398D822CDECA4CDE79E13469BDCC44FDC990F366BA5978C15F97ED80CBFD73B0CD
310
9B8B83A4F6845BDFBFAF034019473FB9A63BD55D3A4A7284757071574029A4D016DCCBE95DD679EF3C4880BF169422F8C89B68A988D2B13793CAED4F74DE7486C72DC94DF46B8E93D8E02EFCB1FF9B3BA10C8AE7F653DF94F4AF466CDDCEF5776687F7C4C14B63E4EED1719DC2EC482D7DBCC7AE518CDE3D5FF86D39000EC3
310
673C0044E1D308BF05F74D1B5F033A7D1BE7F74BC55BBE3E4A20F920946CA0271EB17BD2B80E5660ACB8A29A79F5E4BBA49D4D945B6EEF4A7EFEAA65E5555BBB57A7E15D2F83C69F30BBB978D2B39F1F26FC097424D39BB33CA3D87ABF64E307938B685BAD44F71556A30B7E712CA4FE600613C3E554B69ADE949A7CFE214D
310
F1FFF05CB82151EC6FC31950239F94CF7AD39DC473F6EA356E5EC2C4EFA04383CEFE985A127484366FBEE3C0EC4FEA363E4F6632AE781392FD45D67B63FB8DF70E82734F431FD3443172A0E30A83D60982D55FA6A2CF86DBA8382502ACC6CDEF3B907982EED1160E14863FA242F9757347E1544275CCDCF71ECD5F8621CBEA
310
326B8BA884AD7F825781923E66971F04010D574C541D8427A438A37EEF8AF88240EED7362C953F5A81DE2D56109CDE2524EA0F5D2F87308C0C47BD97AD605878AB8589E17CA83930CB5E0DCCD75853D68B1AB136594926DE426C367428E9334AFAFF90ECE221BB5DC9E5BB53D2CDEF954EAA9CD814F0E5725F1965DD458E5F
310
8487683AD86B9D0076BE3EE91EB1CECC5331A67A3F79D8B27587C12EC2A6A70474749F27B4C0BBAFB94B34189E88DC18964BE4121B9137FD516C7755356E50D6714E31ACD222621EBBCD1CFF81D87479056A9DA0E0B8EA19D24CF937DA89F78E8650CCBDC110AAB6C4E46DCBFD0446BA9E2060E81F314AC2031E88135E5476
310
AC0160EF5C0DD2EEF1B8B5CB2D198BE9A554A9093B5F7D7E4B5407DDFCA1D9C152FD97F55BFFFDFE802954DFEC8995B983E28AC92F1971E28F531DC407A1280EB125F64A72E617EFB27DFBCEDCDA2D6F2BDADA36873EE46B9BE1782998C63DA7182BC383FB6FD15DA472B175D7E8B4FC88F38D6E07FEAA3FA3CBB8F6B449EC
310
F14D2175E5C5CCA3A42ABF24CA6C9395AF74535F4DDB38CB84F56614B0FD32D7E19CA5CF988DB4449C40E23DF2B16772594554579094450F56F253CD25EA7F77366FB1CFE79696C428BB64D5A41E986189427E5E4D7E2DAE3D5BB4972B3DC44EAABDDDD63A2264ECFA5C786EB0EE1FDC5BE34FA0F08376869FD1E61EA06CAE
310
15191135445EE8F0394161C3266A596AA035572BB0C8876180D8B9C77D307DF9DCDF7365ABDA6F3A2366436457A4DFC1F259666569A9E4A79C817BDD5610E5200FCE894A358EC72858D50EF67545DA81C6FACE3D457BAF70367E1E6BDD9A952FB4F56247F58F523B97E640246051A72F79BE42FFA0B3187F63097F91C48B86
310
8586F714B0EBD5A00A8412C1236E1298F60C72BE6C96B82B404CADAA304AE9F303176B14BA53FBC2D5E86377E35542019E24D97B96A49B2C0E5006E7795954DEAF5DA58958839043C6C70BD3B1B33B6DC5C31316D8A6923F142E26F6711A2258AF977DDF1F970ECC4F1F2B434B96D81BEB6E89BF3BBB3C7C8CC80505070723
310
D6D7D7D3C8CA27CA164A26024FED94B12A86031867241DA53D929636DA600F050BC40CE48B8BA03D69224720DEE2ED2127390BDF5E6EA64527BBD4C4C63FA76BB801FEEC0E61218EC98A8A86CD8313781617877E66692839B9468CF4DB8E50A73986E558E309C0D6F676F921BE02F1185454DC75B111572FF9D27D85EA14C0
310
5AD7271225B391C4275659CA4A43759D0BA44639BE4C30A84DB7F67A41399FB95CBF923B1B1672ABC807C1590557FB18D811983FA97F5E609516D62281D38B1281F68FC75528C35E4CD7DF0F7DBB5E5DD69C414EBEA2F4A5B241B996BA77AE6C772E367408C633EA3E438B68563EA8BE7667F3A4C4FDEEA52ABD78A2820F44
310
3B7914A15F180018D231E64519C56A12F6CA7C8DAE18F06F6B769DBF92329EF6A5D18FBCE600F36BD8E8198DE5CDAA96181F3A756EBA5501CEE58F497EA4F418A2B82565B9BCC611713C0B708CCA1F398B78C5F7D03B3437CC18F13061F55C7BEDADD5ACB1DB0E36D3CE47FF6EA1A563A57E9649EA5D14D1A50EAA45746338
310
1C073777EF1600607BAF6428A7DDC079D47A204EF1E1F1F0589FB054D45E02CE623B3823C317C601E589E22B1E88B448524B86A82828E32345EC18AE17214B42F8C41C6D428016D9BA31DDCB47572561E5A402E5BA4FCE55F78AF7268524AA04130F3A20BA5D1E9F9948EA48FC8F5314FDB35E21898198060034ACE5E3E2BB
310
CA34092518F275190AF65F45867FF0900AA4B81F25427414C372BF51DC29AA855C5428EE1EEDD6B849AD60F6E73475C2D2523F8A2772C840A478DED18A8C5C91B085F255DC4F54EA7AA8947354FD17ECF8FB3B4A0DE7B483CAF3A1165EE05BBA413E5C1FEF3DE1D6B8F2F3F3251C17D9FCAB48A9AAF63AC773A0E413BBC46A
310
9ADF84A566FC920E4D8C52C9769EE3301CADEEEDD92B312E02E2A7E35B7F1E7D203FE5A7D75578B06E99D0E46FFADB8FDA17ED8880390DA29094202D6F645F76F6F96409CDA05495A96E84B04A00D1A6C6C81D7F3DE9376E828CCF144EE50E364ACCE7237EA0BFB5607ED1AC3CFE73794E5B61739D14DF1743441B1AC98F00
310
ECEDE9E7301FA29755FBEFA68C91EF2B314CF510537EF1ABFC9A762496280B546F5EDAAF8A5B387D469FC9A878A92828C88608453ACEC6094DCA54111E7AD5B2663DFE2DD151B7F123B9F4FEF8EE36AB125FD7AD52A59B1B765B3E3F73E3F73DEA93875004D2AFFE3CDE9493B87A9904DD052028949041A91DC0E1BA47BA71
310
4343FD5B25E0A6A09503AFC17C790058A836A324FE31D7893512E28230332F153181C1E018E1124EBE1BA262AA428A518237D1EA7275E48C5C561BD19ED6912EDD8367DA0F31E40EEAE9683DA9257525AEA7B632B97119E17145A90231768A4F3B9120FF32E8319B015E3CBE26F1A754177D8185345817C096B0CE443A955D
310
13AC15E1FB5DEEA0239EC32A3C92241A237B0B02FFCB4F93CF2B02570C8D192E2F2A68CEEB42F12E6F8CEEFF46C251E22B4341C56FB08CCE550E7A9D6F4D6564B9EA52A83D5BF2C6E03FA19D2775E15A8A7ACF30A13C259EE7F5EF2AC3BA354F1500E1A07FC63FB4686E2F12EC69719F9ECF5FE3F35598DF2CE944008CE78F
310
0911BA5BE5D0A34E0098FF038669C26030BA9B300303039852A8F6F496341737CA7E0D2E3AAA36DE0A70AA7D9CA0D54D9AD84B18A44C9E625475E1C97B93BEBB38DCE7D227E67A2D00F531436136355F243D1FC0D712C5765754FA22FCFFAE97919161F46D6E61ACB37D83777B385889770B50765B127768443A5C4D3A4E35
310
A3151111F146B7CA116F918A049F1C272F2CD7976C69A0068773451659A97E0F4A08FE604C3FF6CE7385DB19F4D3ABC8A0D80DA8A42096AC377DB49382B36E270B6FA7570188B4B7D1DDDDA82ACA487CCA5D38BD3BD039ADBAFA4ACFF27809239B722081E2EB9F145320553D183F28471C388BC8814E5045676767AB58A8E7
310
2D1CED2CA731379515D2E533E4CF0B39DFC625F97AC4836831A4DE330E87A8126FA17EBE583D614E71E22A8DBF2825599743E0640037303E8E1B1E8EA4E1ABFA4F62907B5E4E0E5DCFDAB417C36C6848A2B8D15F1E505434C0707E16B1CFC2A1C36A42BBF55734F8F4301DDC2A5110CEE8C0747F69519265012A2174BF4E95
310
5ECD4FDE095A3ABC70536B7AD0B9D7892F81287D667C108703C9B66A221E9A0929D030008F77FF6F5D2108EF5706FC87A3069B976F7C9FC3239D13D283CDEA83597461079FEEE049B0F392889898B7D87D31F8D60ED7B56B91823A8E4EDDB36C6172ECEE42BD42B12CD67994FA0F0DFAE9389356F4CD4425A4B8AA55CBF7EC
310
D585C6A2C2316791E43D5C06841ADBB226A87FD61515FFBB0167B74E56BD7F3E90A57A97FEDCBDF483A0D6699A8C0849CAEB4947FAA90D8E332D9DEBD9F4738C37DA0CAF9CF3DAA68BCB67C420459C7A64498D6E848E5CADE92BB6901F607AA331104A67F7CD650EE169B1DAE94D2C31C2F993632259B6957E246EFE4C5481
310
107B07118607700040E5812A2A2A38DA0076875258C753F60E0F2662C748EDD5F3F3686B8FC3BD6FE631ECCAA1E8B1C1E565AD117E54893E79F4672E32F9E46B2A183DFDCF3EECB4D4D077DBEA0DA254D256045109670050129E9B9B1A9E4A11344D61497A992778095151510C4BB7EF2009B63AA4360635312E4CF668B7E0
310
D3D85A8688E2BD83B569439892ADB63461930D428E0DE42E4AC57CE48DA5CC1449530D8BD3D6A0F08DF20C8E8F570F2CFFFCEA286E30969B4654D498A58D9DA782E19FE3F002181838925592C4A1EF0B332D88B61A92C644547BED490D3A42CFFAB70E36D961F694F6307F72FF15A1C79D5B1B5CEFD353D9E2B52566DEC8F8
310
F09CB3E8359C0F68EBBB7898243E34E12A015B2685AB303C04D3A9E00671FF3DFF0A184E4A2ABEB2B666AF5B3A209C73D8EF29DCDB069C9F391EEE9DD0F74C7BCDE16F8F02E3B8816122BBEB50665775B600549D8BB33A54A6BF940C028118BC6878C79958D6784F9DEAA6E26748386FFAF8D0D0101E2847B6563F5D8DC1D7
310
8F787BE00E2C941AE12148D4A81599FE8F68D4DA5CDED75530ADE138240300EE13B0FC13A1687FED6774662C05A2B7DFB186732F0D7A93545D8B0A6390AE5054D9CB582DA846D7A061B3358B45E2B52DDE63E114397EDB7E09233A579155D795BE76102CF277F4DF8B188C4F2879BEAE3C08347124BF9ED23B128259FE107D
310
31E34A652F090B30B39E0D9AF917B76A2806135621A8A60681F16AF216514BBD02711585B5B1AE823F4B2D0369EA5B6BCB863072727FFC871CA6C9AB79A814D989057E9470A3D238BC87CBB4A0EA49AFE2B86F22E499793CAA9047080450166BDC357524561E258C77CB697F1ABB32562CF87C3B7AA12F911EF19FB3E5C022
310
22E887D08202A60A17151F5E053A86B437771088B4FEE14D652C43E8D939995D34545E12E2FF93D4E366EAD25F10CB7DED141563C3D0C447AF06078A91135FD4B9611583CB4BF3BD167F2399CEAB0E0100F8FFC305F00F1711717173138B4B48C83022295DE657EFEDD97F238ECA80F528AFB4F8D67AD4E2594B9A3AA86D74
310
87EFC313BA95745C186F0CDD84CC12DC9CB0424B42203D351FD9C0A3AF10CC7F388E0329279087386421F194F4A29464C1DEF7EF8BE515E4A199DCD5B909342598D8FE6A231F71336248D5CEC5454455C7BE383B3BC7B260FED27F703FDC39A170F3827239102F59D4DEE7FEF82EAA1A5E4BA94DCC4CC44E7E2EDE20F24244
310
E4454369D2E87C3F823F193FD4FD27E1C23984B01898D15ABC20711A8A558054951A6AE280096BA36CBA439603B7B0B4C45F248C14B2383B4B5CD8ECECE4FF859AD4A6CA2326D020EF090F4041D28DB66E5256B56232CC52829DE8060BAE6BBF37D4B7469B822454FE93210A3E8D15E69FFCF01123222611C51C4FD0A041A0
310
CFA2471CF6BE38D2B20FA4C3525B5B8B586759475CF80ADFE67A284AC24651E52B8E683D24C2622642F27E7C3C22783BCF63648BC398BD6CD0D9C97E7E7E3EACB6126DB7A6C1FD9F1031302EE67ED96F22B77C7CA0239BB324207559B105E4693EB26EC46182A92C9C0DBD24F29B31C5C5AC1F84300E0E17CEEAC15F5736FA
310
4A98971E2F1423BFCD68D4BBD5F86E74B40A369F39507C88FCDB35D2DD8DEBEA4AF999E23CF2816D204200DF6E611781B9884C1AC8888B4DE397320472959434323A5A36B22A8E1F721A270DF3BD65E4A31C11FF048AFB0D8B7B6881423793963A23CFCE935FC189ED36FAE35C46DA3574C979E4394BE52084F3081837BE03
310
3396D2EBD80F1F691B273F660D2B32FA27A33B1DE4ADA5F0FA4651511102DFA410DDA86E065272CA314D5249DF91B06BB92807B28EFD54F08F7B525252782CD276DD02E6B0319B13DF87B1F6361AD6B28FC0D711CF445429B9E5A433CD493051C49A9E03DDB1B147D880253514A5DED88009018620EE229101C041950E2D8A
310
A8E1F5F5438E0C0C0C60EEDEE9E3E0C051948C69F84BB7B2A48A1F3C8EB9E6864687F4F4F6F6E2FA87608ADAF9C5E117B7C1A737E710769DA1D15ECE6A84502AA855398712D5FB51BE92E4EF824969CE18278798AC303C2C7980DD2500ADF8FB1E6D6C2FAAFF9987178923334A244758BAA01A9A1B70FA5097D01E1CC2A58D
310
AD0EC94CE6430AA9B0C10D75E3C6BAC670EFBADEE1607739CE0FC18A2587E3EC3058562014C64219C69BC269082D5C2F4A659278D585755912176D78A1B641719C2A394CED495A1AC5D583FD2F5EDD93308EA7EAE8A6DD396598BDBD3D4CFED62D18A5BDFDE0DD5C80D1A89BA62697B131AE7CE9A6594138582F1B37D68F17
310
49AC7CB67A70695D48A4A056AC1FBD4E82358CEAE38F54B95A9016F9000F9879C0D9D131768635CA798895F27D6F1614F11F2838A83611AA51C9A3DDB539D42979C29F10465655C17BEC3E2760B80DCBF609198C7B171A531905F3EC218D696025975E986C6B4C666666787271F202805577DD5A3EF0CAFAF91B62DC4B2DB4
310
217A7606282F31D8DDBC290593BAA93EA6353AFA9939B877978481E15CFC9F2755CDC00C538F63A4BA3E80AE009B73CA0185687D339A507D165B74290D6EE46D5C58148F020C3668ABE9EF2F7549170DC80DB41FFC1D678FF19AEB10C7133832B104B80F691B3138F97A92D26E551F1F110400D45AC71A9B9AC41A1A1B1DAE
310
ED0B0810638EFFB511D46B121C6FEA0F38CD00E03CFFEB9713FE1F9C263E4DDEC160D0497FA9A132BA608584057FB15380825DE6C7FC3C667EE947D488A09898D8E939C4953BF4EC9836344D2CC6B2971B2A21A572B06096F4982D2CC7232D46E8EA69DC83722E267754D777F97F96D5DA74E1E75178084D0E70F12AD33E5F
310
71EF2AFA599B2BEBF60A5BE475F444F240CBFE8143C334E7ED9150FEEFEF7EB020C4DBED388DD1D6A167A76F3CBF119B578AE8CFA7736ACAFA4440A1C47185638A0D2F3EB5BDDEFDA958FB13CE4AA4923D5BF840392D45544329525749734866684BF7F8D9D54D892E19BCA9F829A0F8BFCBEEA6CFDFC61D74EA1A645ED7A1
310
FF241739F15694BD835B66FEC5677E40FE69BD3F91AE402F036537218A401CB0828604AD189E575015C6F3F6BBC8AC79CF6C70653847254B31551EFCBEB5978B9DB85D58D0FA41A9DFE9C624834AA04949D24B5AE6D299E072D152D12097920F14AA92C31C3B97E28B6C2E6E9C23D63043ECBBC0A60FDF5BD0C33C127EA8A3
310
308B8B6AFFEB28B4455BF6E7AF4FC6222728357EB8E46E85053E6A8843AB23295BF838ABDA94658FEF3F832F147046B4ACD6F7D48E8FCC9618582961C898D1C7A253C91BFECBDA6BA18A1FCF70755DCCEE2222F41B76D23CA98D0CB3D95F0CF66D57FFF65E2A90F5DF40FC3187621E981BD0BC1D992787212688976B94A8F0
310
C6EF646624B570B78E068826F87CE27041A95C9A4871FF65CC17FCB1639629AD6A9517000D63AC231F3D741CB8430777E7ECF80CE7A3F73C0F162F7E56AA71F4DA80A33CD6ACEE78E2C11FAC03DAFCE929B106F8F6B3ED2DC71FF994BD9CEF4E9A94896EF1B6E2B7B4978168BCF0847A3D2A4F1B0500B926E634B174548E9F
310
BAD27153FB5FC36799B1E6C7C38A94E1F9E996796D7B485E635D5287A2AE76FBD11A341DB3F8F810385BB7296391973DC6C37C452A9305AEBBE0CDB6C566DB59FE60C8E94B1FD090354BF51439FFD1B48D725228FFA88C84F686F547107A7A235665A4593B7C34D748C1AC8D56DD5DA861EEFBADDECBBD65117E65851F9035
310
1AEB65F0EFCFF4BCFEF24CB7A5879699FAC437A7AF9099186CF006BB923A59E37D7A36A29FD8D2CBB914A5E9D0A8FD212FBF796AE9A67958FF1D5D8B85F78F96219D4714EB919929241B6C018AAE0C02069F8D919961EC5DDFBFB7573E3AC8E08BFB7C8534BE6DE045B3CD63DBD71F7638BA2309CAE398EA3A7D8F98BBBC7A
310
EB367EFA5CFA27A9F8F2F52FE878058E6209C026453F8E7E8A237DFC389E9590F6059B397CFD65183BBF936E86896612A5B5FEE49DAC8455D026218AFEBEC12B3523A45B57B82C9C97E02ACFA1184DB18E48CF615DBF39C3CC6F0B4AE6BBEEA2E39D944E290302FA3DE33FA7E40296E2EF7BF1CD855BBECFAD0FD622BEE974
310
6FC4FDFDE545AE6E3BC234CADF83A0FB76DFB145BF3828AE3436368AC24989454F8FF70A177672C711CAA1A76107218CF948CA01F873520E7A2B118EBB161ABAD432932029628B6761590C98AB590C8C8C79798CE9F715BA696E839E9131A4BB68BE923F1747FBFF165331FFDD4D05997ACD168F12CA75348DAC04C7F509FE
310
83898A8B421181AF492861CE81E4A2DD0A30850CFA95E05F097FF70F9E777310D584A75BA7018922E271DAB1D785671157685B7D383D3E074DDB4F1E44EF04B07BAAC75A062077C54B9752C738C9D804D402E02851F3F89605AF189738C18C021D2139EAF72513824E10DDD3047BACC8521ED7E98B257D1166903B1B08FA6F
310
918FD7E162913FEC7D0EF4787E29C35FBA8C6E2C9C20E9AB30AE42CA2A01A090E7D010C1B5BF9CEE2A304BF3A987FB40D836979B79E18D70F257DA61E808472DD85B82761825779D6B90CAEB0F23360C6F80A7D7D77545E95B3DFF0CF96A827F9B5BCECD2C9698718417EF80FEEDEE938AFF55859D0D540B7FE09435583A6F
310
04874A0C7E8CF234DF4879722000167F5872CEC6BF3EF7E5A8CC8121E6A359227C8A29C95212F9F735BC72A887D56B8F309FC525BFB4FD767AAEC4AEFF249CFBBD2DE1AB9969A6155C7D8DABC307E47324C1F916C7BCFF40ABA5644E9FFB9238D19ADADA49D9610F01ABBA57E4DFCBDCCBB2B93C8953206C91DE01B0E2651A
310
6D6C31721915B31F7B7CBCE55466F6D70402788FA91D73BE4ADCBA99A35F17D6B83383704917D6833F0FA3CD45C926ADB8BC17999A4A0AFBCE2541F7B8CF4C2F5FBA611B3E626D64407CB32C122DFF4EF8674D6EDBB86C8F7C6A16D50FA685E2CCA34F8F7D1D8265BB0042E9D7F1F666F7BE5FAA5184DF58E12122A42EF02F
310
461B3F369AC746F96528AD208512AB56844CF75B97F352DF7995024FB02855385854F3798670D01CAC771AC3E1889EC25F61A20C1F8CAB46898817F9C47E2CDA1F286BF2F358298709FE567C91133E2638C8B53975E753EA8BFD3578B5F7186B7BF084EBA3F77BAC3132A5779902EC22AF2D2E79F42D324E083386DAEE9810
310
D1B44A5DAA54513C7A71E52A4AB9257D975B621308FE4D2141CC3DCFE946C154A3C1DFCCA7629EC69ACFA831634ADDA93C0388D2A9A2DDAFCF957C6995BCE7FBB6DC4EBAE79E63EB08E9A25F52F67076F7093CA545CA3053B5BF576DEAD4E0017143C5F759F32B2D6F145B52B67B48909B7C7FCA6586EE385A2189C16932CB
310
6DDFD9152AE317C430492A578ED27B72D85D40C7C93C097939E1B50F4D67F05334FE9DC362C30B7FF561B95259138ECFD9274C8D695C31B14D4EAA9F3D7FA8DDF652F8C5DEFA23284C799B7D94416DEE81E05A866302DC70192A5368EA65E1CED8BF107A1E2D3119A71E85DC1A7B0C1E93274CE04DD0F2ABC8AC7C987FDB00
310
2B6F81757B43502EF7A0D92E416494FAEEA4C9C090CD9557AA4D532F4996A272B94355C5A0E4974EEA9627476F30809B94D8D8D860062E02204643BEC7D0438AF800FC7E2B26955D595421E83C69E1A07E0E3122285835F014AD538188CF9737CE76D464A353FA55A001AB2526B84E985083693BC76FE211CA1D000679C889
310
E3C009832C87E1AC2EDD05C302557422DF0800E316FCAC86978A371F025A6C7DAA9F333E7BD160403A1A06EA75AA9888FF01504B03041400060808003685324F51464CB48900000043010000360000006662782F42304635353536442D374639322D344343362D393145312D4339433846303141433736372F646972656374
310
6F72792E786D6C9D8F310EC2300C45AF127987122606C71DD918B841D4B851A43646695A717C52A85029031293A5A76FBF6FACEF7DA7264E43906840EF0FA03836E242F406C6DCEE4EA06AC22492573150D1F66C60C640E8938CB705396EEDD86DE9B5042FE27813D640EA63BB001C722AF6E55CB61E4863F58284D5D3F53D
310
D715CE1C3985E63FD7F1B7EBDD617E9F1E504B03041400060808003685324F329C320945070000551C0000340000006662782F42304635353536442D374639322D344343362D393145312D4339433846303141433736372F6F626A656374732E786D6CDD59596FDB3810FE2B84F665F74197AFC485E322BE0AA39BB6A8D1C5
310
BE09B4443BDCE8022525F6FEFA1D52A42C2AB2AD5E40B10E602B14359CF9E61E4DDE1EA2103D1396D124BE335CCB311089FD24A0F1FECE28F29D796BA0B75334614992D7F61928C611B933F8B2319DEC5952A47229203B5C84CDD5D5EC6F94F9242606F2439C657746E63F92085BB8C89380644F5680736CED7707CBB5CA8D
310
3AD93DC3E963E3A8143312E7C02AACC7404572E0EAFF8248F67462F30DDAB67EB76DBD0BDB6C21B8CE288DB31CC7FE2BAE1AC7F5CE70D538AEEF0E16CBDE706C0E0783BE3918F55C73B69A2D4CF7A6EFCC47F3F9F87E3936D074B24D92B052404AE200B47834A6EEC4E6772AF1250A6D7CFB491C135FA2D9B62120922E2559
310
13130D585788565348296B6DA1DF51F833DB3A81A2B1A4A1AD8453BF75EB4DB6FF000859172B6519E1569EE50C742DB12FFDC199D8E5AAA6179AA108E784511CA2906E1966A020D85A2A4823C3BD8593421C33A14545AFCE2B18F6755F6AE372578421F75F632A3CCD037F24792638A3FF1276E2BE7E1AF004D21634CE6FA5
310
B0F9310512E3892D16CB7BFD9EBC5902897621DE83B580987C53BFD7C06BCE63C17A614CDFAFB6870D8F0FED87A72C4909CBB9E50967967EA73458332D30BE0EA094B8EABA3BA1F219A0FF00C857BCA009688ED1C3E03050B2331C67BB8445A01DE420D3812F07F1CB575713BB7A788A90162BCF610A6EFB8330D5C4D0CEAE
310
413A9D3C83D127AC2F85DBF838049B7EA031F77330141426B004F17EB73D18D33504535884A77008D2C3DFC4E697087E4A3A106F1A1A6A0BBF1D14A51CA6E967275DBD039B61D4AF54A5C9780EDFE10FC1F77EB179BF29D80EFBE4413AF682EC684C7348A6ED0C69A06B2EFF65FD4178E4ECF8273ED67D50DBE5C339FB8407
310
8E16BD6CA45E90500CB0C2F370A91AB1F240C1DDC310C7242932B9DE16A8FC244C98B73D7AA50FB79EF5973282F2306901ADC10CB2BBCF68CA4131A6525D5524B44E38656062984913DC976AF5B645947A384A8A98C7DAD7B6D8E403020D3745A02AA829CB566EABC80674B72B32885EAD24E71A90D2A115E1D2C40710C8DA
310
F86564C73064D124F6282461F096D613B4032AF02EF39C9170E7D1302C226F474348245E84D333F43B4A504F5D4FE4F892B0A095A06E59CA29950D71C025B00A2495AECAA02F75CAC833E575A648682A1D683B64216A4C0767F2054F152D802A631466BE5C8E7AB7E359DF9C0D9C853958F4E1CA5D2DCD9BE172E88E97B76E
310
FF1EC84B2B11089CC2553DE1812A799DA3F95FFE5844DB18D3106E700A3848DFBC15E9F3CE86D868CF9CD570381C2DCC9BD5B8670EE6F391397697AE391FCF6F578E7B3FBF19DDD88C6449C17C92D93DDBF19449A6F1FE1C575530E5690BE4876F0929D435D7B39DD2575398FF6F107DD74C0A9A127FD5205AC5AE968AB06B
310
10E58F364328F69F788EF27C28FB5ADDA711449B7CB4C5B9AF8CCB8ED577C4C775C73D670CFE391C760C7BE2A4EF8E746D32F8D07A16B997A4D8A7797B4A6D20D391E5AFCA2E56DF1D96D8A8EF5E0F015E9D572BA62E6726C9944723BC27DE0EF3C6A225945E93B835EBEDC324CB684C32D118BE2A181B341D0BEA2F3D4BB7
310
982DCDBC88E4F85B2C56741A0D2F80681E7AD0C2E67C8870B58EA85C40362DE728F2861952BD90FFE865384AC3B239BE8681DB5310A8B6A8CD4239D3FC8867B04F0FE79E131031EBB846BD625F5514AD5A6B521F7F33F933F0A84AE827C2A38EE85E6C595004F0CF2D84A1D1D0ED8F6E2A555C434B1D96F3E62F2CA05DF58F
310
DE0BA1FBC74EC56937ADD4CABCB210CF4904BD2FCE0BD6C96347104D946D2981646468B844EDA4AF2C2845D3A7DA3E384C747DE74AE2DA3150BBD21886639D04792545AB110B5D8841209F777D85672B6CAE52FDEE88F9D3ABECBAFB45501C76C1A12A8165FCD1EAF0D64A5DABA1B2179CFB104A37E2D79C81470424383573
310
1AB9B6B25ED5B4D72AEE350FA9118C79318FB40FFC22FC8C41D5D07267B62CF4EC727DCD539B0513ED131F1AD33AAD8FEF360D2AB0D2F9E94F1C23F2D2A02057E7BC83BE40EACBFA3428685090127D595F78FC97E84294026BDD088C90B324A430C92701DA9304F2378C2A3A74282C2299C8CBA7CE46BD46E8F0F4733988CD
310
F136547D91FF88619A1DCAFEADF061920A39F3CE90EBE837989DF2F1A59868594FD0BAC91866A082D13B032C36A7D0A1595B98818989A3A0DE98718263E378CF337EF954F5FFE9B1571D5BB5A70B2E5232CD99A0144EC5CB05A8FBCA1BD3C9B78BAED8413887CB6D9157C29C164ED24810D45B84523818153E49780F50525C
310
96CBB5C41EAD89ED34CEBF6807255533C76C2F66F2359BBC5F7CB2F9387DFD11A561B1E7EABCD4316B944CDEA9874539B99A8061483153CCABC8F91BFB134BE0BD548456148C00FD7EB81DFD61CF93284AE272C9BE976FB7D0E611DE5505B69A1342EBEFB8635B4C0EE4BB006F8B3362E1207B8205502DA37CA05A42AC1940
310
154D6B06A034C275018F69FBD70B24ABA3DA54A51E76393CE245000247E22F80B8DBD437D4A696E00BC095B879BA500B139BC1E47CFA1F504B03041400060808003685324F655F8F84E2000000550100003C0000006662782F42304635353536442D374639322D344343362D393145312D4339433846303141433736372F72
310
65736F75726365732F322F636E782E786D6C4D90CD6E03210C845F0521F5B82C446995445EF2123DF51251D6A128BB78C54FD5BC7D20A5524FB6663E59E381F3CFBAB06F8CC95398B81292330C96661FDCC44BBE0E07CECE1A2251FE877116CC8A136F32D7E02295AD4B335E4D599ABAF870EBA2BC380C18BDBD6CC1716617
310
93D2C493FDC2D5085332CD986E6236D9082522262AD1623D91FD8AFD848D6832CE5CEFA43A0EF238A8C3BB7A3BEDD569FFFA016323357C122D9DF72163A4ED65272DD535D44412C6066828D177AABD518DBF78A2C683B1DA1A528EB5838EE5FB5631BF1A87E313F975358CEDC93A9E0DD4D90AD10F504B0304140006080800
310
3685324FFF15A4A45D000000800000003A0000006662782F42304635353536442D374639322D344343362D393145312D4339433846303141433736372F7265736F75726365732F636E782E786D6C4D8B3B0E80201005AF42B6F75B59F0390B113044D83508C6E30BC6C26AF226F3B8BA6360974DA7271430F523308B2B198F
310
9B80925DB700539227A2FCCB80A18E5640D320F996A81C9F32D6E9129A0D1EF74FCE750E6D57BC7165FBCA07504B03041400060808003685324F080169494301000056050000300000006662782F42304635353536442D374639322D344343362D393145312D4339433846303141433736372F636E782E786D6CCD94CF4A03
310
3110C65F650978DC3F29555AC9A6E0C127F020DEB2D9E91ABB9B599289D8B737A9DB5691A287427B0B935FE0FB66BE8C587D0C7DF60ECE1BB435E345C532B01A5B63BB9A055AE70B96ADA47088F40D63995503D42C9599149DC3304EA516D62AF4A9DA1BBB998A8AC89926107896E95E795F33AF5F6150850A842DF84DD12A
310
52052F1C780C4E437C4F6680E9BD76A0085A2667155FE6D532E78B277E773FE7F7F3DB175126528A06B19F7863091C8E37B34A633CDA28A7126502A408CE4C54F2C0E4515BD1182BCA782F858F7A6D3771B41D13378EBDD18A62A34AD404944708D420CA2F588A3239FEE1FBF1E1F9A8219E5AE34013BAEDC5DAC04FB5E120
310
AD8889F85F1776E05FE6B1798B962F37F79386276167B3BB4FAE8FD1FD9D84982765BBFE1A3FC041DAF9F31F170B197D8DA6F7CACEE4B9DCADC038F8B411E527504B03041400060808003685324FA410A9017E000000A30000000B0000006662782F636E782E786D6C4D8CD10AC22018465F45FE7B6B46CE09EA28CBF718CD
310
0D99D3B0193D7E1ABBE8EA83C3778EE83FAB476F9B5E2E0609E4D000B2E11147176609799B7007A85722C5B8FDDD008561B5122A0625E614F37347A39D86EC2BF52E2C3BBC368652DADE3033FC84CF5AB798933BC19AEBCE34E4A259CB8A71AC4A995FAF6CCDAB2F504B03041400060808003685324FA6D797065F00000082
310
00000007000000636E782E786D6C4DCB3B0E80201045D1AD90E9FD7516806B51190811670C8A61F982B1B0BAC9C97B72CA7B1037C6D3332918DA1E04D2CAC69353902EDB8C20262D23F3F59B81A079470595414B17391D1F19B4730A5583A7ED43BBE4025D9592775E5ADFFA01504B03041400060808003685324FECFD112D
310
A800000026010000130000005B436F6E74656E745F54797065735D2E786D6C7D4F4B0EC22010BD0A61DF525D18634ABB506FE00510A79458060253536F2FD89D5197F3FED3F68B9BD80362B21E25DFD40D6780DADF2C1AC9671AAA3D677DD75E9E0112CB5A4C928F44E12044D22338956A1F003333F8E814E5331A1194BE2B
310
0362DB343BA13D122055543278D79E6050F344ECBC6478EDCD76CE8EABAE5449AE4298AC56946789C28AAFBEABC53F3EAF09A84A1441B91F0101CD4780756578C173A578FFDDBD00504B03041400060808003685324F3DEE336E64000000790000001B0000006175746F6465736B2D64657369676E2D7061636B6167652E78
310
6D6C35CBC10E83200C00D05F21DCA56CA76D41FC96062B120735B69A7DBE268BB7777961F8D5AF396893C2ADB70FE7ADA196782C2DF776D7A97B5933C430F15651E5469C55D70F80A4992A3ADC954792C525AE70A1E4D6AD9816CC044FEFDF01FE3FDE907802504B03041400060808003685324FB64C84C2F40000008E0100
310
003D0000006662782F42304635353536442D374639322D344343362D393145312D4339433846303141433736372F7265736F75726365732F322F636F72652E786D6C8550CB6E833010FC15B477830D6E4222E388A2F0053DF56619875A0936F2A3EAE7D70E546A4F3DED6A76667677D8E56B79149FCA796D4D07A4C4502823
310
EDA4CDDC410C37D44271E1CC591B7ED1A03062511D6418389B9D8DEB0E496B8232193576523B28BC57010AF9484D075E7EA845942286C4F0F77215F22E66559272E37116A39E76A99E929BBE69E580E3911E71DF5C517FAAAF880EF815B5F438A0666CFAC3508F0D1D4756653167412F3FDBA55322A809788DC909E11322ED
310
1B399C2939D39777566526673EB8F4F3BE347F97E8ACDAD03F6E719DFE778BDA84A6DEDD3685074ED271CF0167554E27956774A9E624F937504B03041400060808003685324FF327502AF9000000960100003B0000006662782F42304635353536442D374639322D344343362D393145312D4339433846303141433736372F
310
7265736F75726365732F636F72652E786D6C8550CB6E833010FC15B47703069A90C838A2287C414FBD596643AD041BF951F5F36B072AB5A79E76353B33BB3BECF2B53CB24FB44E19DD01CD4BC8504B33293D7710FC8DB4905D38B3C6F85F34C8B458B083040367B33561DD2169B4479D506D26DC41E11C7AC8E423361D38F9
310
818BC845F091E1EEF92AE45DCC98D37CE37116829A76A99AA29BBA29B4C0CBB139967D7D25FDA9BA9266285F49DB1C07528F757F18AAB16EC6911549CC9957CBCF766951789C8057253D91F24468FB460FE7869E9B977756242667CEDBF8F3BE347D07DCA233C14A74ACD8A67F5CC33AFDEF1A94F675B5BB6E0A079CC6239F
310
03CE8A94522CCF08634D89F26F504B03041400060808003685324FC54C08E3F2000000B1010000310000006662782F42304635353536442D374639322D344343362D393145312D4339433846303141433736372F636F72652E786D6C8D50CB6EC32010FC156BEFD8C6F533C244AD5B7F414FBD21202E4A0C168FAA9F5F885D
310
A9BDE5B4687686991D72FE5E6FD997B44E193D02CE4BC8A4E64628BD8C10FC05F5909D29B1C6F83F34C8345BE50809064A166BC27640DC682F7542B511F2009973D243C66FF13182E39F7265390B3E32DC35DF18BFB245E638DF799478B5FE4AB995CC4B01B42AF180CA01E1FE1DB7A71A9FEAE68314894949084A1C564A44
310
777551D2027D29E7A669DA57D4CD4385EA696AD180DF309A86A99F4BFC3C756D478A24A6C4791B6F3E3E49D73D2ADF85FF32874D3C905969FF541D86BBC201C531CF7D4149910A8CE3DE6E9CA96CFA03504B03041400060808003685324FE98F758053010000DD0200000C0000006662782F636F72652E786D6C8D52CB6EC3
310
2010FC158B3B7E372F61A2348ABFA0A7DE08262E8A0D16062B9FDFC50FA53E34AD2C6134BB3BB333821C1F6D130CC2F452AB0225618C02A1B8AEA4AA0BE4EC0DEF5070A4C4686D7FB4A140B15614C8C38892DA68D7CD10D7CA0AE551A52B3183ACEF8545016FE052A09E7F899685CC59E8E8EF61C7F89DD5224CC2A98F12E7
310
64358FCA0AD8E44D0A83685CE6DBF8945DF0699F5E707E8EDFF12EDF9E715666A7CD392DB3BC2C49E48729B1B25DD4B911CC8A0AD1344EF638DEE364F7916C0E7972C8DF3E49E43B29E9AD01CFB3A87787E8EDFA20D184AFF85C57FDCDE7A4B2593AF34D133DA209AC371628897C3EF01BC35B6708C2909F65D766B1700768
310
10DC6A9343A5D2EE591A58E30450C7C1F89168AA02F348F01B4FFA82E7350704C5540DAB310BD7ABB35E7DBD53270C1EEC2350DAB4AC792E37ADF83C9F422B4BCB38D78D36FF995EAC2E6146FE61D26F504B03041400060808003685324F48903C9B08010000B201000008000000636F72652E786D6C8D50CD6E8420187C15
310
C21D15B5BBBA4136D6AC4FD0536F545897AC82E167D3BE7D61A5497BEBE92333F37D330C397FAE0B780863A5561DC45901815093E652CD1DF4EE8A1A08CE9418ADDD2F19048AADA283118694CC46FB2D4193564EA8882ACD450299B5C241302DE1D1413BDDC4CA32E65D50D87BB6B1E9CE6691E16CD751E2E4FAB33A19C19C
310
E09096056E51D122DCBCE1C3A9C6A7FAE59DE4514989F792272BC983BBBC4A61202DC6FA58F4D505F56D7941F550BCA2A63E0EA81AABFE309463558F23C9E33225D699F0E77424E474C0B247F425F94E51F2A1F592042114075A2D5FC184E491F813DA6FFC1FA1A57255990EEE1B16521C023D89601C1B0CE3596F98B16DFA
310
0D504B010214001400060808003685324F0000000000000000000000003700000000000000000000000000000000006662782F42304635353536442D374639322D344343362D393145312D4339433846303141433736372F617474726962757465732E62696E504B010214001400060808003685324F000000000000000000
310
0000003500000000000000000000000000550000006662782F42304635353536442D374639322D344343362D393145312D4339433846303141433736372F76657274696365732E62696E504B010214001400060808003685324FF270F13306000000040000003600000000000000000000000000A80000006662782F423046
310
35353536442D374639322D344343362D393145312D4339433846303141433736372F747269616E676C65732E62696E504B010214001400060808003685324F88E57597CD3F0000904100004200000000000000000000000000020100006662782F42304635353536442D374639322D344343362D393145312D433943384630
310
3141433736372F7265736F75726365732F322F305F67656E657269632E706E67504B010214001400060808003685324F51464CB4890000004301000036000000000000000000000000002F4100006662782F42304635353536442D374639322D344343362D393145312D4339433846303141433736372F6469726563746F72
310
792E786D6C504B010214001400060808003685324F329C320945070000551C000034000000000000000000000000000C4200006662782F42304635353536442D374639322D344343362D393145312D4339433846303141433736372F6F626A656374732E786D6C504B010214001400060808003685324F655F8F84E2000000
310
550100003C00000000000000000000000000A34900006662782F42304635353536442D374639322D344343362D393145312D4339433846303141433736372F7265736F75726365732F322F636E782E786D6C504B010214001400060808003685324FFF15A4A45D000000800000003A00000000000000000000000000DF4A00
310
006662782F42304635353536442D374639322D344343362D393145312D4339433846303141433736372F7265736F75726365732F636E782E786D6C504B010214001400060808003685324F0801694943010000560500003000000000000000000000000000944B00006662782F42304635353536442D374639322D34434336
310
2D393145312D4339433846303141433736372F636E782E786D6C504B010214001400060808003685324FA410A9017E000000A30000000B00000000000000000000000000254D00006662782F636E782E786D6C504B010214001400060808003685324FA6D797065F000000820000000700000000000000000000000000CC4D
310
0000636E782E786D6C504B010214001400060808003685324FECFD112DA8000000260100001300000000000000000000000000504E00005B436F6E74656E745F54797065735D2E786D6C504B010214001400060808003685324F3DEE336E64000000790000001B00000000000000000000000000294F00006175746F646573
310
6B2D64657369676E2D7061636B6167652E786D6C504B010214001400060808003685324FB64C84C2F40000008E0100003D00000000000000000000000000C64F00006662782F42304635353536442D374639322D344343362D393145312D4339433846303141433736372F7265736F75726365732F322F636F72652E786D6C
310
504B010214001400060808003685324FF327502AF9000000960100003B00000000000000000000000000155100006662782F42304635353536442D374639322D344343362D393145312D4339433846303141433736372F7265736F75726365732F636F72652E786D6C504B010214001400060808003685324FC54C08E3F200
310
0000B10100003100000000000000000000000000675200006662782F42304635353536442D374639322D344343362D393145312D4339433846303141433736372F636F72652E786D6C504B010214001400060808003685324FE98F758053010000DD0200000C00000000000000000000000000A85300006662782F636F7265
310
2E786D6C504B010214001400060808003685324F48903C9B08010000B2010000080000000000000000000000000025550000636F72652E786D6C504B050600000000120012002D060000535600000000
  0
DICTIONARY
  5
55
330
54
100
AcDbDictionary
280
     1
281
     1
  3
FBXASSET
360
56
  0
XRECORD
  5
56
102
{ACAD_REACTORS
330
55
102
}
330
55
100
AcDbXrecord
280
     1
 70
     1
 90
2070111275
 71
     1
  1
EC891E6D-04D7-4E75-8B26-6326E7852C28
311
504B03041400060808003685324F73D38F673F010000A80100004F00000042304142324530302D444138372D343737442D423646382D3041383238394241343436332F4173736574446174612F446566696E6974696F6E4974657261746F7250726F706572746965732E62696E3550BD4A0341105E6DC4C2C24210B1B04825
311
AEB7EE5D76F70491DDBB8D5808A20F20EBB926C1CB2578778895C1CA6748656BE91BF8006225D8D86A636D27E88C490666BEF99F8FB92384FC4E045C32033A04BB00B8E70B7FD9CD8EB38EEF39320719736DF27E76D100976B131BA3254D6C8BD1C80A4B75A4194D621B332BB508C37016FA702CF5E7AECE2BDC79D02D339F
311
E7AEF0FDBA5C84C4E4C85ACF5570CCE59B38344FD00E410999164ADCD41E53429657A0EE6CB0BDEBCAD2573B8161DA70CB184DB592349232A546B414655A71151B1D45220C8E7CD9AF2F335F063651F196152965510AED5636A9325C50117261A56AF284ABA0EAE06B96E052DD3B2D5C370F5830A1703228DA40A3B3F2F2FA
311
7333FEDB33C4870F7A1DF163BF3142BCBFFD1C611DE409E3F7EFC72F8CA748D8DB06E651109757C7FBA6F17F01CC1F504B03041400060808003685324F74992C4106010000300200004500000042304142324530302D444138372D343737442D423646382D3041383238394241343436332F4173736574446174612F496E73
311
74616E636550726F706572746965732E62696EEB606060F80F0540260323103700495E20ED9E9A975A94991C9C9C919A9BA802147075B6B034743573D135307131D735713537D5B5703232D3353336327335B730357236B2604768046931363471713532B5D435353131D635313332D475727372D13534373670367376B674
311
74B5042A03DBCBA019D37FE8ABC6157B20CD04146B0062181F4C03F940F0C11EA29A8141C08141002C0426541C106CAC2CA046088033B02A030AC2157C6006F21A8018AAF50194E6010A610250382264E08660284CD9E98021862280A91564B406929A0FF62C401E28B6F88038B83CB1243943D7A928312F25350524030320
311
15F840416BAFDE19A0A20B4D107A0394366886F01DA0F401A83800504B03041400060808003685324F88E57597CD3F0000904100006B00000042304142324530302D444138372D343737442D423646382D3041383238394241343436332F5265736F75726365732F45433839314536442D303444372D344537352D38423236
311
2D3633323645373835324332382F7468756D626E61696C2F302F67656E657269635F706E67355B773CD4FF1FBF73E71C0E67EF7576C9DEF3EC995D46C6A1EC5046649CBDF79E192942562825CE965D8A868C2842C8DE9FDFD1F7E7F138F7078FCF6B3F5FCFD7EBFDFEC41B196891913091804020321D6D7513FC77D8C5070E
311
C3FFEE51B21F068154CC75D455CC028A3EA68992803810109FDDE5D5CEC5521B28A1B422BF80741695D5B529DA1C2D058AD2388BDA9F476F7C2CADC939304173DBF48A452BF8A700C0C70C3D121C1AA15A5270C22E2B9E28763651F7DA0D12CE11077B2ECD0D560B5E3DE2368B1E65C5E1C87384A4CC5F2D9FB8BE39E9B77C
311
753783A37998F5CEF1B4FEE553463245C9712270880DF339E0B882A6BA713D865F6F384C842D440934EF264F4A304F8DE4EEFA1E2BF5E2D91F5ADD9613D6E31DDB33ED31DB1D7916CAF091286EA3D31B9CFECB78BB0060245B943C4C040119FF780A74DD308BA9D028678674EB5504ECF284EE814DAED07440BAF649BE4B55
311
DA2890F4D73E2D489A59EE54FDB0A85B59F2F52C4858A02705C4815A792B0C4A996A2023ECB195073E115E3E3647F64243A8338F2000BCB58DA5692C7E7C3D413F963FEDF3CF00FBB0F831A9D51360FECA43819F527B89FA260EB63C5DA676830AA3626A3693B23F1A17A0DFFCE3EE164E31B5365EDF0C89EF64D8E38AB0BA
311
9A1117D7C3A0EC44F44F4023095E80BA610DE336D0F99593A88BFC5306E72DF98F7FD132ED95878DF2964EA7E43071359FD83B2BDF9C6B5BDF768F0F3C0FC351199526F53D9460A34511F75D1B63E488178569472C91A94497807A3FD4A390C6558F26D416365C3656DE6E769DA9D8FC73774E1709812842DD8EF96AED1960
311
F79D21B395CDDFE6F92CB4EB962A4668C76990E2EF29798C8941D67DA50F4A5F947872460F1F6FDB794E8A29FD7AC0C0D6E0714339CE258FB17AE8535221E3464A10F29A0BE5EEECEFC5675926A89F49EB14E5711894F6586DB5754EB4D5DA9C6437EBA57DB97A24F8B8A8DB295FFD73266CF57E82694DF5166DDF93573AFE
311
9C9C5EB05F8FEF8E89E0A8917B0B3724DB7BEBB53252581EFC3E38166BA131A3A5B42FE2AD00A769BBFA4458D2DE7822F8C4F63D0B8E21B285AE13325F3410A435C648C9D91FDEB109E73CEDA7BC796961AF79175E1A3CE4C5E8B0D009B0C9E29EFD98BC8E97554E3D8D838424E270F7685226E5AC268E021EDE3522D583E8
311
F20C0BDE2959EF5BBFEEDAB32FE9A3ED0E39F211A86AA9DEBFC68182EDED132AB8BB794442D2D7EA9F4D8BFF52BC4D55BB165124EE90A42D101E67BBBB292FFB4F66DE5BF2300E44546757DA7CEF8932BFC9F92A0707953491A55C5A5ACEDABD9FA1AEA01BAC3DC5A24E22E7C47213493996EFBC369D086ED9397C9BA6C7F9
311
855C7BD5E15BFC8C53DB3D2A4C5901A57ACD2FBDF4D1676E95338B2C2BCE65FDA4C64F5FEFDC7D9CA5AA1FCF11E193F2FDABF0F4916BF13FB916A224380E6462A9815F2300DC49CC4DF8D055CEF76462F4B7A7ACA7365C2707891370BC1D0AA6203C44CCAB47084FEC057F27FFCD57F89B8B9852459798A675C66BD7CE572C
311
AF71FF7E6D7ECF7BF62CAB7B3F1107DCD04DC55A3F9961700286141C94A4F771FEB2BCDA2DDEE0CB0BAE402FF1DB0100F8E475DFFFC074DDB4498AB7D186A7654DDB1CB680D703D47CEB4E72F8CB13D86A4AA68116E26387B93FD6738779B34FEDB8E517EDF2BAF28D9BE93A1D3A164320E07D42E514725C29515FF3617542
311
13EDE06B079A2E99EB1CA82A02019EADEEB87B9AF005BD04BBCECB14AACD6B24EFBE482194A97DD32400685FF1FEF1544D1B14EFB1E7F08E6D2CD2AF52DE757F35F5E62332EE88EA26417AD5C3E0E319D68F25414E6D672BD4522B278C57D18F0113921C71D96527E091F00CEB15AE23D24667369BD3CEFA10C7549D930890
311
BA4366F4EBC55F01F746109F98ABCDD5A3EE06619C6AD78AB33E48E4C9BD21BF7478B385EC05C4F8987E2C1BFA0A60EBEDAA0AE0B015C2720ECE180FB6F2DEFBEB822D96338C9B63822183BBF52FB664A7AE57003AABCE512BF77E7E31BDA2E739AC4C131657DDFE5225E900FB56CC01CDE808FA4A9C9DA16AC679656BB647
311
96283D89812B8F91136AE18EE5EBBAF47A73BE3C153EB5D4CD491B4BFB4FE690A4CF9ABA08C0D8AA64220C438C96EA6CA80B58FE5761E697B3A292EB9FBDA502FA863E49FE694ADDFFF9D62C520BDD1A22014147A0903A05B9B729F54272EF83931FEEC057BFF8C8055C279EAC5C0011804828734024F6CFA319C9CC6867C7
311
27184465CD9BB7ED386AFFD96B294A85E3802FAE47244602D8273615952B98C4F23F7EAE4463D9D638EEE374A20959E0FE519C4CFB0FBFE5DD80C2AA3F9DB961D1BDE57E67C9BB47B77FDD74EE3094F5DBBE3EBC1FBDB7393F5116263009E2EFE1AF9A221B2AE234C902BF70E9F280ED23E73908361565964333A3F01D0B00
311
6AF32FB21AA1316744B489D5A198E85299241735BE559675130955C902A8ED761FC0DBE337A9F91919AF5CE32AF902ADF9AB2615E00E8A94586BA1A90839B61832FF1BFB76D2EFADE6DB1BA04CCAD3DA649E7E2A0219F592E22F2AD54847EEA8E42271011E9074F8F3DD9FBA6CDF88FFC9FC7E811AD1CA8F4557CE4AFC7BBE
311
DCF0114A48689F20A584520C74DA8127124B767E2FB91A6B186246727BE63C9445BAE02088D58B8EFDC0F1072407CD9B89A13F6303B4A928F593AD489B58E6869325790ADC406036C591729FE14021F94B7796BB11848D463536A092A26F077F94639F7CEEE2A724C66EC885F4A24F8B8A0AC321F8FD149BA529460FAA34E4
311
663C02D41FDF80BCA222D42F0ABFF8490F4FA74C673807C2051D8E467B47B616072860069A9A303ABA9B319D58404461401B0A0F9BE5E1E151C14BC33B32ABE03DDE91708DFAEB15E7C0D593C86BB7D7EC17BE56E57975F077BFD5525F3A1A361D584A75E08CF29FC7B44B2B3085014F3A5A14517377C3F6B8F37E59514C3B
311
12F8AACDEDDA4DFC49BE5710101534CD6FB6DE15B50F11A09472AABA727F0C49D9CB906B158030065F48EB3625E010CEC1D511D0053474B11E6A4F01C0D6EF1BED3A944FDEC70E0DDCDC756C86545910E0DAE3BE3AA9A404574C2995CD5CAF9549226BC94B4F4F0F5F9086F418F6B32346464610D8BC7391D3C3A3CCF04CFC
311
1FB2A3A3170E369511868F14EEA4E5E438CC73DB1F3248AA94B6B2FF33B222FF3D1E7BF146CAD229770158063BCE4F5391964DF62F7E52A7BE0EEA829C9E13C4C147D6F93FE59E111DAB5E4594D6F3CD1AD375EE039930EFE5AF2BB2D41C83C7DABD8C659BAFBE8FAB392CA634F3D15C1D945DB4588D2B0824A4EC928AAC56
311
5557CA2F0DAA588CA5BE30B3A8004F7BF005E96CBF891D7F18112A3619FDF530DC8AA64954258E1811789B5189B49B4EB53F5F89F7D37523894F3EB57B373763C91E502F52CC99EB7BDDF933FC324C4FFC2561DFFA7339FAFDD0A4BFBE6D3A8FF9ED1FC49898139864602458968913181918F719CCF5A68B2EE9C1FF050E34
311
E63107003B8120FA982C21B30A874E4F5E4B38D5A8290C4B8D9BE48A0BE31EA995BDC37AC6DE90BA17D259DEF53605D55922FEB1855D915B659FBEB350EE0DFB2F9F766E1C84CC8964B75D08667445EAB966015F63A18A9E0A325C1B3DC628C0D3CB60F767FA93CC65F25458BD23C3B312716E5F40E5858AC06EBA9AB14F95
311
DB99147B832069201541D09A0D856E12C629CF32683760EE855537D1901988D5EBC156676C7DD51D7207CF3267AF1D76C2AD867315E44618015313A98B19941C696FED3461CAA9B5415F918556D7802EDACEFD6B2E45853A9735DFC9DBF7E440F9319F8B6805A973BCCDC76C069A9144E51F187EDCC12FC31B5DEAAF0A7613
311
7199B106EC84ADA6B6EE697D4E6A96E007417F4E880E8B1E89B4BCE9D81EF611E2ED8F0C1A6C25F620FAFAAB656A7C42D464880E8AFAB0E0FC8EA38CA9A8AEEAEE3E4648BA4680270A89743CDD3E6C6CBF34B7B640EFA285ABC7EA0A1E28F3CC963D114A80123EE66D0AF7D5380EB41909B605AB4765B709B808590458157E
311
69BA1378FEC4B48CAF6A730E3BE3C5EF2DD1A5EAF94B1DDE50CEB55DDFD7EE9A16747FA4B223359FB1FCC69E1194892BABB93A1D5C4E807AC0EA2E30180811E77A2291F6E7F7FAA5E0F60215BC6024E48DE436C511F0628B8CA189982D4D83CCA17D305A7E923C37941CFDFDCD93ACAF735EF5F0E61BBD3E6C41A59B242790
311
D3A3BAC7064DCD89AA2E37214EC839820949D5CAA31E240D2948E48F690298974A96BA9A8432BC90F5071D6537C9666EA4564796B7AFFFA548077BEEA75F63083435074BA182F3699557397F71548383FDA8CA34D99B981E72835ECDA5DDDC151315173D05A21F651AAF8524E88209E2E7A737ED1045800CE3390050BCFB8B
311
E588DF111617874C62575039CA588EEFDEFEFE319B739DE2EDC147092A262611E159650E787917885EF08F1F51B8F2D8A71D60B58B190FEF9541A1BE94BC19FEA50784DA1419FE4B0FB51B8D36B5FF8E1286FD8AF42B91E59A5F1CC4D60174E764045FD8C57B18209B217F89A62252BD20BE0E63E12B8E8F029FE19E0E8D08
311
70F58721A557082250D5424F7909369376E41666C0EE77CD87CB283F661D5FB6D0DA023CB67320A20DC7BE661E9E1BFE5463085C557DA1FF9BE835733766C3D139F2CF9E2208873AD0EB4814DE9E6BF2CAF81614D4D43906ED1C05A3265CABBFE192770FC2F64F940CB6B17B5F166F133C9AEEAD2641807C3E69515171DD74
311
C4A85311513D6EC9530B3B601B6BA3EBFF3B5C3D2F7D69765141E345F75433953D013ADDF8F6AA7DC3F4A7563FE5C7D367937E2900D7EAD0F9FC9A4A1A9B5BDF1FEF08532660C01C5D6DE22199AA774383E306DAB87E301ABB7D213887F9869D4942D0D71E94B27EDF216A318BD488D45DF84529EF575AF3C3938C0AAA0215
311
B01994153E2054A0B894DA5C784980633AAD48576957CF4AEAEAFADC7C587368551C73DBE1E57C58AC713303A8BFC258BD04B51724459FF9E24C03A81E0E0679CEB9B348C0DC998FEB9C6D6EFA77D247CC8F92D3848599ED89A23218D0636465AD1CEEB7DC140D7426F83491C4E8E8281C2FB35240918FFECE880CA2A42D70
311
E8B20B34DF5221C7DB0CF90ECCB9C745B37A47E9B716FF7A97B7A252C1F3814DC7B1E1A7F72B8751D524EF7CAE45B0C73B3BE7D08ED39781B380DDFC9AA4A4749C9493DB5BAD07A6EA6C092FBD0E85DB004DF06B8C9D3089C5320187E4CE1846158C7EA7DDAE8AD9AFFF21AA3A1026BB06A259845E8232DEE62811A4DA9CEA
311
B3A4887320B76E2AE5615EAB7BDF738CBDD01F1E64064BC13D9EC53576751CA8CACD58B3CEB0E6CA585BD089B2A59B9FC101403387AADBDBE70586B93D64BF3AD4453EF9C3B6A93817E8346991798601344F79A83C51F3D50F7BF2683A3605F51A72449489E0EE6169C749C60B1035651103AEE24D24E51A759C840DD3FC65
311
04DA6FE107510E447B43461C79D22970B75DE5E1BD3007D1AFC619A4A4A69B5626AF5E9B8374E20677F77E2F8E73DF868E8BEC7EBA7B6A75EEF7205E1AB9486CB642741D6E03FF13FCCEDB1C4AC129886268B01CDF4B124AF797CF784F3C6DEC97A17D4B558070A0F1C04DA4FF9BDBF34159AEFE958479824B3F58EBD1E190
311
88A2AFDE501B6F2052368A3FD0E650A179EFAB1561E1D27527077136E652676C3670F42DCB3352F48F6BC86D2C3B0051727E41A0A4DC6CE2BE9D47F5CAA2935A3C0539AF080665997194ABECD723B08129CC5B6B21D2E7D54CD4D12610E7E9FB8306771A89576C7A982002775ED44F3F744CF21EEBB27A631671D921938AAE
311
E3EB0D19CD1E083727F607823E817BF599DCED5394E37EEBC2E88782E638920CA641EF74D4CDFCDEF06F4278ECB18E31E7E9876F2D783C8BF429C75395F57E98C2B495A3DA077EB3AC3C158608B6B57FE3EA48484D9A480096FCEE0DE880950E7E5A5714131C5C41AAA29FD19AE81AC145FA1B9E85C7169A5AB837B213493D
311
F7E9AA4B5FBF9CDEB36EBD21EF1181B7CF7366AB2A951D01E37AF4EB835D1BE8C117CFBE7625D2EBCDB0B20C5A4B45CED0BCDE3EE8DA9DA78C2E21DEAAFFD1197E463C33CC6A80FB785669B856EFF7A8CCCA2841B5A5369173320B1170C368B2748D81062EA0296E5E2D95D7667A4A46D98A6FF475C76AAB0A8C8D45E226FA
311
FC9FE0133EA9F60111F99CA81ACE03A1D14C89E8B0D69079C91464FA1D99E651D0EAF606F345C42A8A1AA9BA391031582B96D5B4176A77AADB01F12FD298A75DEEBB2C82F0B8650E880722F8DDD90C56A7A058E5FDEF1AC93545BA27367C76F5D8F9690CB6F8DAE141EDD7971F0FB548A2AE435F224D6E5954CA155512F733
311
2029D5A1230854B79F258EC5FFDB09F5F6343A8EB193229B7F7E79B3E48F8E183860B38C8269D1B53738FF1E0BACF6AADA6D4869E9DE708E79B5DADCC09B1BC76F649731CFAF59A83FD8BAE4C749D66FA87A3810D4D62FFE826FA400C0F325D2BC0F3CA35F5847B82A2ACC7961745C823E4D863D54460AF792CE6F79B5C7A3
311
3B25C3AEA6CDE15A919B6367D781E9D44F61BF828672594A3E1D9EDD6DF179A81F27EAC05B936575D73E05C209DDD2115CFB705DF9BBF3C911589B3640735E9E618FC9C36A7326C82B2205E244C55D56FDB9D5DC93CE958D4BF8174D2B3DA54CB3C09F2C2A6DFF73D23B2197355761AD421EC581284A7EF8DE2CE3497C0C80
311
4D49B41DFD6A7360844E5BEFFB495CFCDB97A4595911CDBA623274CE852B5E278AF0BEB1770E9D37CD977B2766A7DED0E94B840E1E95E8C77DE5CB6354AF7871427C28ADBEEF7BA0A28E19DE9ACD75F379FE373EAE6DDDAE3834692F9C2B03B4FCA8FCA9ABE8EEEBEBB725B88A7C90941E850682CA04061A7DF0CE82ED49BF
311
AFFD42C309818FAE14755CAAE78B0F73243ECCCAD7DF58FCB9CDFAE7A4D3E6671A613639130D056C8383C8F4FCF4808C331E544DD26E4755D09EA05253B3049A1E32587CC25D72E073E2CD96D04A71BBCB0038FEC3F53D254199C3CDC67CD66640269431860225392B2CB3ECD0B4498AAE78BA1994246AE1EE78F2EDFB79F6
311
C6CB6B5E279C4D373FBC21CB2698C9ACBBEB6A4BB6B39E16AB0E421CCBFC7654D81ED86022F9BB522146F9F4772E2D0E4FA70120C95A85A417BF5078B232F4754363EB1750B2AC2148EB46B1EA72AD9B4D23ADCBC589D70106C3EC2ABEEED84DFE28E718C6C83502C28E9FDD3B09DA0A6F6F7B72B706A31C9E2A331EE70DA5
311
6A083D2177BFD63C55B11D8D949FAFCF90B23A1E24B9B5018B9A17E99F2890EC302F330FE7936E2C23F0D237EC8916F5166AB84B62A21BB0B950146962D754F92CC2C8877BED8FC7B7B25726DD19545392570B3A2C66B58F027BEF412E552D12A588C4A3CC5C3193FCB3485EFFF700D0B9EEC077754A33DC1FB9E25AF81462
311
8F91DDFECB667D3F7690803F38D13F8AE39353523BB08FC6760144AFA2CE28236F65EDBB3D5F59A57D612B99E3D7E5F8A851666BF9B5A6658EFC96EEB37A378ABB0EB3FDDF1303AF32C41BD1C8560745D7BD81066B0D6313359CF488563D3BA3F8E2185D1FAA3EBA1397C9D0E3DD232180A4DCADB6AF25DB3AC3CC26589C82
311
39E66E81547BC7E2F328F9884764CA37EB5DBE390DFC03A5246B456A7C3684C4377D0EEF9A350680FA9A077E8B2957B489E09AB1AD41316944C2254B5984830F691C93CAA767EECF976FA5647538830B5E63236A6F0365C1E0F3E327F24FE35EDDBD7360B0F7374837409F7A6311BECC12B7026D4FA1AE204FA3F5FE904B1F
311
420C7A9044AE58E403E7C4848E7DA25DC9EDAC79DD756FAA26B9EA83ACE8A214A2612A22AFA19DAE7DBAC5F8CDE1292A485F98DAC731A29FE01A3966E96BCB9FB5A4C8830E1B9AF0C54B87FBE221A097036E5D28D1F869F810C06A9BB0AC0612F69AEBAF893C6E7AD59460208BAB3A6B09CA4F6BDDAB8CF0D1F84B72487498
311
395A70DCD754796E271099A567A55CF242BBED64696378BB6CF25EF0FCDB589F3A82F1116D010A9AB9FA4358809EE0C973A2B4229BAA876A70B03AB49CBA7FBE71DB1832FFD32F9BF2C8E98075CACAFB36921235D0F552B6A67E94E094097A5D7DF681B40623DA535ADA7A9AD8E9A62407D7C9A5AE51D62A17A83A23728DE8
311
6BB56115804D3F2675F2C6B87541A0FC497BF0CA86420F558C9859EBE9FAD62747E323E3AADC03FDCDDFE7407B09DA90B44E3185723C5381EAEF589765E2F7A099BA46695BAD60CEF3491B8A171F5F56444F7CE9455312C3498C74173AEA0214EC029833B34B650CBB5A5508D5091665309642791708ECF27CF11DB3D797D6
311
CFE474453BD4BFADB768094B2147814D81C7CBAF8228DCAF5564B5891F5EF6A860EB2E323CB82AB868D8EA048880D63B0DE5341F1B3D53297B928A11E15F25E5148990F710747C3509ED14909C552EBE3973246FCE55D00564D8310BC3EBC5085D08D806799B77D6C57FDF5E55837F9E934F09C03C729271B64F12D0A9F9E9
311
38107CAF7BF1EC8CF1BB9B42363D33070F4CACB425E605DDB0A34A12BB936DE286B9887A4E2E558F0886498BFF49C311D96C277CF6A9FC0D75AD0ECC5226D7E0E3572012E56D7FDE4410CEC7A6D0F997F225A2055B8B92E3956E875AE4993CB3D4C9063AF98FD45E1BAB165640A43439A2C9181A7C355B297C0A0CCFFAE19B
311
6FA3C2BA238A885FBC98B8F6DAF4B94B97304878DF4D8BFF6A4AEDF79E90ED4E68F00CD7299F4E0D83E35601AF0CBEF18C1E870E74758FA91F5131075004DB3CFCF09AE1DABC11957FD9808C92E8A678CE9DBE40DDA0E0D1D505AAFBCBA208232BFB6FB3704E8985E61ADE53DE74152F5C7DE74B1DEDCD37DC3E8FB30D7EBA
311
8B9EFFC3606BF90B8D438279CB7709FC7C00D327F41817EEA71CD9E49FE9C8C9A81C70915D9F0F15958EC5AA4C3BBFAF46986B90F188BDB24B89DE3C6F29EC3E6F66D84856EE96A35E657CA41B41EFD8DBFA16AD6E91439EA92B40B21C053249F51AE50EB0B24C770FFAF40DF12C8436366819C48E36547D4E7B72FE2BBF10
311
828583057814A668BDF183F6B2E58DFB151103E56303E63D00F39C27C4661605DB644D19175D02E3F0241E8FC3458D17AAAADB117CE9EEA690D0DB01E634878C04C2C9310B69FCAB831151E3AD293BEF6E46B0ABCECB50F5939B39C613D41E81FAE8D34CAE3C4566B761D37185FE864AC32FCB71AEF39DAA5BAB88609BB980
311
CD2F07A8F941653B529567726E2B2A58D079DD57E1E5E31426CF184A04D7B03B985F276D47406AF276FE32E3328BA866EB1FD39BEF57863A317634AA5FE467409B3873F5069EF0D71AF00AD189D17BA1974ECDB2D623E9E14086386A6AAB5807825C37B015BFE892AFD154920EC437EB945D958E18622E1E0FE2FA06557CE4
311
BB9BBD05A2D40E774DA2B65473791E314B7D6C886820B2FCFE4AA272B3B8B15E7344A145E8AF919B5454D89D36D413E87211186BF6F645E5EC94DCCE8E1C799022E4EC9BC86D7A0F2AFB1FC4B2CE48F84B3F49ECE65BAD24CADCC07EFF39AB06BE9E6B27A059938EA7208838455383DDBCFCD967DDE4650EF92A14FF933C97
311
5DB20BD7FEEBC4487576485963D757D16340D9599FEB362F775F38CA4185A86F74B629C81B133644A3B18FD056E997E0734F9BE26D11C0AAFC669E2AC9FC41D281F8B2E1C35AE27BCE05F3DA295488096688719D974DF1B5D182DB7792288697F8763CFB43562C1CDEE11C4AABD5C22B6E33F6F389CFC3477C5919DC0D533F
311
8A7A1846B7ADB60ABDC26C43D0CFC8910B7C15EE22675BD02702ED39DB77A87A192CA7A543E6205B979B9F5A6B512A3CA799E198B2D5797C0AF8D1D872CA455D4D431A7879D4DD76110B5FF7F4176B54477A9EB5E4A5D11214FDA585F0382751D8E2582BA5D2075053298FEB8F1537304E32CB22C2E2B693DC0A760B1DFCA7
311
51BDC445AFDCBB12820ED85F6D5298933C7EF1211E9E057684056CDA3FEF3BB6052355E162DF27C59E965A8DDB7F9437EB72CDDA3A090DE65A5B2F50326247B7EC67B73ACC7047FC9B353D6EE990F772207C6EC52B39DC2F3C0754821DAB559F7C1809C7D0DD5B0499D0442E0A6E391B3D5DB46D11E731E6794EC77523FBDA
311
A242ED67F9FA1FB684255671F63C9BCFE6E7E896D51001A6113EF2298BA494E0B0980D1FA5B9D60796554C02256B1E0345FB7C6186B6A19D2DCA270416262845FA4F42DB5D9B0A0B6F07FCA2E56C242522E001E0CEB734AF310FC8BFB57E38E03AACE93B3326A2197891E68452B26A6307FDABFEE0223D3C03C3C73D2D5BC0
311
54C8311F12004CAE488E5C29287F8156A2CAA4AD0D7BE6B97264E4139F437CE73ADF52E5134C52B819777C18B323A5924E4F67AFD13B1CDC3A61793A79FAF5C0CEB718E441071E797C6DCCB9EFCF7E4A1E9F3DF3C2F9C9E8294E9586868788C972857FB0556D7A26941A7EEB9B580AD78EC40B85DC906B4120A563CA3B8779
311
7ED612D3B035962BB75F6515A393F4CB057F564CDF54F2E5A024514E6A1F901DB80C7E70B1FC05E356A7E72FABF4775B3E3FB8F70A2A8E7B6A94542BB304157978CCC999E707A29CC795E67A59CC546A5D47B368954CA7B6E75EC9E1F6FC73CE3B4F71F8CB1A6B15923D61EAAEB14626AAA9D04A26EB9C66CD1BE86CA31A5D
311
8703DE04CD1EBCE4F5CCB62F93909AD11E55799A781A956ED27D3E738F4538CB04ADABC7DAEF20BC35BA6A90BCC1DC61BA05F20D8832FFB9BC9B15E2DB838A0AFBB7E0C82A562127E0446894F427794C3037186F622BF24DE1B00AA10A23BFA47B2A180D6DA5AD6F7326FEB8C100C2D7142EB2A0B2A9D1008A09BA343D70E0
311
54AB69E2A7EDB783CBD92537FAF4A44D1296AC2792729104B3276C276C951D0CF3CF3F1E6B017720A7B8505A5FF9589365979678C36F1BAF759EAF57C60F1FF5FE9DCF5F8E764FF25A2D06CF25117A8FED51884C13B2B750DB0E4F5E3D64124FCF11F0AD8F1CC3B3DA4B38ED22BF1CB2585EE6BFEBBA63FBFD44F9537B9B37
311
BDD6B358720F98A8125AED4349CCFEB0E135F19E208A04CA7E2B10711185D72E381F448036EF57C9F874E54A971CA37A639E986AC0226DC5AA00D5B14FEA9192234B3DE617814FC221C92F33F1D392F297731B567FD98FD91D989379AF567A65B8ADF177591DB90FBEA99BF4ED11B16E50A0AB1DBF1156D034BBE04D69D08F
311
939D8E92BF525A1DDAFF80ECBC95D8F45D3FDD289FD23F7D8B452F8EBB34EC082DEEE68E18EDDF072060FAD2AB1504DD4879BF67099FC58F6E9DEFBF645D16334A3E9A127C6F1AF6132CF287E433B43A0EE93812B4AA0B194E03EE3FF91EF9C6ED0074A2F6EB18A96A7C9890B1FCDA1F2095E944DB911ED54C60DF16FB74C8
311
CE9BDC7C54C4F14078CF73C2FFF1F1BBCCD7CF64F71407EA1683DBC410D226627F66E509060D5C0AFD611DE681D509DB8DD12FB1265B03C6F5C55FF4C30BD94187FF692B4F152982502F193098A789526A038AB529A52BC0DC4FB6285CBAC10A8B8DB75DCD9BDABBB221E27D1F8DA9F5EE5926A1C8AA9BA9BC09239C6A7F12
311
914EA3B59EFF7AAEC3FFCCE56F1C5C2980AD072793527565E774F4631DB178CEEC691B1F367BEA0CF2907E1D6B854D527065979DDEF002D8B2ACEA7CE21AE297737EDE1D45B31233B73FEA35BCFDD0B09721FDBAF6432681F2FD10C3E9EFB246FD6E854B344ACC9D8A0EEF876A7314B49B6A499FC650B099D650DBFEC7638A
311
DFD245E2B7839DA5AC5F7D5623FC0ECEEC8653FC9B2BDD1AD4D00A566FBA7186DD3C9CD26512551637498CADB950FEC71ADB9A5524285DE328B8EC7EC75D2345AEC6A27C42AF6D9B92155315C80DBFCABBB7DA0FAE425C4FB896B15C9BFAC4FE67DF5A23D30C93DA4D8F36FB15D100050DA6062E22AEC5F4DAC4F6FEEF97AE
311
05DE63C6D38F9E068A20BC5E3B6BCD75320C5090924E7F93640A7735B1A43451C2D91EE62C6238B797349E59890AF3A520DF4A87095F3ABEC2E61F0593416CE46CDCBE0E00E2523FCCD04408588B5B6C9DB6459C786CE378770B54F51DA3A5E1DF2A3349BEAAC234A6CF8993B598B3B25B4B113E353A4D750FA7534749430F
311
3EBF2512E7EA3FD43C6AB9A1F765A58463B306721A15D224FAFE8C6F5E3432D57EE697DA0DD5A9D4866A8BCCAAA9DFF1F06047851408FEC060471D0E3EB86BFAF46E4B5E60311DC3E3CEA147C75CF971BE74689507154FF2D2E92F15CDB2B9182B11459FD8ACAC5A85F174BC94A7F4EE4C4F5CAFA7C02E37BF0BC77B7DCD0C
311
047BC316F562A01A441AFA7931CC84A28CB9F4AA367EB515778F29BFE61195FA671F4352E5E46E3A64773F1F76EE5EB36D7BCE9BCEAD837A4D77F8DB8C92AEEF6711920D7C7D0F76B0FD0EB7AB83724CD35BCA7D36DDDF5FBB7FF6F04A91F3E2BB3B8F1A43CD659639507FF6331C5F697BCC782AE57D757A27D97F1AB9E0AE
311
DB43F92F1B2AACDF5FEC8ADBAF9F814E2027003BA2F9E144B1938A7A04050AE5D953B82C45619165C813A10E76DD6906B3C16438064D14CDA713AEC420034613E1AC7241904A49FBF87409AFB1FCB9B72FE7933A87D8FBEDACECE4EDCF6A4FE9FB94D5DEB74FAB7CFEAE17EE965DF980DCCA2D04134994F9A2E94D2265DA4F
311
E6AA7B7AC15FACAC2B5ABBCD7DFF542C5314FDAB2E1B9D8B65220B8E2B638BE008E8DCA22678C820C5053664D15E89F2D735B51A84955E81A443545E9FF787BE0FA700A76D136C27DA179A7C6E8939E01BE756E19CB292798063D8B97F44E8A27BCF3A614FEB8BE974A718E86F7EC99B53CA35FA24F61F2B07266684623A3D
311
4CF073E511F3A10A8FDAFAF0078C577F4DF9D339FE7862E5FA47CF4344209E5BF76D783B1B48E152AD281B15FCB934DCDA49CEC5706B1EE8B460F435324A5CAD154725E21AB8044B75A557A79F6C807B9340AA3D92503E866F4274412926C8C504E4D5EF8C0E68DD0B028781A6B4054F11CF18941F101C57CCC796773ABC8D
311
ED9CD91FE5788806C05E548895354AEAC96546D55B0E94A59F148D061F42AA398D822CDECA4CDE79E13469BDCC44FDC990F366BA5978C15F97ED80CBFD73B0CD9B8B83A4F6845BDFBFAF034019473FB9A63BD55D3A4A7284757071574029A4D016DCCBE95DD679EF3C4880BF169422F8C89B68A988D2B13793CAED4F74DE74
311
86C72DC94DF46B8E93D8E02EFCB1FF9B3BA10C8AE7F653DF94F4AF466CDDCEF5776687F7C4C14B63E4EED1719DC2EC482D7DBCC7AE518CDE3D5FF86D39000EC3673C0044E1D308BF05F74D1B5F033A7D1BE7F74BC55BBE3E4A20F920946CA0271EB17BD2B80E5660ACB8A29A79F5E4BBA49D4D945B6EEF4A7EFEAA65E5555B
311
BB57A7E15D2F83C69F30BBB978D2B39F1F26FC097424D39BB33CA3D87ABF64E307938B685BAD44F71556A30B7E712CA4FE600613C3E554B69ADE949A7CFE214DF1FFF05CB82151EC6FC31950239F94CF7AD39DC473F6EA356E5EC2C4EFA04383CEFE985A127484366FBEE3C0EC4FEA363E4F6632AE781392FD45D67B63FB8D
311
F70E82734F431FD3443172A0E30A83D60982D55FA6A2CF86DBA8382502ACC6CDEF3B907982EED1160E14863FA242F9757347E1544275CCDCF71ECD5F8621CBEA326B8BA884AD7F825781923E66971F04010D574C541D8427A438A37EEF8AF88240EED7362C953F5A81DE2D56109CDE2524EA0F5D2F87308C0C47BD97AD6058
311
78AB8589E17CA83930CB5E0DCCD75853D68B1AB136594926DE426C367428E9334AFAFF90ECE221BB5DC9E5BB53D2CDEF954EAA9CD814F0E5725F1965DD458E5F8487683AD86B9D0076BE3EE91EB1CECC5331A67A3F79D8B27587C12EC2A6A70474749F27B4C0BBAFB94B34189E88DC18964BE4121B9137FD516C7755356E50
311
D6714E31ACD222621EBBCD1CFF81D87479056A9DA0E0B8EA19D24CF937DA89F78E8650CCBDC110AAB6C4E46DCBFD0446BA9E2060E81F314AC2031E88135E5476AC0160EF5C0DD2EEF1B8B5CB2D198BE9A554A9093B5F7D7E4B5407DDFCA1D9C152FD97F55BFFFDFE802954DFEC8995B983E28AC92F1971E28F531DC407A128
311
0EB125F64A72E617EFB27DFBCEDCDA2D6F2BDADA36873EE46B9BE1782998C63DA7182BC383FB6FD15DA472B175D7E8B4FC88F38D6E07FEAA3FA3CBB8F6B449ECF14D2175E5C5CCA3A42ABF24CA6C9395AF74535F4DDB38CB84F56614B0FD32D7E19CA5CF988DB4449C40E23DF2B16772594554579094450F56F253CD25EA7F
311
77366FB1CFE79696C428BB64D5A41E986189427E5E4D7E2DAE3D5BB4972B3DC44EAABDDDD63A2264ECFA5C786EB0EE1FDC5BE34FA0F08376869FD1E61EA06CAE15191135445EE8F0394161C3266A596AA035572BB0C8876180D8B9C77D307DF9DCDF7365ABDA6F3A2366436457A4DFC1F259666569A9E4A79C817BDD5610E5
311
200FCE894A358EC72858D50EF67545DA81C6FACE3D457BAF70367E1E6BDD9A952FB4F56247F58F523B97E640246051A72F79BE42FFA0B3187F63097F91C48B868586F714B0EBD5A00A8412C1236E1298F60C72BE6C96B82B404CADAA304AE9F303176B14BA53FBC2D5E86377E35542019E24D97B96A49B2C0E5006E7795954
311
DEAF5DA58958839043C6C70BD3B1B33B6DC5C31316D8A6923F142E26F6711A2258AF977DDF1F970ECC4F1F2B434B96D81BEB6E89BF3BBB3C7C8CC80505070723D6D7D7D3C8CA27CA164A26024FED94B12A86031867241DA53D929636DA600F050BC40CE48B8BA03D69224720DEE2ED2127390BDF5E6EA64527BBD4C4C63FA7
311
6BB801FEEC0E61218EC98A8A86CD8313781617877E66692839B9468CF4DB8E50A73986E558E309C0D6F676F921BE02F1185454DC75B111572FF9D27D85EA14C05AD7271225B391C4275659CA4A43759D0BA44639BE4C30A84DB7F67A41399FB95CBF923B1B1672ABC807C1590557FB18D811983FA97F5E609516D62281D38B
311
1281F68FC75528C35E4CD7DF0F7DBB5E5DD69C414EBEA2F4A5B241B996BA77AE6C772E367408C633EA3E438B68563EA8BE7667F3A4C4FDEEA52ABD78A2820F443B7914A15F180018D231E64519C56A12F6CA7C8DAE18F06F6B769DBF92329EF6A5D18FBCE600F36BD8E8198DE5CDAA96181F3A756EBA5501CEE58F497EA4F4
311
18A2B82565B9BCC611713C0B708CCA1F398B78C5F7D03B3437CC18F13061F55C7BEDADD5ACB1DB0E36D3CE47FF6EA1A563A57E9649EA5D14D1A50EAA457463381C073777EF1600607BAF6428A7DDC079D47A204EF1E1F1F0589FB054D45E02CE623B3823C317C601E589E22B1E88B448524B86A82828E32345EC18AE17214B
311
42F8C41C6D428016D9BA31DDCB47572561E5A402E5BA4FCE55F78AF7268524AA04130F3A20BA5D1E9F9948EA48FC8F5314FDB35E21898198060034ACE5E3E2BBCA34092518F275190AF65F45867FF0900AA4B81F25427414C372BF51DC29AA855C5428EE1EEDD6B849AD60F6E73475C2D2523F8A2772C840A478DED18A8C5C
311
91B085F255DC4F54EA7AA8947354FD17ECF8FB3B4A0DE7B483CAF3A1165EE05BBA413E5C1FEF3DE1D6B8F2F3F3251C17D9FCAB48A9AAF63AC773A0E413BBC46A9ADF84A566FC920E4D8C52C9769EE3301CADEEEDD92B312E02E2A7E35B7F1E7D203FE5A7D75578B06E99D0E46FFADB8FDA17ED8880390DA29094202D6F645F
311
76F6F96409CDA05495A96E84B04A00D1A6C6C81D7F3DE9376E828CCF144EE50E364ACCE7237EA0BFB5607ED1AC3CFE73794E5B61739D14DF1743441B1AC98F00ECEDE9E7301FA29755FBEFA68C91EF2B314CF510537EF1ABFC9A762496280B546F5EDAAF8A5B387D469FC9A878A92828C88608453ACEC6094DCA54111E7AD5
311
B2663DFE2DD151B7F123B9F4FEF8EE36AB125FD7AD52A59B1B765B3E3F73E3F73DEA93875004D2AFFE3CDE9493B87A9904DD052028949041A91DC0E1BA47BA714343FD5B25E0A6A09503AFC17C790058A836A324FE31D7893512E28230332F153181C1E018E1124EBE1BA262AA428A518237D1EA7275E48C5C561BD19ED691
311
2EDD8367DA0F31E40EEAE9683DA9257525AEA7B632B97119E17145A90231768A4F3B9120FF32E8319B015E3CBE26F1A754177D8185345817C096B0CE443A955D13AC15E1FB5DEEA0239EC32A3C92241A237B0B02FFCB4F93CF2B02570C8D192E2F2A68CEEB42F12E6F8CEEFF46C251E22B4341C56FB08CCE550E7A9D6F4D65
311
64B9EA52A83D5BF2C6E03FA19D2775E15A8A7ACF30A13C259EE7F5EF2AC3BA354F1500E1A07FC63FB4686E2F12EC69719F9ECF5FE3F35598DF2CE944008CE78F0911BA5BE5D0A34E0098FF038669C26030BA9B300303039852A8F6F496341737CA7E0D2E3AAA36DE0A70AA7D9CA0D54D9AD84B18A44C9E625475E1C97B93BE
311
BB38DCE7D227E67A2D00F531436136355F243D1FC0D712C5765754FA22FCFFAE97919161F46D6E61ACB37D83777B385889770B50765B127768443A5C4D3A4E35A3151111F146B7CA116F918A049F1C272F2CD7976C69A0068773451659A97E0F4A08FE604C3FF6CE7385DB19F4D3ABC8A0D80DA8A42096AC377DB49382B36E
311
270B6FA7570188B4B7D1DDDDA82ACA487CCA5D38BD3BD039ADBAFA4ACFF27809239B722081E2EB9F145320553D183F28471C388BC8814E5045676767AB58A8E72D1CED2CA731379515D2E533E4CF0B39DFC625F97AC4836831A4DE330E87A8126FA17EBE583D614E71E22A8DBF2825599743E0640037303E8E1B1E8EA4E1AB
311
FA4F62907B5E4E0E5DCFDAB417C36C6848A2B8D15F1E505434C0707E16B1CFC2A1C36A42BBF55734F8F4301DDC2A5110CEE8C0747F69519265012A2174BF4E955ECD4FDE095A3ABC70536B7AD0B9D7892F81287D667C108703C9B66A221E9A0929D030008F77FF6F5D2108EF5706FC87A3069B976F7C9FC3239D13D283CDEA
311
83597461079FEEE049B0F392889898B7D87D31F8D60ED7B56B91823A8E4EDDB36C6172ECEE42BD42B12CD67994FA0F0DFAE9389356F4CD4425A4B8AA55CBF7ECD585C6A2C2316791E43D5C06841ADBB226A87FD61515FFBB0167B74E56BD7F3E90A57A97FEDCBDF483A0D6699A8C0849CAEB4947FAA90D8E332D9DEBD9F473
311
8C37DA0CAF9CF3DAA68BCB67C420459C7A64498D6E848E5CADE92BB6901F607AA331104A67F7CD650EE169B1DAE94D2C31C2F993632259B6957E246EFE4C5481107B07118607700040E5812A2A2A38DA0076875258C753F60E0F2662C748EDD5F3F3686B8FC3BD6FE631ECCAA1E8B1C1E565AD117E54893E79F4672E32F9E4
311
6B2A183DFDCF3EECB4D4D077DBEA0DA254D256045109670050129E9B9B1A9E4A11344D61497A992778095151510C4BB7EF2009B63AA4360635312E4CF668B7E0D3D85A8688E2BD83B569439892ADB63461930D428E0DE42E4AC57CE48DA5CC1449530D8BD3D6A0F08DF20C8E8F570F2CFFFCEA286E30969B4654D498A58D9D
311
A782E19FE3F002181838925592C4A1EF0B332D88B61A92C644547BED490D3A42CFFAB70E36D961F694F6307F72FF15A1C79D5B1B5CEFD353D9E2B52566DEC8F8F09CB3E8359C0F68EBBB7898243E34E12A015B2685AB303C04D3A9E00671FF3DFF0A184E4A2ABEB2B666AF5B3A209C73D8EF29DCDB069C9F391EEE9DD0F74C
311
7BCDE16F8F02E3B8816122BBEB50665775B600549D8BB33A54A6BF940C028118BC6878C79958D6784F9DEAA6E26748386FFAF8D0D0101E2847B6563F5D8DC1D78F787BE00E2C941AE12148D4A81599FE8F68D4DA5CDED75530ADE138240300EE13B0FC13A1687FED6774662C05A2B7DFB186732F0D7A93545D8B0A6390AE50
311
54D9CB582DA846D7A061B3358B45E2B52DDE63E114397EDB7E09233A579155D795BE76102CF277F4DF8B188C4F2879BEAE3C08347124BF9ED23B128259FE107D31E34A652F090B30B39E0D9AF917B76A2806135621A8A60681F16AF216514BBD02711585B5B1AE823F4B2D0369EA5B6BCB863072727FFC871CA6C9AB79A814
311
D989057E9470A3D238BC87CBB4A0EA49AFE2B86F22E499793CAA9047080450166BDC357524561E258C77CB697F1ABB32562CF87C3B7AA12F911EF19FB3E5C02222E887D08202A60A17151F5E053A86B437771088B4FEE14D652C43E8D939995D34545E12E2FF93D4E366EAD25F10CB7DED141563C3D0C447AF06078A91135F
311
D4B9611583CB4BF3BD167F2399CEAB0E0100F8FFC305F00F1711717173138B4B48C83022295DE657EFEDD97F238ECA80F528AFB4F8D67AD4E2594B9A3AA86D7487EFC313BA95745C186F0CDD84CC12DC9CB0424B42203D351FD9C0A3AF10CC7F388E0329279087386421F194F4A29464C1DEF7EF8BE515E4A199DCD5B90934
311
2598D8FE6A231F71336248D5CEC5454455C7BE383B3BC7B260FED27F703FDC39A170F3827239102F59D4DEE7FEF82EAA1A5E4BA94DCC4CC44E7E2EDE20F24244E4454369D2E87C3F823F193FD4FD27E1C23984B01898D15ABC20711A8A558054951A6AE280096BA36CBA439603B7B0B4C45F248C14B2383B4B5CD8ECECE4FF
311
859AD4A6CA2326D020EF090F4041D28DB66E5256B56232CC52829DE8060BAE6BBF37D4B7469B822454FE93210A3E8D15E69FFCF01123222611C51C4FD0A041A0CFA2471CF6BE38D2B20FA4C3525B5B8B586759475CF80ADFE67A284AC24651E52B8E683D24C2622642F27E7C3C22783BCF63648BC398BD6CD0D9C97E7E7E3E
311
ACB6126DB7A6C1FD9F1031302EE67ED96F22B77C7CA0239BB324207559B105E4693EB26EC46182A92C9C0DBD24F29B31C5C5AC1F84300E0E17CEEAC15F5736FA4A98971E2F1423BFCD68D4BBD5F86E74B40A369F39507C88FCDB35D2DD8DEBEA4AF999E23CF2816D204200DF6E611781B9884C1AC8888B4DE3973204729594
311
34323A5A36B22A8E1F721A270DF3BD65E4A31C11FF048AFB0D8B7B6881423793963A23CFCE935FC189ED36FAE35C46DA3574C979E4394BE52084F3081837BE033396D2EBD80F1F691B273F660D2B32FA27A33B1DE4ADA5F0FA4651511102DFA410DDA86E065272CA314D5249DF91B06BB92807B28EFD54F08F7B525252782C
311
D276DD02E6B0319B13DF87B1F6361AD6B28FC0D711CF445429B9E5A433CD493051C49A9E03DDB1B147D880253514A5DED88009018620EE229101C041950E2D8AA8E1F5F5438E0C0C0C60EEDEE9E3E0C051948C69F84BB7B2A48A1F3C8EB9E6864687F4F4F6F6E2FA87608ADAF9C5E117B7C1A737E710769DA1D15ECE6A8450
311
2AA855398712D5FB51BE92E4EF824969CE18278798AC303C2C7980DD2500ADF8FB1E6D6C2FAAFF9987178923334A244758BAA01A9A1B70FA5097D01E1CC2A58DAD0EC94CE6430AA9B0C10D75E3C6BAC670EFBADEE1607739CE0FC18A2587E3EC3058562014C64219C69BC269082D5C2F4A659278D585755912176D78A1B641
311
719C2A394CED495A1AC5D583FD2F5EDD93308EA7EAE8A6DD396598BDBD3D4CFED62D18A5BDFDE0DD5C80D1A89BA62697B131AE7CE9A6594138582F1B37D68F1749AC7CB67A70695D48A4A056AC1FBD4E82358CEAE38F54B95A9016F9000F9879C0D9D131768635CA798895F27D6F1614F11F2838A83611AA51C9A3DDB539D4
311
2979C29F10465655C17BEC3E2760B80DCBF609198C7B171A531905F3EC218D696025975E986C6B4C666666787271F202805577DD5A3EF0CAFAF91B62DC4B2DB4217A7606282F31D8DDBC290593BAA93EA6353AFA9939B877978481E15CFC9F2755CDC00C538F63A4BA3E80AE009B73CA0185687D339A507D165B74290D6EE4
311
6D5C58148F020C3668ABE9EF2F7549170DC80DB41FFC1D678FF19AEB10C7133832B104B80F691B3138F97A92D26E551F1F110400D45AC71A9B9AC41A1A1B1DAEED0B0810638EFFB511D46B121C6FEA0F38CD00E03CFFEB9713FE1F9C263E4DDEC160D0497FA9A132BA608584057FB15380825DE6C7FC3C667EE947D488A098
311
98D8E939C4953BF4EC9836344D2CC6B2971B2A21A572B06096F4982D2CC7232D46E8EA69DC83722E267754D777F97F96D5DA74E1E75178084D0E70F12AD33E5F71EF2AFA599B2BEBF60A5BE475F444F240CBFE8143C334E7ED9150FEEFEF7EB020C4DBED388DD1D6A167A76F3CBF119B578AE8CFA7736ACAFA4440A1C47185
311
638A0D2F3EB5BDDEFDA958FB13CE4AA4923D5BF840392D45544329525749734866684BF7F8D9D54D892E19BCA9F829A0F8BFCBEEA6CFDFC61D74EA1A645ED7A1FF241739F15694BD835B66FEC5677E40FE69BD3F91AE402F036537218A401CB0828604AD189E575015C6F3F6BBC8AC79CF6C70653847254B31551EFCBEB597
311
8B9DB85D58D0FA41A9DFE9C624834AA04949D24B5AE6D299E072D152D12097920F14AA92C31C3B97E28B6C2E6E9C23D63043ECBBC0A60FDF5BD0C33C127EA8A3308B8B6AFFEB28B4455BF6E7AF4FC6222728357EB8E46E85053E6A8843AB23295BF838ABDA94658FEF3F832F147046B4ACD6F7D48E8FCC9618582961C898D1
311
C7A253C91BFECBDA6BA18A1FCF70755DCCEE2222F41B76D23CA98D0CB3D95F0CF66D57FFF65E2A90F5DF40FC3187621E981BD0BC1D992787212688976B94A8F0C6EF646624B570B78E068826F87CE27041A95C9A4871FF65CC17FCB1639629AD6A9517000D63AC231F3D741CB8430777E7ECF80CE7A3F73C0F162F7E56AA71
311
F4DA80A33CD6ACEE78E2C11FAC03DAFCE929B106F8F6B3ED2DC71FF994BD9CEF4E9A94896EF1B6E2B7B4978168BCF0847A3D2A4F1B0500B926E634B174548E9FBAD27153FB5FC36799B1E6C7C38A94E1F9E996796D7B485E635D5287A2AE76FBD11A341DB3F8F810385BB7296391973DC6C37C452A9305AEBBE0CDB6C566DB
311
59FE60C8E94B1FD090354BF51439FFD1B48D725228FFA88C84F686F547107A7A235665A4593B7C34D748C1AC8D56DD5DA861EEFBADDECBBD65117E65851F90351AEB65F0EFCFF4BCFEF24CB7A5879699FAC437A7AF9099186CF006BB923A59E37D7A36A29FD8D2CBB914A5E9D0A8FD212FBF796AE9A67958FF1D5D8B85F78F
311
96219D4714EB919929241B6C018AAE0C02069F8D919961EC5DDFBFB7573E3AC8E08BFB7C8534BE6DE045B3CD63DBD71F7638BA2309CAE398EA3A7D8F98BBBC7AEB367EFA5CFA27A9F8F2F52FE878058E6209C026453F8E7E8A237DFC389E9590F6059B397CFD65183BBF936E86896612A5B5FEE49DAC8455D026218AFEBEC1
311
2B3523A45B57B82C9C97E02ACFA1184DB18E48CF615DBF39C3CC6F0B4AE6BBEEA2E39D944E290302FA3DE33FA7E40296E2EF7BF1CD855BBECFAD0FD622BEE9746FC4FDFDE545AE6E3BC234CADF83A0FB76DFB145BF3828AE3436368AC24989454F8FF70A177672C711CAA1A76107218CF948CA01F873520E7A2B118EBB161A
311
BAD432932029628B6761590C98AB590C8C8C79798CE9F715BA696E839E9131A4BB68BE923F1747FBFF165331FFDD4D05997ACD168F12CA75348DAC04C7F509FE83898A8B421181AF492861CE81E4A2DD0A30850CFA95E05F097FF70F9E777310D584A75BA7018922E271DAB1D785671157685B7D383D3E074DDB4F1E44EF04
311
B07BAAC75A062077C54B9752C738C9D804D402E02851F3F89605AF189738C18C021D2139EAF72513824E10DDD3047BACC8521ED7E98B257D1166903B1B08FA6F918FD7E162913FEC7D0EF4787E29C35FBA8C6E2C9C20E9AB30AE42CA2A01A090E7D010C1B5BF9CEE2A304BF3A987FB40D836979B79E18D70F257DA61E80847
311
2DD85B82761825779D6B90CAEB0F23360C6F80A7D7D77545E95B3DFF0CF96A827F9B5BCECD2C9698718417EF80FEEDEE938AFF55859D0D540B7FE09435583A6F04874A0C7E8CF234DF4879722000167F5872CEC6BF3EF7E5A8CC8121E6A359227C8A29C95212F9F735BC72A887D56B8F309FC525BFB4FD767AAEC4AEFF249C
311
FBBD2DE1AB9969A6155C7D8DABC307E47324C1F916C7BCFF40ABA5644E9FFB9238D19ADADA49D9610F01ABBA57E4DFCBDCCBB2B93C8953206C91DE01B0E2651A6D6C31721915B31F7B7CBCE55466F6D70402788FA91D73BE4ADCBA99A35F17D6B83383704917D6833F0FA3CD45C926ADB8BC17999A4A0AFBCE2541F7B8CF4C
311
2F5FBA611B3E626D64407CB32C122DFF4EF8674D6EDBB86C8F7C6A16D50FA685E2CCA34F8F7D1D8265BB0042E9D7F1F666F7BE5FAA5184DF58E12122A42EF02F461B3F369AC746F96528AD208512AB56844CF75B97F352DF7995024FB02855385854F3798670D01CAC771AC3E1889EC25F61A20C1F8CAB46898817F9C47E2C
311
DA1F286BF2F358298709FE567C91133E2638C8B53975E753EA8BFD3578B5F7186B7BF084EBA3F77BAC3132A5779902EC22AF2D2E79F42D324E083386DAEE9810D1B44A5DAA54513C7A71E52A4AB9257D975B621308FE4D2141CC3DCFE946C154A3C1DFCCA7629EC69ACFA831634ADDA93C0388D2A9A2DDAFCF957C6995BCE7
311
FBB6DC4EBAE79E63EB08E9A25F52F67076F7093CA545CA3053B5BF576DEAD4E0017143C5F759F32B2D6F145B52B67B48909B7C7FCA6586EE385A2189C16932CB6DDFD9152AE317C430492A578ED27B72D85D40C7C93C097939E1B50F4D67F05334FE9DC362C30B7FF561B95259138ECFD9274C8D695C31B14D4EAA9F3D7FA8
311
DDF652F8C5DEFA23284C799B7D94416DEE81E05A866302DC70192A5368EA65E1CED8BF107A1E2D3119A71E85DC1A7B0C1E93274CE04DD0F2ABC8AC7C987FDB002B6F81757B43502EF7A0D92E416494FAEEA4C9C090CD9557AA4D532F4996A272B94355C5A0E4974EEA9627476F30809B94D8D8D860062E02204643BEC7D043
311
8AF800FC7E2B26955D595421E83C69E1A07E0E3122285835F014AD538188CF9737CE76D464A353FA55A001AB2526B84E985083693BC76FE211CA1D000679C889E3C009832C87E1AC2EDD05C302557422DF0800E316FCAC86978A371F025A6C7DAA9F333E7BD160403A1A06EA75AA9888FF01504B0304140006080800368532
311
4F28BB58AF800100009E0500003D00000042304142324530302D444138372D343737442D423646382D3041383238394241343436332F536368656D61732F436F6D6D6F6E536368656D612E786D6CBD544D4FC23018BEFB2B96DE15493C78601010A34B880709DEDFB52FD0D8B54BD70DF6EFED3AC0B12E6442E2716BFB3CEF
311
F3D18E26FB440405EA8C2B1992E1C323095052C5B8DC842437EBFB673219DF8DA659866649B798C078B48AE6410122242F2A4994AC7F93815DF85C049C8564CA0A901499DD886B2EB9B1E02448F358701A9235880C49A0119892A20C89D1B9FD768815CAD268CB5E0355B40B1E47F3E37A2020464BED06AA57CE8FCC20C3C3
311
446D46761A2632A8C1283D07031EFF2AE7CCB1BFEEE916E406DFAC8E36FFD99A9D60A6944090EEDC3B670C7DC13DE86B6B2C5C240D6E503BB85ACD579D513F1B9F9A69DC9CC22AFA80C426D40AF0B21EA168559156B6276F0F726A6BFF04DCD513A87A62CAD41FB24FCB2858B3952E3D852084DA25B9303C15687973CC8E8A
311
AE11DF2836C38C6A9E765E8C1BA1BFB1DC29CDFE518C8B5A7655A4ED7E77291ABEB80DBD82EC866ADE1B8D05AF9E35CF09D7A061F38A986D9EC412B8F0F65E5D81534D9B231D1E5A8FE577A241F3A5FD01504B03041400060808003685324F670136ADA9040000B41400003E00000042304142324530302D444138372D3437
311
37442D423646382D3041383238394241343436332F536368656D61732F47656E65726963536368656D612E786D6CDD586D6FE3360CFEBE5F21F87BD3245B0E2D90F4905CD12E1F8A0CCDF5BE0A8AAC24DAE417C872DAECD78FD48BE3D44EE3B5C3E16E010EE75A34C5877C48911A7F7E4914D9095DC82C9D44835E3F2222E5
311
592CD3CD242ACDFAE22AFA7CF3CB785A14C22CF95624EC66FC34BF253BA626D1BD488596DCBD8F2E6FC6335608B7F428D258E807664080A98384D9E75E22F16B2CCF05D32CE502359492C878124DE31DBE89612BB196A934605E44F272A5249F446BA60A11112D589CA56A3F898C2EE16F6B136C595C7AC3C2FF076D3D808B
311
DBC824572211A961A8D96E393F7AF5806BEA91EDDFB1ABFB769EB08DE8BCDFE27EF98E9DE0ABCE3BFCA1C54E8AE777ECE2BFFC92A94C87EDE6A9111BA1ADE75C74BF391275D33FAAC5FABF89F1D33C9836CB3225980B2A479BE96A4FB3D59F821BCF11CF1FC55602586C7191D99E2C9C0CF2B8A662E3484E59466361985485
311
D7E248E7953C01F19DA23B9D256461B6E09C40FF02D1DEA98C19EBAFBA4659184B7D47DEDF22E2F53DB017721B164F5B845961697F0C699AAC2410982C385725A6361A500F59CD848221F103A8C1A7CA84A55F407794695C905C688E69B111550ACA946B9B4785FC1BDE0E229240B62665328986D5B32C400CEDD88188F35A
311
C25EBCD40836F47F35E5C0EA4B6F767B50568CFFB5665C505E2AD5EA8A9997205F50A2350EAB32C9294B0024108429953DF32C4D812E226658F78A490408362A94987E6F787DFCBBBABAAEDC36758ADEE9B58B41BF0F35D87BB1E991E02BF0B513748E6C0AA2EB2CE56EC68E97585643D82DE284E51DE03E4E22B00738761F
311
1E66E1616A03EE093B0327B6BB9797262B0DCD72C6A5817ADAC1C3C0A3909CF6639B404D18B15CAF4B3C09CEAA4414BD5F0723F059ED37048E7A64271711EDC9C5230F58FBDA5DE00DA512CF04BA6671A0D201A83D2EC81D2EB552C7E5CD1BF9D6913567B2CD53A659AC362A2B200B440195E2ACBBD167A32A86F7874F7F00
311
686DB55D163481DADE5E417E979BAD827FC6B2B0AD8A6AB1567038E466EB4B10C4C2F3F71196A09260938125FDAB8662456EAD68AB2F7C1DFF709C874887B76A4355564F017256531BF73D7D754A40E23401DA38EFC907CF8D8E3C1E5E7505D8E432C60BE1EDA01E5166683F169B6EAC6EC046153F66C2BE0679FD3F407982
311
ABFA28F92E0E457501938D96B12090869079360D3F947CA8BBC3D9FCE1ECF3C676C9BE80EB67CABE004FC290F8E26BE6A0371AD6CE66781C408A1FAA8CFFA63DD93A94CD5E1F3BA6A3DFB05B34E1247BB3949E3C332105035203136EA14AE89FF99E3E0B3C4EFE65C581A3A3D2D0EE84EFDB22B49DA31A07059E69B81628A8
311
ED1228B63E42C3D840C3C01F460D1F331FE199821B03F22CCDB6DBF074B49566B12C3B3626074EA1B130B4596BDBFBB642A835954A9509E5769234228129889952870EEE13F494954AD7A27EAD09411BDEEC5B6B6AD752C11509F826EF4007E86281B1AE63750FD09DBA87A34EF4CE2A75F3E85960004EA6B519F4806609E8
311
C91CD18380BD81691D9F2CB5730631E6DDBAFBC30E96D3E1D3D67EE8FB72BAD92AD4C1FD3CEDFBD2681858ED6583CA3853294B80AF67AECFAC6418D08164D5FD1E52E8B546BCC77B87C6E9D1655FFD384FB26A28AADD82E04B9C64EBF78FFF00504B03041400060808003685324F8DFFFC99640100009B0300004500000042
311
304142324530302D444138372D343737442D423646382D3041383238394241343436332F536368656D61732F52656E6465724D6174657269616C536368656D612E786D6CA5535D6BC230147DDFAF08799F5FDB600FADA20EA430D968A7AF12D36B1B481349529DFF7EF9A85A718860DFDA73EFB987734EA3D16FC5D10E9466
311
52C4B8DFE9610482CA9C8922C6B5D93CBFE3D1F0291A6B0D26A3255464182D920FB4233CC629881CD49C18508CF000E3EE309A100D61622AAB4A8A33B2483F11CB639C545B0E1508438C3D3C0361192846DB7ACD198DF186700D182920B914FC1063A36AFBEE8FBA03FFD3CC1D1F4FC9E151A2AF59F628C5B7821D83FDFD34
311
89305080F2EE04BF962195FB285E9D2DD352320A9E827AE357594914E42B1F5FE35F83688F60C4C91A6C946ED0668E8F244BC2EB0BA6E3BCCFC0B6A4B507F9F9F8D51EB315D9BA9E08D308E89F96931666E577837E2B4172199C68C4FE306156D47DF51C698C7B9D97FE5BEFE2190C3C38BB054E6E8163FB039CB4B993C80B
311
F18D969203116D6BBD26238B821F9BB909AD6D9C71B85BCD8C33D66FEA3D31B4BC0AD45BEA46BBEDDFEC0F504B03041400060808003685324F906AB96D51000000570000004700000042304142324530302D444138372D343737442D423646382D3041383238394241343436332F4173736574446174612F41737365745461
311
626C654F66436F6E74656E74732E62696E536160607075B6B034743573D135307131D735713537D5B5703232D3353336327335B730357236B21002AACB4D2C492DCA4CCC492C28484D2C4ACC4B4E050A82012F90744FCD03CA26072767A4E6260200504B03041400060808003685324FC55C66365600000068000000450000
311
0042304142324530302D444138372D343737442D423646382D3041383238394241343436332F4173736574446174612F53747265616D56657273696F6E5461626C652E696E665D8CBD0A80300C06F73E4B29FE6CDD8A2E82A083B8B7F209014925C9FBA3AEAEC7DD2555D896CB85E51C2A1BD834F6A1F56EC4494C46952783
311
64ABB24ABD2146F88CCEBB89D5321FF8F3F43D672A3B44DF3CB6A1710F504B03041400060808003685324FCA6E753538010000A20400003600000042304142324530302D444138372D343737442D423646382D3041383238394241343436332F4173736574446174612F636E782E786D6CCD94314FC3301085FF4A64893176
311
5215D4568E2B044B2790A818D8AECEA55875ECC8BE20F8F7D86D0650115387AEA7EFEE9E9FFC4EAE3F7B5B7C6088C6BB86D5BC62053AED5BE3F60D1BA92B17AC582B19BCA71F182B1CF4D8B05C664AEE831F87A9D46207A3CD556BDC612ADEC788B4859DC5A7EEC13B42479115DA428C0D8BFA1D7BE030926F311E780B04BC
311
E601A31F83C634894C8FD3241D10085BA66655BD2CAB65592FB6F5DD6A5EAFE6B76F526452C99DF776E24D5A16FC7033ABF4692F5395141950720C66A2F26B98FA4B25DF19274522958C14922B53077D0DA90386C11A0D94CC135E13529920845E8A13ACA4C82EFCF2E2113BE34C6ED92469403E3C278118C8E0157AF29FDA
311
CB7BB37191C069BC6647CE355EDE8797E32F7A3DC5F2989BEB4BCBB9466E5C7781AC88E33949D1C9D7457D03504B03041400060808003685324FBF6B5A3BE7000000600100006700000042304142324530302D444138372D343737442D423646382D3041383238394241343436332F5265736F75726365732F454338393145
311
36442D303444372D344537352D384232362D3633323645373835324332382F7468756D626E61696C2F302F636E782E786D6C4D90C16E03210C447F6565A9C75D9628AD9288253FD1532F15659D2D0A8B1198AAFDFB42CB21A7B1C64F9667D4F57BF7C317A6EC282C20A719060C965617B6050ADFC6130C57AD12113F603004
311
B3E302CD06ADB64425766BC59B29BEB9DE857B37370C989C7D8F6183C17A93F302D97EE26E26539856CCF769356C263925CC5492C57A80DD8EFD804D681857D087599EC7F93CCAD3AB7CB91CE5E5F8FCA64423B5FA20F29D778131517C3ACC96EA18EA3FB3120DD0AA24D7A91602F4C3734AD4A5569953CDDF21FE89153231
311
7A670DD79A0459461E2B846657E21FD64AB4BC55FECAA8DABAD1BF504B03041400060808003685324FA233C2345D000000800000006500000042304142324530302D444138372D343737442D423646382D3041383238394241343436332F5265736F75726365732F45433839314536442D303444372D344537352D38423236
311
2D3633323645373835324332382F7468756D626E61696C2F636E782E786D6C4D8B490E80201004BF42E6EE76F3C0F216234B883063108CCF170C074F95AE5473F5C4C06E932E4F28601967600677D21E9D8092EDB002539227A2FCCB80E1168D80A6417297A89C5D6963B7129A0D1E8F2EE73AA7B62BBEB8B27DE50B504B03
311
041400060808003685324FBE89762363000000880000005B00000042304142324530302D444138372D343737442D423646382D3041383238394241343436332F5265736F75726365732F45433839314536442D303444372D344537352D384232362D3633323645373835324332382F636E782E786D6C4DCC3B0E80201004D0
311
AB90EDFD75167CCE820A4A845D83603CBE602CAC26799919AEEEE0D965E2E908050C6D0FCCE04C8BC355404EB6198129C92351FAD580A10E464065907C8D948F8F166375F655BDC3FDC3B4E530A176BE7057BDC43B2A593FE403504B03041400060808003685324F52AB83BE7E000000A30000003600000042304142324530
311
302D444138372D343737442D423646382D3041383238394241343436332F5265736F75726365732F636E782E786D6C4D8CD10A832018465F45FE7BB772A50ED4A0F2416259C84C87CBD8E34F4717BBFAE0F09D23BACFE6D061E2DB062FA1BE54808C7F84D9FA5542DA17CC01754AC410F6BF1B203F6D4642C1A0C41A437A9D
311
6836CB945CA1CEFAE709F5C0EFB5A623AE9A91E146B316F39E504C6F846AC65B32109E8D6B51F2FC7A794B5E7D01504B03041400060808003685324F518FD1740C010000550300003400000042304142324530302D444138372D343737442D423646382D3041383238394241343436332F536368656D61732F636E782E786D
311
6CCD93CD4E032114855F6542E2726068AA691B862E5CB872A3AEDC21735B49813BE1C7E8DB0B238B3671A78BEEE0E4CBCD3907AED87F3ADB7D408806FD48381D48075EE364FC7124391DFA0DE9F65204C4748691CE2B0723A93291E21830CF4D9AE0A0B2ADAA35FED4C47B740EFDB37E07A748A7AD8A712471B95295134E10
311
4F745249514E0344CC414399908C83364107500926225703DFF6C3B6E79B177EB75BF3DDFAF655B04A4AF186681B6F7C8280F3CD6AD0588EBE181A04AB8014399846D514449EBBA3A50FC10A21454CA1B4D0C8F4351752CDB3355AA552165BC01F460A56C35E447E000FC1E86BCD7C61EFDF423F819F203C96970A46D96BCD
311
FE9BCBBF55C0960D28DFA02E84FC06504B03041400060808003685324FE3603EBE7A000000C20000002C00000042304142324530302D444138372D343737442D423646382D3041383238394241343436332F636E782E786D6C6DCD410EC2201085E1AB90D9DBEACE05D09878023D01A1D34A8419C380F1F82DA68B9AB8FDFE
311
C93C3D7C52546FCC12980C9CBA232824CF63A0D9402DD3E10C6AB03A3397DD192872090D3406ABE7CCF5B5D18893ABB1690CF4DCF02282E5EA8A5BB96FFE536F285CB347F95BEFFE81C9ED5AFF9D5B1FB575BB00504B03041400060808003685324F9917C2807E000000A300000007000000636E782E786D6C4D8CD10AC220
311
18465F45FE7BCB964C037528ABF718CD0DC969D81C7BFC3476D1D50787EF1CD1ED8B479B4D1F178384CB8900B2E11947176609799D3007D42991625CFF6E80C2B05809158312738AF97DA0D14E43F6957A175E0734449BE64E08EE35679832D663D33E38269A37FC6634A5EDB518E7AA94F9F5CAD6BCFA02504B0304140006
311
0808003685324FCA1DF9C9A900000073010000130000005B436F6E74656E745F54797065735D2E786D6CA590410EC2300C04BF12E5DEBA70400835E500FC800F84E0B411AD13252E2ABF27A55740421CEDDDD9B55CEFA7A117778CC979527255565220197F75D42A39B22DB652EC9BFAFC089844F65252B2630E3B80643A1C
311
742A7D40CA8AF571D09CC7D842D0E6A65B8475556DC07862242E78CE904D7D44ABC79EC569CAEBA537E3521C16DF5CA5A40EA17746733E0B6615DE7217475F386F18B9481C510F1F021CD9FF027EA0E1F5C4E609504B03041400060808003685324F3DEE336E64000000790000001B0000006175746F6465736B2D64657369
311
676E2D7061636B6167652E786D6C35CBC10E83200C00D05F21DCA56CA76D41FC96062B120735B69A7DBE268BB7777961F8D5AF396893C2ADB70FE7ADA196782C2DF776D7A97B5933C430F15651E5469C55D70F80A4992A3ADC954792C525AE70A1E4D6AD9816CC044FEFDF01FE3FDE907802504B0304140006080800368532
311
4FA920D714FA000000960100003700000042304142324530302D444138372D343737442D423646382D3041383238394241343436332F4173736574446174612F636F72652E786D6C8550CB6E833010FC15B47703E69140641C1168BEA0A7DE2CE3102BC1467E54FDFCDA814AEDA9A75DCDCECCEE0E397F2DCFE453182BB5EA
311
00A7392442713D493577E0DD0D35909C29315ABB5F3448145B440711064A66A3FDBA435C2B275444959EC40E326B8583843F43D381E577B1B094791718F691AE8C3FD82C529C6E3C4ABC97D32E9553709337290CD0362FC7E170ECD1F16DBCA2AA2E5A74C16D85CA7A68AE7D7F19C6A220591453E2E4F2B39D1BC19C988016
311
396E51DE22DCBCE3C3A9C2A7AAFE20596452629D093FEF4BE37740FB78F5C81C23D936FDE3EAD7E97F572F952B8BDD755358A0381CF91A5092C594427945186A4C947E03504B03041400060808003685324FC88C7E12F50000008E0100006800000042304142324530302D444138372D343737442D423646382D3041383238
311
394241343436332F5265736F75726365732F45433839314536442D303444372D344537352D384232362D3633323645373835324332382F7468756D626E61696C2F302F636F72652E786D6C8550CB6E833010FC15B47703E69140641C1168BEA0A7DE2CE3102BC1467E54FDFCDA814AEDA9A75DCDCECCEE0E397F2DCFE45318
311
2BB5EA00A7392442713D493577E0DD0D35909C29315ABB5F3448145B440711064A66A3FDBA435C2B275444959EC40E326B8583843F43D381E577B1B094791718F691AE8C3FD82C529C6E3C4ABC97D32E9553709337290CD0362FC7E170ECD1F16DBCA2AA2E5A74C16D85CA7A68AE7D7F19C6A220591453E2E4F2B39D1BC19C
311
988016396E51DE22DCBCE3C3A9C2A7AAFE20596452629D093FEF4BE3774073926DE81F37BF4EFFBB79A95C59EC6E9BC202C5E1B8D780922CA613CA2BBA506392F41B504B03041400060808003685324FC9EEE616FB000000960100006600000042304142324530302D444138372D343737442D423646382D30413832383942
311
41343436332F5265736F75726365732F45433839314536442D303444372D344537352D384232362D3633323645373835324332382F7468756D626E61696C2F636F72652E786D6C8550CB6E833010FC15B47703E69140641C1168BEA0A7DE5CEC102B60236C47FDFCDA814AEDA9A75DCDCECCEE0E397FCD53F414AB915A3580
311
E31422A106CDA51A1B70F6862A88CE94AC5ADB5F3488149B450301064AC655BB658706ADAC5001559A8B1D64C6080BD130F9A60133DCC5CC62E6AC679847BCB0E1C14611E378E351E29CE4BB5472EF266F52AC40EB34EFBBC3B145C7B7FE8A8A32ABD105D705CACBAEBAB6EDA5EBB38C24414C8995F3CFF66115CC0A0E344B
311
718DD21AE1EA1D1F4E053E15E507490293126357FFF3BE347C07D4DEDDFCA9989C48B24DFFB8BA85FFEFEAA4B279B6BB6E0A0314FB235F034A9290922FAF087D0D89D26F504B03041400060808003685324F5A1B57210F010000B10100005C00000042304142324530302D444138372D343737442D423646382D3041383238
311
394241343436332F5265736F75726365732F45433839314536442D303444372D344537352D384232362D3633323645373835324332382F636F72652E786D6C8590CD6EC32010845FC5DA3BB6C17F38C24489ED3C414FBD219BB828314406AA3E7E2171A5F6D4D3A261868F1D76FC5AEFC9A7DCAC32BA039CE690483D9959E9
311
A503EFAE884272E46C33C6FDB241A2C52A3B883270B66CC63F766932DA491D556D66B98BC25AE92099EEE1D0819D3EE42A52E15D70D85BFA10D34D2C32C5E9CBC799F76ADEA36A0EAFA9AB921BF0362F86BE6E4EA819870B2A2BD2A2336E4B54543DBD9C4EE77E20846531CC9953EB0F7DDAA47072064E72DCA2BC4598BEE1
311
FA50E24359BDB32C3A39B36E0B3BEFD0B81DF0B1A72D1EEB01E5E5D0A0726C2A44CFA4467541EAB1A115E90965D92BF807E81FF3FF40AFB42BC80E7C252C701CFEFFBCE02C8B0586F16C37CC5836FF06504B03041400060808003685324F3D7CB049FC000000960100003700000042304142324530302D444138372D343737
311
442D423646382D3041383238394241343436332F5265736F75726365732F636F72652E786D6C8550CB6E833010FC15B47703262481C8384AA0F980AAA7DE2CB3A156821DF951F5F36B072AB5A79E76353B33BB3BECF835DFB34FB44E19DD01CD4BC8504B332A3D7510FC9534901D39B3C6F85F34C8B498B1830403679335E1
311
B142D2688F3AA1DA8CB882C239F490C97B6C3A70F20367918BE023C3DDF287903731614EF385C759086A5CA56A8C6EEAAAD0026FCBCDD0EFF627B27F192EA4DE562D39D3B6269B6DDF5C4EA7733F54152B929833AFE69FEDD2A2F03802AF4ADA92B225B479A3BB434D0FF5F69D1589C999F336FEBC2E4DDF017F45678295E8
311
58B14CFFB886C7F8BF6B50DA6FAAD5755138E0341EF91C7056A494627946186B4A947F03504B03041400060808003685324F19CB4ADFF9000000940100003500000042304142324530302D444138372D343737442D423646382D3041383238394241343436332F536368656D61732F636F72652E786D6C8550CB6E833010FC
311
15B47703E69140641C11D2FC407BEACDC20EB5126CE447D5CFAF0D546A4F3DED6A76667677C8F96B7E269FC258A9550738CD21116AD45CAAA903EFEEA881E44C89D1DAFDA241A2D82C3A8830503219ED971D1AB572424554692E7690592B1C24E333341DD8F143CC2C65DE05867DA40B1B1F6C12294E371E25DE4BBE4B250F
311
6EF22E8501DAE6E575381C7B747CB9DE5055172DBAE0B642653D34B7BEBF0CD7A220591453E2E4FCB37D348239C18116396E51DE22DCBCE1C3A9C2A7AA7E27596452629D093FEF4BE377405FD73B2DC9B6D91F4FBFF0FF3DBD54AE2C76CF4D6181E270E23AA0248B1985B206186ACC937E03504B0304140006080800368532
311
4FD282433802010000D80100002D00000042304142324530302D444138372D343737442D423646382D3041383238394241343436332F636F72652E786D6C9591DD6E842010855FC5CC3D0AAEEBCF06D968B67D825EF58ECAAC25BB82116CFAF8856AD3F6AEBD821CBE33C399E1E7F7E99EBCE1E2B4352DB094428266B04A9B
311
B185D55F490DC959F0C55AFF0383C4C8095B8832083E2E769D7769B0C6A389AAB10A77513A871E92E11E2E2DB8E1152799CAD507C2DDD2590E373962CAD28D13DCEBE9CB3A2C283D2A1039650DA10D61F5132B4F053B15C7679E4552F0551B7FC8F76638BDA04AECEC432410C703CFB6E780AD5AED9056E193FAAA7101D1D3
311
AECF1F282597AEAE48515517D2978F35A15D9DD74DDF1545198B04B3E0CE2F61347B913884BFDA37E3AF68EBACFE196D733810EC3B5416E72C78F6B98470C69D880F504B03041400060808003685324FB8AA42E609010000B201000008000000636F72652E786D6C8D50CB6E833010FC156BEF06CC2381C83822D07C414FBD
311
B9D8A156C046D844EDDFD70E546A6F3DAD3533BB331E7AFE9C46F4908B5546D740A20490D4BD114A0F35ACEE864B4067461763DC2F1920CD2759438081D16131EBBC43BDD14EEA806A23E40E726BA503D48FFE5183ED3FE4C423BE3AAFB0F768E6FD9D0F3222D1A663D4A9E967B55F247752004B1352E1A4C2A47C2587534E
311
4E79F146E3A064745D95D8AD94F0EEEAA6E402AC4AB2AE3D1C1B7C7CE9AE382FD20A5F4895E3AC68CB6BD35CDA2E4D691C9619B56EF17FDE8FF89C0E59FE08BE34DE2846DF8D1977810F2590D1E317B084C681F8137A9DC53F422BEDB2743FB86D5860C4077A12DE3834E8C7B35E3F43DBEC1B504B01021400140006080800
311
3685324F73D38F673F010000A80100004F000000000000000000000000000000000042304142324530302D444138372D343737442D423646382D3041383238394241343436332F4173736574446174612F446566696E6974696F6E4974657261746F7250726F706572746965732E62696E504B010214001400060808003685
311
324F74992C4106010000300200004500000000000000000000000000AC01000042304142324530302D444138372D343737442D423646382D3041383238394241343436332F4173736574446174612F496E7374616E636550726F706572746965732E62696E504B010214001400060808003685324F88E57597CD3F00009041
311
00006B000000000000000000000000001503000042304142324530302D444138372D343737442D423646382D3041383238394241343436332F5265736F75726365732F45433839314536442D303444372D344537352D384232362D3633323645373835324332382F7468756D626E61696C2F302F67656E657269635F706E67
311
504B010214001400060808003685324F28BB58AF800100009E0500003D000000000000000000000000006B43000042304142324530302D444138372D343737442D423646382D3041383238394241343436332F536368656D61732F436F6D6D6F6E536368656D612E786D6C504B010214001400060808003685324F670136AD
311
A9040000B41400003E000000000000000000000000004645000042304142324530302D444138372D343737442D423646382D3041383238394241343436332F536368656D61732F47656E65726963536368656D612E786D6C504B010214001400060808003685324F8DFFFC99640100009B0300004500000000000000000000
311
0000004B4A000042304142324530302D444138372D343737442D423646382D3041383238394241343436332F536368656D61732F52656E6465724D6174657269616C536368656D612E786D6C504B010214001400060808003685324F906AB96D51000000570000004700000000000000000000000000124C00004230414232
311
4530302D444138372D343737442D423646382D3041383238394241343436332F4173736574446174612F41737365745461626C654F66436F6E74656E74732E62696E504B010214001400060808003685324FC55C663656000000680000004500000000000000000000000000C84C000042304142324530302D444138372D34
311
3737442D423646382D3041383238394241343436332F4173736574446174612F53747265616D56657273696F6E5461626C652E696E66504B010214001400060808003685324FCA6E753538010000A20400003600000000000000000000000000814D000042304142324530302D444138372D343737442D423646382D304138
311
3238394241343436332F4173736574446174612F636E782E786D6C504B010214001400060808003685324FBF6B5A3BE70000006001000067000000000000000000000000000D4F000042304142324530302D444138372D343737442D423646382D3041383238394241343436332F5265736F75726365732F45433839314536
311
442D303444372D344537352D384232362D3633323645373835324332382F7468756D626E61696C2F302F636E782E786D6C504B010214001400060808003685324FA233C2345D0000008000000065000000000000000000000000007950000042304142324530302D444138372D343737442D423646382D3041383238394241
311
343436332F5265736F75726365732F45433839314536442D303444372D344537352D384232362D3633323645373835324332382F7468756D626E61696C2F636E782E786D6C504B010214001400060808003685324FBE89762363000000880000005B000000000000000000000000005951000042304142324530302D444138
311
372D343737442D423646382D3041383238394241343436332F5265736F75726365732F45433839314536442D303444372D344537352D384232362D3633323645373835324332382F636E782E786D6C504B010214001400060808003685324F52AB83BE7E000000A30000003600000000000000000000000000355200004230
311
4142324530302D444138372D343737442D423646382D3041383238394241343436332F5265736F75726365732F636E782E786D6C504B010214001400060808003685324F518FD1740C0100005503000034000000000000000000000000000753000042304142324530302D444138372D343737442D423646382D3041383238
311
394241343436332F536368656D61732F636E782E786D6C504B010214001400060808003685324FE3603EBE7A000000C20000002C000000000000000000000000006554000042304142324530302D444138372D343737442D423646382D3041383238394241343436332F636E782E786D6C504B010214001400060808003685
311
324F9917C2807E000000A3000000070000000000000000000000000029550000636E782E786D6C504B010214001400060808003685324FCA1DF9C9A9000000730100001300000000000000000000000000CC5500005B436F6E74656E745F54797065735D2E786D6C504B010214001400060808003685324F3DEE336E640000
311
00790000001B00000000000000000000000000A65600006175746F6465736B2D64657369676E2D7061636B6167652E786D6C504B010214001400060808003685324FA920D714FA0000009601000037000000000000000000000000004357000042304142324530302D444138372D343737442D423646382D30413832383942
311
41343436332F4173736574446174612F636F72652E786D6C504B010214001400060808003685324FC88C7E12F50000008E01000068000000000000000000000000009258000042304142324530302D444138372D343737442D423646382D3041383238394241343436332F5265736F75726365732F45433839314536442D30
311
3444372D344537352D384232362D3633323645373835324332382F7468756D626E61696C2F302F636F72652E786D6C504B010214001400060808003685324FC9EEE616FB0000009601000066000000000000000000000000000D5A000042304142324530302D444138372D343737442D423646382D30413832383942413434
311
36332F5265736F75726365732F45433839314536442D303444372D344537352D384232362D3633323645373835324332382F7468756D626E61696C2F636F72652E786D6C504B010214001400060808003685324F5A1B57210F010000B10100005C000000000000000000000000008C5B000042304142324530302D44413837
311
2D343737442D423646382D3041383238394241343436332F5265736F75726365732F45433839314536442D303444372D344537352D384232362D3633323645373835324332382F636F72652E786D6C504B010214001400060808003685324F3D7CB049FC000000960100003700000000000000000000000000155D00004230
311
4142324530302D444138372D343737442D423646382D3041383238394241343436332F5265736F75726365732F636F72652E786D6C504B010214001400060808003685324F19CB4ADFF9000000940100003500000000000000000000000000665E000042304142324530302D444138372D343737442D423646382D30413832
311
38394241343436332F536368656D61732F636F72652E786D6C504B010214001400060808003685324FD282433802010000D80100002D00000000000000000000000000B25F000042304142324530302D444138372D343737442D423646382D3041383238394241343436332F636F72652E786D6C504B010214001400060808
311
003685324FB8AA42E609010000B20100000800000000000000000000000000FF600000636F72652E786D6C504B0506000000001A001A00210B00002E6200000000
310
504B03041400060808003685324F000000000000000000000000370000006662782F44364231463031332D373539392D344539392D383431422D4330423343384635464143352F617474726962757465732E62696E504B03041400060808003685324F000000000000000000000000350000006662782F4436423146303133
310
2D373539392D344539392D383431422D4330423343384635464143352F76657274696365732E62696E504B03041400060808003685324FF270F1330600000004000000360000006662782F44364231463031332D373539392D344539392D383431422D4330423343384635464143352F747269616E676C65732E62696E6366
310
60600000504B03041400060808003685324F88E57597CD3F000090410000420000006662782F44364231463031332D373539392D344539392D383431422D4330423343384635464143352F7265736F75726365732F322F305F67656E657269632E706E67355B773CD4FF1FBF73E71C0E67EF7576C9DEF3EC995D46C6A1EC50
310
46649CBDF79E192942562825CE965D8A868C2842C8DE9FDFD1F7E7F138F7078FCF6B3F5FCFD7EBFDFEC41B196891913091804020321D6D7513FC77D8C5070EC3FFEE51B21F068154CC75D455CC028A3EA68992803810109FDDE5D5CEC5521B28A1B422BF80741695D5B529DA1C2D058AD2388BDA9F476F7C2CADC939304173
310
DBF48A452BF8A700C0C70C3D121C1AA15A5270C22E2B9E28763651F7DA0D12CE11077B2ECD0D560B5E3DE2368B1E65C5E1C87384A4CC5F2D9FB8BE39E9B77C753783A37998F5CEF1B4FEE553463245C9712270880DF339E0B882A6BA713D865F6F384C842D440934EF264F4A304F8DE4EEFA1E2BF5E2D91F5ADD9613D6E31D
310
DB33ED31DB1D7916CAF091286EA3D31B9CFECB78BB0060245B943C4C040119FF780A74DD308BA9D028678674EB5504ECF284EE814DAED07440BAF649BE4B55DA2890F4D73E2D489A59EE54FDB0A85B59F2F52C4858A02705C4815A792B0C4A996A2023ECB195073E115E3E3647F64243A8338F2000BCB58DA5692C7E7C3D41
310
3F963FEDF3CF00FBB0F831A9D51360FECA43819F527B89FA260EB63C5DA676830AA3626A3693B23F1A17A0DFFCE3EE164E31B5365EDF0C89EF64D8E38AB0BA9A1117D7C3A0EC44F44F4023095E80BA610DE336D0F99593A88BFC5306E72DF98F7FD132ED95878DF2964EA7E43071359FD83B2BDF9C6B5BDF768F0F3C0FC351
310
199526F53D9460A34511F75D1B63E488178569472C91A94497807A3FD4A390C6558F26D416365C3656DE6E769DA9D8FC73774E1709812842DD8EF96AED1960F79D21B395CDDFE6F92CB4EB962A4668C76990E2EF29798C8941D67DA50F4A5F947872460F1F6FDB794E8A29FD7AC0C0D6E0714339CE258FB17AE8535221E346
310
4A10F29A0BE5EEECEFC5675926A89F49EB14E5711894F6586DB5754EB4D5DA9C6437EBA57DB97A24F8B8A8DB295FFD73266CF57E82694DF5166DDF93573AFE9C9C5EB05F8FEF8E89E0A8917B0B3724DB7BEBB53252581EFC3E38166BA131A3A5B42FE2AD00A769BBFA4458D2DE7822F8C4F63D0B8E21B285AE13325F3410A4
310
35C648C9D91FDEB109E73CEDA7BC796961AF79175E1A3CE4C5E8B0D009B0C9E29EFD98BC8E97554E3D8D838424E270F7685226E5AC268E021EDE3522D583E8F20C0BDE2959EF5BBFEEDAB32FE9A3ED0E39F211A86AA9DEBFC68182EDED132AB8BB794442D2D7EA9F4D8BFF52BC4D55BB165124EE90A42D101E67BBBB292FFB
310
4F66DE5BF2300E44546757DA7CEF8932BFC9F92A0707953491A55C5A5ACEDABD9FA1AEA01BAC3DC5A24E22E7C47213493996EFBC369D086ED9397C9BA6C7F9855C7BD5E15BFC8C53DB3D2A4C5901A57ACD2FBDF4D1676E95338B2C2BCE65FDA4C64F5FEFDC7D9CA5AA1FCF11E193F2FDABF0F4916BF13FB916A224380E6462
310
A9815F2300DC49CC4DF8D055CEF76462F4B7A7ACA7365C2707891370BC1D0AA6203C44CCAB47084FEC057F27FFCD57F89B8B9852459798A675C66BD7CE572CAF71FF7E6D7ECF7BF62CAB7B3F1107DCD04DC55A3F9961700286141C94A4F771FEB2BCDA2DDEE0CB0BAE402FF1DB0100F8E475DFFFC074DDB4498AB7D186A765
310
4DDB1CB680D703D47CEB4E72F8CB13D86A4AA68116E26387B93FD6738779B34FEDB8E517EDF2BAF28D9BE93A1D3A164320E07D42E514725C29515FF361754213EDE06B079A2E99EB1CA82A02019EADEEB87B9AF005BD04BBCECB14AACD6B24EFBE482194A97DD32400685FF1FEF1544D1B14EFB1E7F08E6D2CD2AF52DE757F
310
35F5E62332EE88EA26417AD5C3E0E319D68F25414E6D672BD4522B278C57D18F0113921C71D96527E091F00CEB15AE23D24667369BD3CEFA10C7549D930890BA4366F4EBC55F01F746109F98ABCDD5A3EE06619C6AD78AB33E48E4C9BD21BF7478B385EC05C4F8987E2C1BFA0A60EBEDAA0AE0B015C2720ECE180FB6F2DEFB
310
EB822D96338C9B63822183BBF52FB664A7AE57003AABCE512BF77E7E31BDA2E739AC4C131657DDFE5225E900FB56CC01CDE808FA4A9C9DA16AC679656BB64796283D89812B8F91136AE18EE5EBBAF47A73BE3C153EB5D4CD491B4BFB4FE690A4CF9ABA08C0D8AA64220C438C96EA6CA80B58FE5761E697B3A292EB9FBDA502
310
FA863E49FE694ADDFFF9D62C520BDD1A22014147A0903A05B9B729F54272EF83931FEEC057BFF8C8055C279EAC5C0011804828734024F6CFA319C9CC6867C727184465CD9BB7ED386AFFD96B294A85E3802FAE47244602D8273615952B98C4F23F7EAE4463D9D638EEE374A20959E0FE519C4CFB0FBFE5DD80C2AA3F9DB961
310
D1BDE57E67C9BB47B77FDD74EE3094F5DBBE3EBC1FBDB7393F5116263009E2EFE1AF9A221B2AE234C902BF70E9F280ED23E73908361565964333A3F01D0B006AF32FB21AA1316744B489D5A198E85299241735BE559675130955C902A8ED761FC0DBE337A9F91919AF5CE32AF902ADF9AB2615E00E8A94586BA1A90839B618
310
32FF1BFB76D2EFADE6DB1BA04CCAD3DA649E7E2A0219F592E22F2AD54847EEA8E42271011E9074F8F3DD9FBA6CDF88FFC9FC7E811AD1CA8F4557CE4AFC7BBEDCF0114A48689F20A584520C74DA8127124B767E2FB91A6B186246727BE63C9445BAE02088D58B8EFDC0F1072407CD9B89A13F6303B4A928F593AD489B58E686
310
9325790ADC406036C591729FE14021F94B7796BB11848D463536A092A26F077F94639F7CEEE2A724C66EC885F4A24F8B8A0AC321F8FD149BA529460FAA34E4663C02D41FDF80BCA222D42F0ABFF8490F4FA74C673807C2051D8E467B47B616072860069A9A303ABA9B319D58404461401B0A0F9BE5E1E151C14BC33B32ABE0
310
3DDE91708DFAEB15E7C0D593C86BB7D7EC17BE56E57975F077BFD5525F3A1A361D584A75E08CF29FC7B44B2B3085014F3A5A14517377C3F6B8F37E59514C3B12F8AACDEDDA4DFC49BE5710101534CD6FB6DE15B50F11A09472AABA727F0C49D9CB906B158030065F48EB3625E010CEC1D511D0053474B11E6A4F01C0D6EF1B
310
ED3A944FDEC70E0DDCDC756C86545910E0DAE3BE3AA9A404574C2995CD5CAF9549226BC94B4F4F0F5F9086F418F6B32346464610D8BC7391D3C3A3CCF04CFC1FB2A3A3170E369511868F14EEA4E5E438CC73DB1F3248AA94B6B2FF33B222FF3D1E7BF146CAD229770158063BCE4F5391964DF62F7E52A7BE0EEA829C9E13C4
310
C147D6F93FE59E111DAB5E4594D6F3CD1AD375EE039930EFE5AF2BB2D41C83C7DABD8C659BAFBE8FAB392CA634F3D15C1D945DB4588D2B0824A4EC928AAC565557CA2F0DAA588CA5BE30B3A8004F7BF005E96CBF891D7F18112A3619FDF530DC8AA64954258E1811789B5189B49B4EB53F5F89F7D37523894F3EB57B373763
310
C91E502F52CC99EB7BDDF933FC324C4FFC2561DFFA7339FAFDD0A4BFBE6D3A8FF9ED1FC49898139864602458968913181918F719CCF5A68B2EE9C1FF050E34E63107003B8120FA982C21B30A874E4F5E4B38D5A8290C4B8D9BE48A0BE31EA995BDC37AC6DE90BA17D259DEF53605D55922FEB1855D915B659FBEB350EE0DFB
310
2F9F766E1C84CC8964B75D08667445EAB966015F63A18A9E0A325C1B3DC628C0D3CB60F767FA93CC65F25458BD23C3B312716E5F40E5858AC06EBA9AB14F95DB99147B832069201541D09A0D856E12C629CF32683760EE855537D1901988D5EBC156676C7DD51D7207CF3267AF1D76C2AD867315E44618015313A98B19941C
310
696FED3461CAA9B5415F918556D7802EDACEFD6B2E45853A9735DFC9DBF7E440F9319F8B6805A973BCCDC76C069A9144E51F187EDCC12FC31B5DEAAF0A76137199B106EC84ADA6B6EE697D4E6A96E007417F4E880E8B1E89B4BCE9D81EF611E2ED8F0C1A6C25F620FAFAAB656A7C42D464880E8AFAB0E0FC8EA38CA9A8AEEA
310
EE3E4648BA4680270A89743CDD3E6C6CBF34B7B640EFA285ABC7EA0A1E28F3CC963D114A80123EE66D0AF7D5380EB41909B605AB4765B709B808590458157E69BA1378FEC4B48CAF6A730E3BE3C5EF2DD1A5EAF94B1DDE50CEB55DDFD7EE9A16747FA4B223359FB1FCC69E1194892BABB93A1D5C4E807AC0EA2E30180811E7
310
7A2291F6E7F7FAA5E0F60215BC6024E48DE436C511F0628B8CA189982D4D83CCA17D305A7E923C37941CFDFDCD93ACAF735EF5F0E61BBD3E6C41A59B242790D3A3BAC7064DCD89AA2E37214EC839820949D5CAA31E240D2948E48F690298974A96BA9A8432BC90F5071D6537C9666EA4564796B7AFFFA548077BEEA75F6308
310
3435074BA182F3699557397F71548383FDA8CA34D99B981E72835ECDA5DDDC151315173D05A21F651AAF8524E88209E2E7A737ED1045800CE3390050BCFB8BE588DF111617874C62575039CA588EEFDEFEFE319B739DE2EDC147092A262611E159650E787917885EF08F1F51B8F2D8A71D60B58B190FEF9541A1BE94BC19FE
310
A50784DA1419FE4B0FB51B8D36B5FF8E1286FD8AF42B91E59A5F1CC4D60174E764045FD8C57B18209B217F89A62252BD20BE0E63E12B8E8F029FE19E0E8D0870F58721A557082250D5424F7909369376E41666C0EE77CD87CB283F661D5FB6D0DA023CB67320A20DC7BE661E9E1BFE5463085C557DA1FF9BE835733766C3D1
310
39F2CF9E2208873AD0EB4814DE9E6BF2CAF81614D4D43906ED1C05A3265CABBFE192770FC2F64F940CB6B17B5F166F133C9AEEAD2641807C3E69515171DD74C4A85311513D6EC9530B3B601B6BA3EBFF3B5C3D2F7D69765141E345F75433953D013ADDF8F6AA7DC3F4A7563FE5C7D367937E2900D7EAD0F9FC9A4A1A9B5BDF
310
1FEF08532660C01C5D6DE22199AA774383E306DAB87E301ABB7D213887F9869D4942D0D71E94B27EDF216A318BD488D45DF84529EF575AF3C3938C0AAA0215B01994153E2054A0B894DA5C784980633AAD48576957CF4AEAEAFADC7C587368551C73DBE1E57C58AC713303A8BFC258BD04B51724459FF9E24C03A81E0E0679
310
CEB9B348C0DC998FEB9C6D6EFA77D247CC8F92D3848599ED89A23218D0636465AD1CEEB7DC140D7426F83491C4E8E8281C2FB35240918FFECE880CA2A42D70E8B20B34DF5221C7DB0CF90ECCB9C745B37A47E9B716FF7A97B7A252C1F3814DC7B1E1A7F72B8751D524EF7CAE45B0C73B3BE7D08ED39781B380DDFC9AA4A474
310
9C9493DB5BAD07A6EA6C092FBD0E85DB004DF06B8C9D3089C5320187E4CE1846158C7EA7DDAE8AD9AFFF21AA3A1026BB06A259845E8232DEE62811A4DA9CEAB3A4887320B76E2AE5615EAB7BDF738CBDD01F1E64064BC13D9EC53576751CA8CACD58B3CEB0E6CA585BD089B2A59B9FC101403387AADBDBE70586B93D64BF3A
310
D4453EF9C3B6A93817E8346991798601344F79A83C51F3D50F7BF2683A3605F51A72449489E0EE6169C749C60B1035651103AEE24D24E51A759C840DD3FC6504DA6FE107510E447B43461C79D22970B75DE5E1BD3007D1AFC619A4A4A69B5626AF5E9B8374E20677F77E2F8E73DF868E8BEC7EBA7B6A75EEF7205E1AB9486C
310
B642741D6E03FF13FCCEDB1C4AC129886268B01CDF4B124AF797CF784F3C6DEC97A17D4B558070A0F1C04DA4FF9BDBF34159AEFE958479824B3F58EBD1E19088A2AFDE501B6F2052368A3FD0E650A179EFAB1561E1D27527077136E652676C3670F42DCB3352F48F6BC86D2C3B0051727E41A0A4DC6CE2BE9D47F5CAA2935A
310
3C0539AF080665997194ABECD723B08129CC5B6B21D2E7D54CD4D12610E7E9FB8306771A89576C7A982002775ED44F3F744CF21EEBB27A631671D921938AAEE3EB0D19CD1E083727F607823E817BF599DCED5394E37EEBC2E88782E638920CA641EF74D4CDFCDEF06F4278ECB18E31E7E9876F2D783C8BF429C75395F57E98
310
C2B495A3DA077EB3AC3C158608B6B57FE3EA48484D9A480096FCEE0DE880950E7E5A5714131C5C41AAA29FD19AE81AC145FA1B9E85C7169A5AB837B213493DF7E9AA4B5FBF9CDEB36EBD21EF1181B7CF7366AB2A951D01E37AF4EB835D1BE8C117CFBE7625D2EBCDB0B20C5A4B45CED0BCDE3EE8DA9DA78C2E21DEAAFFD119
310
7E463C33CC6A80FB785669B856EFF7A8CCCA2841B5A5369173320B1170C368B2748D81062EA0296E5E2D95D7667A4A46D98A6FF475C76AAB0A8C8D45E226FAFC9FE0133EA9F60111F99CA81ACE03A1D14C89E8B0D69079C91464FA1D99E651D0EAF606F345C42A8A1AA9BA391031582B96D5B4176A77AADB01F12FD298A75D
310
EEBB2C82F0B8650E880722F8DDD90C56A7A058E5FDEF1AC93545BA27367C76F5D8F9690CB6F8DAE141EDD7971F0FB548A2AE435F224D6E5954CA155512F7332029D5A1230854B79F258EC5FFDB09F5F6343A8EB193229B7F7E79B3E48F8E183860B38C8269D1B53738FF1E0BACF6AADA6D4869E9DE708E79B5DADCC09B1BC7
310
6F649731CFAF59A83FD8BAE4C749D66FA87A3810D4D62FFE826FA400C0F325D2BC0F3CA35F5847B82A2ACC7961745C823E4D863D54460AF792CE6F79B5C7A33B25C3AEA6CDE15A919B6367D781E9D44F61BF828672594A3E1D9EDD6DF179A81F27EAC05B936575D73E05C209DDD2115CFB705DF9BBF3C911589B3640735E9E
310
618FC9C36A7326C82B2205E244C55D56FDB9D5DC93CE958D4BF8174D2B3DA54CB3C09F2C2A6DFF73D23B2197355761AD421EC581284A7EF8DE2CE3497C0C804D49B41DFD6A7360844E5BEFFB495CFCDB97A4595911CDBA623274CE852B5E278AF0BEB1770E9D37CD977B2766A7DED0E94B840E1E95E8C77DE5CB6354AF7871
310
427C28ADBEEF7BA0A28E19DE9ACD75F379FE373EAE6DDDAE3834692F9C2B03B4FCA8FCA9ABE8EEEBEBB725B88A7C90941E850682CA04061A7DF0CE82ED49BFAFFD42C309818FAE14755CAAE78B0F73243ECCCAD7DF58FCB9CDFAE7A4D3E6671A613639130D056C8383C8F4FCF4808C331E544DD26E4755D09EA05253B3049A
310
1E32587CC25D72E073E2CD96D04A71BBCB0038FEC3F53D254199C3CDC67CD66640269431860225392B2CB3ECD0B4498AAE78BA1994246AE1EE78F2EDFB79F6C6CB6B5E279C4D373FBC21CB2698C9ACBBEB6A4BB6B39E16AB0E421CCBFC7654D81ED86022F9BB522146F9F4772E2D0E4FA70120C95A85A417BF5078B232F475
310
4363EB1750B2AC2148EB46B1EA72AD9B4D23ADCBC589D70106C3EC2ABEEED84DFE28E718C6C83502C28E9FDD3B09DA0A6F6F7B72B706A31C9E2A331EE70DA56A083D2177BFD63C55B11D8D949FAFCF90B23A1E24B9B5018B9A17E99F2890EC302F330FE7936E2C23F0D237EC8916F5166AB84B62A21BB0B950146962D754F9
310
2CC2C8877BED8FC7B7B25726DD19545392570B3A2C66B58F027BEF412E552D12A588C4A3CC5C3193FCB3485EFFF700D0B9EEC077754A33DC1FB9E25AF814628F91DDFECB667D3F7690803F38D13F8AE39353523BB08FC6760144AFA2CE28236F65EDBB3D5F59A57D612B99E3D7E5F8A851666BF9B5A6658EFC96EEB37A378A
310
BB0EB3FDDF1303AF32C41BD1C8560745D7BD81066B0D6313359CF488563D3BA3F8E2185D1FAA3EBA1397C9D0E3DD232180A4DCADB6AF25DB3AC3CC26589C8239E66E81547BC7E2F328F9884764CA37EB5DBE390DFC03A5246B456A7C3684C4377D0EEF9A350680FA9A077E8B2957B489E09AB1AD41316944C2254B5984830F
310
691C93CAA767EECF976FA5647538830B5E63236A6F0365C1E0F3E327F24FE35EDDBD7360B0F7374837409F7A6311BECC12B7026D4FA1AE204FA3F5FE904B1F420C7A9044AE58E403E7C4848E7DA25DC9EDAC79DD756FAA26B9EA83ACE8A214A2612A22AFA19DAE7DBAC5F8CDE1292A485F98DAC731A29FE01A3966E96BCB9F
310
B5A4C8830E1B9AF0C54B87FBE221A097036E5D28D1F869F810C06A9BB0AC0612F69AEBAF893C6E7AD59460208BAB3A6B09CA4F6BDDAB8CF0D1F84B72487498395A70DCD754796E271099A567A55CF242BBED64696378BB6CF25EF0FCDB589F3A82F1116D010A9AB9FA4358809EE0C973A2B4229BAA876A70B03AB49CBA7FBE
310
71DB1832FFD32F9BF2C8E98075CACAFB36921235D0F552B6A67E94E094097A5D7DF681B40623DA535ADA7A9AD8E9A62407D7C9A5AE51D62A17A83A23728DE86BB56115804D3F2675F2C6B87541A0FC497BF0CA86420F558C9859EBE9FAD62747E323E3AADC03FDCDDFE7407B09DA90B44E3185723C5381EAEF589765E2F7A0
310
99BA46695BAD60CEF3491B8A171F5F56444F7CE9455312C3498C74173AEA0214EC029833B34B650CBB5A5508D5091665309642791708ECF27CF11DB3D797D6CFE474453BD4BFADB768094B2147814D81C7CBAF8228DCAF5564B5891F5EF6A860EB2E323CB82AB868D8EA048880D63B0DE5341F1B3D53297B928A11E15F25E5
310
148990F710747C3509ED14909C552EBE3973246FCE55D00564D8310BC3EBC5085D08D806799B77D6C57FDF5E55837F9E934F09C03C729271B64F12D0A9F9E938107CAF7BF1EC8CF1BB9B42363D33070F4CACB425E605DDB0A34A12BB936DE286B9887A4E2E558F0886498BFF49C311D96C277CF6A9FC0D75AD0ECC5226D7E0
310
E3572012E56D7FDE4410CEC7A6D0F997F225A2055B8B92E3956E875AE4993CB3D4C9063AF98FD45E1BAB165640A43439A2C9181A7C355B297C0A0CCFFAE19B6FA3C2BA238A885FBC98B8F6DAF4B94B97304878DF4D8BFF6A4AEDF79E90ED4E68F00CD7299F4E0D83E35601AF0CBEF18C1E870E74758FA91F5131075004DB3C
310
FCF09AE1DABC11957FD9808C92E8A678CE9DBE40DDA0E0D1D505AAFBCBA208232BFB6FB3704E8985E61ADE53DE74152F5C7DE74B1DEDCD37DC3E8FB30D7EBA8B9EFFC3606BF90B8D438279CB7709FC7C00D327F41817EEA71CD9E49FE9C8C9A81C70915D9F0F15958EC5AA4C3BBFAF46986B90F188BDB24B89DE3C6F29EC3E
310
6F66D84856EE96A35E657CA41B41EFD8DBFA16AD6E91439EA92B40B21C053249F51AE50EB0B24C770FFAF40DF12C8436366819C48E36547D4E7B72FE2BBF10828583057814A668BDF183F6B2E58DFB151103E56303E63D00F39C27C4661605DB644D19175D02E3F0241E8FC3458D17AAAADB117CE9EEA690D0DB01E634878C
310
04C2C9310B69FCAB831151E3AD293BEF6E46B0ABCECB50F5939B39C613D41E81FAE8D34CAE3C4566B761D37185FE864AC32FCB71AEF39DAA5BAB88609BB980CD2F07A8F941653B529567726E2B2A58D079DD57E1E5E31426CF184A04D7B03B985F276D47406AF276FE32E3328BA866EB1FD39BEF57863A317634AA5FE46740
310
9B3873F5069EF0D71AF00AD189D17BA1974ECDB2D623E9E14086386A6AAB5807825C37B015BFE892AFD154920EC437EB945D958E18622E1E0FE2FA06557CE4BB9BBD05A2D40E774DA2B65473791E314B7D6C886820B2FCFE4AA272B3B8B15E7344A145E8AF919B5454D89D36D413E87211186BF6F645E5EC94DCCE8E1C7990
310
22E4EC9BC86D7A0F2AFB1FC4B2CE48F84B3F49ECE65BAD24CADCC07EFF39AB06BE9E6B27A059938EA7208838455383DDBCFCD967DDE4650EF92A14FF933C975DB20BD7FEEBC4487576485963D757D16340D9599FEB362F775F38CA4185A86F74B629C81B133644A3B18FD056E997E0734F9BE26D11C0AAFC669E2AC9FC41D2
310
81F8B2E1C35AE27BCE05F3DA295488096688719D974DF1B5D182DB7792288697F8763CFB43562C1CDEE11C4AABD5C22B6E33F6F389CFC3477C5919DC0D533F8A7A1846B7ADB60ABDC26C43D0CFC8910B7C15EE22675BD02702ED39DB77A87A192CA7A543E6205B979B9F5A6B512A3CA799E198B2D5797C0AF8D1D872CA455D
310
4D431A7879D4DD76110B5FF7F4176B54477A9EB5E4A5D11214FDA585F0382751D8E2582BA5D2075053298FEB8F1537304E32CB22C2E2B693DC0A760B1DFCA751BDC445AFDCBB12820ED85F6D5298933C7EF1211E9E057684056CDA3FEF3BB6052355E162DF27C59E965A8DDB7F9437EB72CDDA3A090DE65A5B2F50326247B7
310
EC67B73ACC7047FC9B353D6EE990F772207C6EC52B39DC2F3C0754821DAB559F7C1809C7D0DD5B0499D0442E0A6E391B3D5DB46D11E731E6794EC77523FBDAA242ED67F9FA1FB684255671F63C9BCFE6E7E896D51001A6113EF2298BA494E0B0980D1FA5B9D60796554C02256B1E0345FB7C6186B6A19D2DCA270416262845
310
FA4F42DB5D9B0A0B6F07FCA2E56C242522E001E0CEB734AF310FC8BFB57E38E03AACE93B3326A2197891E68452B26A6307FDABFEE0223D3C03C3C73D2D5BC054C8311F12004CAE488E5C29287F8156A2CAA4AD0D7BE6B97264E4139F437CE73ADF52E5134C52B819777C18B323A5924E4F67AFD13B1CDC3A61793A79FAF5C0
310
CEB718E441071E797C6DCCB9EFCF7E4A1E9F3DF3C2F9C9E8294E9586868788C972857FB0556D7A26941A7EEB9B580AD78EC40B85DC906B4120A563CA3B87797ED612D3B035962BB75F6515A393F4CB057F564CDF54F2E5A024514E6A1F901DB80C7E70B1FC05E356A7E72FABF4775B3E3FB8F70A2A8E7B6A94542BB3041579
310
78CCC999E707A29CC795E67A59CC546A5D47B368954CA7B6E75EC9E1F6FC73CE3B4F71F8CB1A6B15923D61EAAEB14626AAA9D04A26EB9C66CD1BE86CA31A5D8703DE04CD1EBCE4F5CCB62F93909AD11E55799A781A956ED27D3E738F4538CB04ADABC7DAEF20BC35BA6A90BCC1DC61BA05F20D8832FFB9BC9B15E2DB838A0A
310
FBB7E0C82A562127E0446894F427794C3037186F622BF24DE1B00AA10A23BFA47B2A180D6DA5AD6F7326FEB8C100C2D7142EB2A0B2A9D1008A09BA343D70E054AB69E2A7EDB783CBD92537FAF4A44D1296AC2792729104B3276C276C951D0CF3CF3F1E6B017720A7B8505A5FF9589365979678C36F1BAF759EAF57C60F1FF5
310
FE9DCF5F8E764FF25A2D06CF25117A8FED51884C13B2B750DB0E4F5E3D64124FCF11F0AD8F1CC3B3DA4B38ED22BF1CB2585EE6BFEBBA63FBFD44F9537B9B37BDD6B358720F98A8125AED4349CCFEB0E135F19E208A04CA7E2B10711185D72E381F448036EF57C9F874E54A971CA37A639E986AC0226DC5AA00D5B14FEA9192
310
234B3DE617814FC221C92F33F1D392F297731B567FD98FD91D989379AF567A65B8ADF177591DB90FBEA99BF4ED11B16E50A0AB1DBF1156D034BBE04D69D08F939D8E92BF525A1DDAFF80ECBC95D8F45D3FDD289FD23F7D8B452F8EBB34EC082DEEE68E18EDDF072060FAD2AB1504DD4879BF67099FC58F6E9DEFBF645D1633
310
4A3E9A127C6F1AF6132CF287E433B43A0EE93812B4AA0B194E03EE3FF91EF9C6ED0074A2F6EB18A96A7C9890B1FCDA1F2095E944DB911ED54C60DF16FB74C8CE9BDC7C54C4F14078CF73C2FFF1F1BBCCD7CF64F71407EA1683DBC410D226627F66E509060D5C0AFD611DE681D509DB8DD12FB1265B03C6F5C55FF4C30BD941
310
87FF692B4F152982502F193098A789526A038AB529A52BC0DC4FB6285CBAC10A8B8DB75DCD9BDABBB221E27D1F8DA9F5EE5926A1C8AA9BA9BC09239C6A7F12914EA3B59EFF7AAEC3FFCCE56F1C5C2980AD072793527565E774F4631DB178CEEC691B1F367BEA0CF2907E1D6B854D527065979DDEF002D8B2ACEA7CE21AE297
310
737EDE1D45B31233B73FEA35BCFDD0B09721FDBAF6432681F2FD10C3E9EFB246FD6E854B344ACC9D8A0EEF876A7314B49B6A499FC650B099D650DBFEC7638ADFD245E2B7839DA5AC5F7D5623FC0ECEEC8653FC9B2BDD1AD4D00A566FBA7186DD3C9CD26512551637498CADB950FEC71ADB9A5524285DE328B8EC7EC75D2345
310
AEC6A27C42AF6D9B92155315C80DBFCABBB7DA0FAE425C4FB896B15C9BFAC4FE67DF5A23D30C93DA4D8F36FB15D100050DA6062E22AEC5F4DAC4F6FEEF97AE05DE63C6D38F9E068A20BC5E3B6BCD75320C5090924E7F93640A7735B1A43451C2D91EE62C6238B797349E59890AF3A520DF4A87095F3ABEC2E61F0593416CE4
310
6CDCBE0E00E2523FCCD04408588B5B6C9DB6459C786CE378770B54F51DA3A5E1DF2A3349BEAAC234A6CF8993B598B3B25B4B113E353A4D750FA7534749430F3EBF2512E7EA3FD43C6AB9A1F765A58463B306721A15D224FAFE8C6F5E3432D57EE697DA0DD5A9D4866A8BCCAAA9DFF1F06047851408FEC060471D0E3EB86BFA
310
F46E4B5E60311DC3E3CEA147C75CF971BE74689507154FF2D2E92F15CDB2B9182B11459FD8ACAC5A85F174BC94A7F4EE4C4F5CAFA7C02E37BF0BC77B7DCD0C047BC316F562A01A441AFA7931CC84A28CB9F4AA367EB515778F29BFE61195FA671F4352E5E46E3A64773F1F76EE5EB36D7BCE9BCEAD837A4D77F8DB8C92AEEF
310
6711920D7C7D0F76B0FD0EB7AB83724CD35BCA7D36DDDF5FBB7FF6F04A91F3E2BB3B8F1A43CD659639507FF6331C5F697BCC782AE57D757A27D97F1AB9E0AEDB43F92F1B2AACDF5FEC8ADBAF9F814E2027003BA2F9E144B1938A7A04050AE5D953B82C45619165C813A10E76DD6906B3C16438064D14CDA713AEC420034613
310
E1AC7241904A49FBF87409AFB1FCB9B72FE7933A87D8FBEDACECE4EDCF6A4FE9FB94D5DEB74FAB7CFEAE17EE965DF980DCCA2D04134994F9A2E94D2265DA4FE6AA7B7AC15FACAC2B5ABBCD7DFF542C5314FDAB2E1B9D8B65220B8E2B638BE008E8DCA22678C820C5053664D15E89F2D735B51A84955E81A443545E9FF787BE
310
0FA700A76D136C27DA179A7C6E8939E01BE756E19CB292798063D8B97F44E8A27BCF3A614FEB8BE974A718E86F7EC99B53CA35FA24F61F2B07266684623A3D4CF073E511F3A10A8FDAFAF0078C577F4DF9D339FE7862E5FA47CF4344209E5BF76D783B1B48E152AD281B15FCB934DCDA49CEC5706B1EE8B460F435324A5CAD
310
154725E21AB8044B75A557A79F6C807B9340AA3D92503E866F4274412926C8C504E4D5EF8C0E68DD0B028781A6B4054F11CF18941F101C57CCC796773ABC8DED9CD91FE5788806C05E548895354AEAC96546D55B0E94A59F148D061F42AA398D822CDECA4CDE79E13469BDCC44FDC990F366BA5978C15F97ED80CBFD73B0CD
310
9B8B83A4F6845BDFBFAF034019473FB9A63BD55D3A4A7284757071574029A4D016DCCBE95DD679EF3C4880BF169422F8C89B68A988D2B13793CAED4F74DE7486C72DC94DF46B8E93D8E02EFCB1FF9B3BA10C8AE7F653DF94F4AF466CDDCEF5776687F7C4C14B63E4EED1719DC2EC482D7DBCC7AE518CDE3D5FF86D39000EC3
310
673C0044E1D308BF05F74D1B5F033A7D1BE7F74BC55BBE3E4A20F920946CA0271EB17BD2B80E5660ACB8A29A79F5E4BBA49D4D945B6EEF4A7EFEAA65E5555BBB57A7E15D2F83C69F30BBB978D2B39F1F26FC097424D39BB33CA3D87ABF64E307938B685BAD44F71556A30B7E712CA4FE600613C3E554B69ADE949A7CFE214D
310
F1FFF05CB82151EC6FC31950239F94CF7AD39DC473F6EA356E5EC2C4EFA04383CEFE985A127484366FBEE3C0EC4FEA363E4F6632AE781392FD45D67B63FB8DF70E82734F431FD3443172A0E30A83D60982D55FA6A2CF86DBA8382502ACC6CDEF3B907982EED1160E14863FA242F9757347E1544275CCDCF71ECD5F8621CBEA
310
326B8BA884AD7F825781923E66971F04010D574C541D8427A438A37EEF8AF88240EED7362C953F5A81DE2D56109CDE2524EA0F5D2F87308C0C47BD97AD605878AB8589E17CA83930CB5E0DCCD75853D68B1AB136594926DE426C367428E9334AFAFF90ECE221BB5DC9E5BB53D2CDEF954EAA9CD814F0E5725F1965DD458E5F
310
8487683AD86B9D0076BE3EE91EB1CECC5331A67A3F79D8B27587C12EC2A6A70474749F27B4C0BBAFB94B34189E88DC18964BE4121B9137FD516C7755356E50D6714E31ACD222621EBBCD1CFF81D87479056A9DA0E0B8EA19D24CF937DA89F78E8650CCBDC110AAB6C4E46DCBFD0446BA9E2060E81F314AC2031E88135E5476
310
AC0160EF5C0DD2EEF1B8B5CB2D198BE9A554A9093B5F7D7E4B5407DDFCA1D9C152FD97F55BFFFDFE802954DFEC8995B983E28AC92F1971E28F531DC407A1280EB125F64A72E617EFB27DFBCEDCDA2D6F2BDADA36873EE46B9BE1782998C63DA7182BC383FB6FD15DA472B175D7E8B4FC88F38D6E07FEAA3FA3CBB8F6B449EC
310
F14D2175E5C5CCA3A42ABF24CA6C9395AF74535F4DDB38CB84F56614B0FD32D7E19CA5CF988DB4449C40E23DF2B16772594554579094450F56F253CD25EA7F77366FB1CFE79696C428BB64D5A41E986189427E5E4D7E2DAE3D5BB4972B3DC44EAABDDDD63A2264ECFA5C786EB0EE1FDC5BE34FA0F08376869FD1E61EA06CAE
310
15191135445EE8F0394161C3266A596AA035572BB0C8876180D8B9C77D307DF9DCDF7365ABDA6F3A2366436457A4DFC1F259666569A9E4A79C817BDD5610E5200FCE894A358EC72858D50EF67545DA81C6FACE3D457BAF70367E1E6BDD9A952FB4F56247F58F523B97E640246051A72F79BE42FFA0B3187F63097F91C48B86
310
8586F714B0EBD5A00A8412C1236E1298F60C72BE6C96B82B404CADAA304AE9F303176B14BA53FBC2D5E86377E35542019E24D97B96A49B2C0E5006E7795954DEAF5DA58958839043C6C70BD3B1B33B6DC5C31316D8A6923F142E26F6711A2258AF977DDF1F970ECC4F1F2B434B96D81BEB6E89BF3BBB3C7C8CC80505070723
310
D6D7D7D3C8CA27CA164A26024FED94B12A86031867241DA53D929636DA600F050BC40CE48B8BA03D69224720DEE2ED2127390BDF5E6EA64527BBD4C4C63FA76BB801FEEC0E61218EC98A8A86CD8313781617877E66692839B9468CF4DB8E50A73986E558E309C0D6F676F921BE02F1185454DC75B111572FF9D27D85EA14C0
310
5AD7271225B391C4275659CA4A43759D0BA44639BE4C30A84DB7F67A41399FB95CBF923B1B1672ABC807C1590557FB18D811983FA97F5E609516D62281D38B1281F68FC75528C35E4CD7DF0F7DBB5E5DD69C414EBEA2F4A5B241B996BA77AE6C772E367408C633EA3E438B68563EA8BE7667F3A4C4FDEEA52ABD78A2820F44
310
3B7914A15F180018D231E64519C56A12F6CA7C8DAE18F06F6B769DBF92329EF6A5D18FBCE600F36BD8E8198DE5CDAA96181F3A756EBA5501CEE58F497EA4F418A2B82565B9BCC611713C0B708CCA1F398B78C5F7D03B3437CC18F13061F55C7BEDADD5ACB1DB0E36D3CE47FF6EA1A563A57E9649EA5D14D1A50EAA45746338
310
1C073777EF1600607BAF6428A7DDC079D47A204EF1E1F1F0589FB054D45E02CE623B3823C317C601E589E22B1E88B448524B86A82828E32345EC18AE17214B42F8C41C6D428016D9BA31DDCB47572561E5A402E5BA4FCE55F78AF7268524AA04130F3A20BA5D1E9F9948EA48FC8F5314FDB35E21898198060034ACE5E3E2BB
310
CA34092518F275190AF65F45867FF0900AA4B81F25427414C372BF51DC29AA855C5428EE1EEDD6B849AD60F6E73475C2D2523F8A2772C840A478DED18A8C5C91B085F255DC4F54EA7AA8947354FD17ECF8FB3B4A0DE7B483CAF3A1165EE05BBA413E5C1FEF3DE1D6B8F2F3F3251C17D9FCAB48A9AAF63AC773A0E413BBC46A
310
9ADF84A566FC920E4D8C52C9769EE3301CADEEEDD92B312E02E2A7E35B7F1E7D203FE5A7D75578B06E99D0E46FFADB8FDA17ED8880390DA29094202D6F645F76F6F96409CDA05495A96E84B04A00D1A6C6C81D7F3DE9376E828CCF144EE50E364ACCE7237EA0BFB5607ED1AC3CFE73794E5B61739D14DF1743441B1AC98F00
310
ECEDE9E7301FA29755FBEFA68C91EF2B314CF510537EF1ABFC9A762496280B546F5EDAAF8A5B387D469FC9A878A92828C88608453ACEC6094DCA54111E7AD5B2663DFE2DD151B7F123B9F4FEF8EE36AB125FD7AD52A59B1B765B3E3F73E3F73DEA93875004D2AFFE3CDE9493B87A9904DD052028949041A91DC0E1BA47BA71
310
4343FD5B25E0A6A09503AFC17C790058A836A324FE31D7893512E28230332F153181C1E018E1124EBE1BA262AA428A518237D1EA7275E48C5C561BD19ED6912EDD8367DA0F31E40EEAE9683DA9257525AEA7B632B97119E17145A90231768A4F3B9120FF32E8319B015E3CBE26F1A754177D8185345817C096B0CE443A955D
310
13AC15E1FB5DEEA0239EC32A3C92241A237B0B02FFCB4F93CF2B02570C8D192E2F2A68CEEB42F12E6F8CEEFF46C251E22B4341C56FB08CCE550E7A9D6F4D6564B9EA52A83D5BF2C6E03FA19D2775E15A8A7ACF30A13C259EE7F5EF2AC3BA354F1500E1A07FC63FB4686E2F12EC69719F9ECF5FE3F35598DF2CE944008CE78F
310
0911BA5BE5D0A34E0098FF038669C26030BA9B300303039852A8F6F496341737CA7E0D2E3AAA36DE0A70AA7D9CA0D54D9AD84B18A44C9E625475E1C97B93BEBB38DCE7D227E67A2D00F531436136355F243D1FC0D712C5765754FA22FCFFAE97919161F46D6E61ACB37D83777B385889770B50765B127768443A5C4D3A4E35
310
A3151111F146B7CA116F918A049F1C272F2CD7976C69A0068773451659A97E0F4A08FE604C3FF6CE7385DB19F4D3ABC8A0D80DA8A42096AC377DB49382B36E270B6FA7570188B4B7D1DDDDA82ACA487CCA5D38BD3BD039ADBAFA4ACFF27809239B722081E2EB9F145320553D183F28471C388BC8814E5045676767AB58A8E7
310
2D1CED2CA731379515D2E533E4CF0B39DFC625F97AC4836831A4DE330E87A8126FA17EBE583D614E71E22A8DBF2825599743E0640037303E8E1B1E8EA4E1ABFA4F62907B5E4E0E5DCFDAB417C36C6848A2B8D15F1E505434C0707E16B1CFC2A1C36A42BBF55734F8F4301DDC2A5110CEE8C0747F69519265012A2174BF4E95
310
5ECD4FDE095A3ABC70536B7AD0B9D7892F81287D667C108703C9B66A221E9A0929D030008F77FF6F5D2108EF5706FC87A3069B976F7C9FC3239D13D283CDEA83597461079FEEE049B0F392889898B7D87D31F8D60ED7B56B91823A8E4EDDB36C6172ECEE42BD42B12CD67994FA0F0DFAE9389356F4CD4425A4B8AA55CBF7EC
310
D585C6A2C2316791E43D5C06841ADBB226A87FD61515FFBB0167B74E56BD7F3E90A57A97FEDCBDF483A0D6699A8C0849CAEB4947FAA90D8E332D9DEBD9F4738C37DA0CAF9CF3DAA68BCB67C420459C7A64498D6E848E5CADE92BB6901F607AA331104A67F7CD650EE169B1DAE94D2C31C2F993632259B6957E246EFE4C5481
310
107B07118607700040E5812A2A2A38DA0076875258C753F60E0F2662C748EDD5F3F3686B8FC3BD6FE631ECCAA1E8B1C1E565AD117E54893E79F4672E32F9E46B2A183DFDCF3EECB4D4D077DBEA0DA254D256045109670050129E9B9B1A9E4A11344D61497A992778095151510C4BB7EF2009B63AA4360635312E4CF668B7E0
310
D3D85A8688E2BD83B569439892ADB63461930D428E0DE42E4AC57CE48DA5CC1449530D8BD3D6A0F08DF20C8E8F570F2CFFFCEA286E30969B4654D498A58D9DA782E19FE3F002181838925592C4A1EF0B332D88B61A92C644547BED490D3A42CFFAB70E36D961F694F6307F72FF15A1C79D5B1B5CEFD353D9E2B52566DEC8F8
310
F09CB3E8359C0F68EBBB7898243E34E12A015B2685AB303C04D3A9E00671FF3DFF0A184E4A2ABEB2B666AF5B3A209C73D8EF29DCDB069C9F391EEE9DD0F74C7BCDE16F8F02E3B8816122BBEB50665775B600549D8BB33A54A6BF940C028118BC6878C79958D6784F9DEAA6E26748386FFAF8D0D0101E2847B6563F5D8DC1D7
310
8F787BE00E2C941AE12148D4A81599FE8F68D4DA5CDED75530ADE138240300EE13B0FC13A1687FED6774662C05A2B7DFB186732F0D7A93545D8B0A6390AE5054D9CB582DA846D7A061B3358B45E2B52DDE63E114397EDB7E09233A579155D795BE76102CF277F4DF8B188C4F2879BEAE3C08347124BF9ED23B128259FE107D
310
31E34A652F090B30B39E0D9AF917B76A2806135621A8A60681F16AF216514BBD02711585B5B1AE823F4B2D0369EA5B6BCB863072727FFC871CA6C9AB79A814D989057E9470A3D238BC87CBB4A0EA49AFE2B86F22E499793CAA9047080450166BDC357524561E258C77CB697F1ABB32562CF87C3B7AA12F911EF19FB3E5C022
310
22E887D08202A60A17151F5E053A86B437771088B4FEE14D652C43E8D939995D34545E12E2FF93D4E366EAD25F10CB7DED141563C3D0C447AF06078A91135FD4B9611583CB4BF3BD167F2399CEAB0E0100F8FFC305F00F1711717173138B4B48C83022295DE657EFEDD97F238ECA80F528AFB4F8D67AD4E2594B9A3AA86D74
310
87EFC313BA95745C186F0CDD84CC12DC9CB0424B42203D351FD9C0A3AF10CC7F388E0329279087386421F194F4A29464C1DEF7EF8BE515E4A199DCD5B909342598D8FE6A231F71336248D5CEC5454455C7BE383B3BC7B260FED27F703FDC39A170F3827239102F59D4DEE7FEF82EAA1A5E4BA94DCC4CC44E7E2EDE20F24244
310
E4454369D2E87C3F823F193FD4FD27E1C23984B01898D15ABC20711A8A558054951A6AE280096BA36CBA439603B7B0B4C45F248C14B2383B4B5CD8ECECE4FF859AD4A6CA2326D020EF090F4041D28DB66E5256B56232CC52829DE8060BAE6BBF37D4B7469B822454FE93210A3E8D15E69FFCF01123222611C51C4FD0A041A0
310
CFA2471CF6BE38D2B20FA4C3525B5B8B586759475CF80ADFE67A284AC24651E52B8E683D24C2622642F27E7C3C22783BCF63648BC398BD6CD0D9C97E7E7E3EACB6126DB7A6C1FD9F1031302EE67ED96F22B77C7CA0239BB324207559B105E4693EB26EC46182A92C9C0DBD24F29B31C5C5AC1F84300E0E17CEEAC15F5736FA
310
4A98971E2F1423BFCD68D4BBD5F86E74B40A369F39507C88FCDB35D2DD8DEBEA4AF999E23CF2816D204200DF6E611781B9884C1AC8888B4DE397320472959434323A5A36B22A8E1F721A270DF3BD65E4A31C11FF048AFB0D8B7B6881423793963A23CFCE935FC189ED36FAE35C46DA3574C979E4394BE52084F3081837BE03
310
3396D2EBD80F1F691B273F660D2B32FA27A33B1DE4ADA5F0FA4651511102DFA410DDA86E065272CA314D5249DF91B06BB92807B28EFD54F08F7B525252782CD276DD02E6B0319B13DF87B1F6361AD6B28FC0D711CF445429B9E5A433CD493051C49A9E03DDB1B147D880253514A5DED88009018620EE229101C041950E2D8A
310
A8E1F5F5438E0C0C0C60EEDEE9E3E0C051948C69F84BB7B2A48A1F3C8EB9E6864687F4F4F6F6E2FA87608ADAF9C5E117B7C1A737E710769DA1D15ECE6A84502AA855398712D5FB51BE92E4EF824969CE18278798AC303C2C7980DD2500ADF8FB1E6D6C2FAAFF9987178923334A244758BAA01A9A1B70FA5097D01E1CC2A58D
310
AD0EC94CE6430AA9B0C10D75E3C6BAC670EFBADEE1607739CE0FC18A2587E3EC3058562014C64219C69BC269082D5C2F4A659278D585755912176D78A1B641719C2A394CED495A1AC5D583FD2F5EDD93308EA7EAE8A6DD396598BDBD3D4CFED62D18A5BDFDE0DD5C80D1A89BA62697B131AE7CE9A6594138582F1B37D68F17
310
49AC7CB67A70695D48A4A056AC1FBD4E82358CEAE38F54B95A9016F9000F9879C0D9D131768635CA798895F27D6F1614F11F2838A83611AA51C9A3DDB539D42979C29F10465655C17BEC3E2760B80DCBF609198C7B171A531905F3EC218D696025975E986C6B4C666666787271F202805577DD5A3EF0CAFAF91B62DC4B2DB4
310
217A7606282F31D8DDBC290593BAA93EA6353AFA9939B877978481E15CFC9F2755CDC00C538F63A4BA3E80AE009B73CA0185687D339A507D165B74290D6EE46D5C58148F020C3668ABE9EF2F7549170DC80DB41FFC1D678FF19AEB10C7133832B104B80F691B3138F97A92D26E551F1F110400D45AC71A9B9AC41A1A1B1DAE
310
ED0B0810638EFFB511D46B121C6FEA0F38CD00E03CFFEB9713FE1F9C263E4DDEC160D0497FA9A132BA608584057FB15380825DE6C7FC3C667EE947D488A09898D8E939C4953BF4EC9836344D2CC6B2971B2A21A572B06096F4982D2CC7232D46E8EA69DC83722E267754D777F97F96D5DA74E1E75178084D0E70F12AD33E5F
310
71EF2AFA599B2BEBF60A5BE475F444F240CBFE8143C334E7ED9150FEEFEF7EB020C4DBED388DD1D6A167A76F3CBF119B578AE8CFA7736ACAFA4440A1C47185638A0D2F3EB5BDDEFDA958FB13CE4AA4923D5BF840392D45544329525749734866684BF7F8D9D54D892E19BCA9F829A0F8BFCBEEA6CFDFC61D74EA1A645ED7A1
310
FF241739F15694BD835B66FEC5677E40FE69BD3F91AE402F036537218A401CB0828604AD189E575015C6F3F6BBC8AC79CF6C70653847254B31551EFCBEB5978B9DB85D58D0FA41A9DFE9C624834AA04949D24B5AE6D299E072D152D12097920F14AA92C31C3B97E28B6C2E6E9C23D63043ECBBC0A60FDF5BD0C33C127EA8A3
310
308B8B6AFFEB28B4455BF6E7AF4FC6222728357EB8E46E85053E6A8843AB23295BF838ABDA94658FEF3F832F147046B4ACD6F7D48E8FCC9618582961C898D1C7A253C91BFECBDA6BA18A1FCF70755DCCEE2222F41B76D23CA98D0CB3D95F0CF66D57FFF65E2A90F5DF40FC3187621E981BD0BC1D992787212688976B94A8F0
310
C6EF646624B570B78E068826F87CE27041A95C9A4871FF65CC17FCB1639629AD6A9517000D63AC231F3D741CB8430777E7ECF80CE7A3F73C0F162F7E56AA71F4DA80A33CD6ACEE78E2C11FAC03DAFCE929B106F8F6B3ED2DC71FF994BD9CEF4E9A94896EF1B6E2B7B4978168BCF0847A3D2A4F1B0500B926E634B174548E9F
310
BAD27153FB5FC36799B1E6C7C38A94E1F9E996796D7B485E635D5287A2AE76FBD11A341DB3F8F810385BB7296391973DC6C37C452A9305AEBBE0CDB6C566DB59FE60C8E94B1FD090354BF51439FFD1B48D725228FFA88C84F686F547107A7A235665A4593B7C34D748C1AC8D56DD5DA861EEFBADDECBBD65117E65851F9035
310
1AEB65F0EFCFF4BCFEF24CB7A5879699FAC437A7AF9099186CF006BB923A59E37D7A36A29FD8D2CBB914A5E9D0A8FD212FBF796AE9A67958FF1D5D8B85F78F96219D4714EB919929241B6C018AAE0C02069F8D919961EC5DDFBFB7573E3AC8E08BFB7C8534BE6DE045B3CD63DBD71F7638BA2309CAE398EA3A7D8F98BBBC7A
310
EB367EFA5CFA27A9F8F2F52FE878058E6209C026453F8E7E8A237DFC389E9590F6059B397CFD65183BBF936E86896612A5B5FEE49DAC8455D026218AFEBEC12B3523A45B57B82C9C97E02ACFA1184DB18E48CF615DBF39C3CC6F0B4AE6BBEEA2E39D944E290302FA3DE33FA7E40296E2EF7BF1CD855BBECFAD0FD622BEE974
310
6FC4FDFDE545AE6E3BC234CADF83A0FB76DFB145BF3828AE3436368AC24989454F8FF70A177672C711CAA1A76107218CF948CA01F873520E7A2B118EBB161ABAD432932029628B6761590C98AB590C8C8C79798CE9F715BA696E839E9131A4BB68BE923F1747FBFF165331FFDD4D05997ACD168F12CA75348DAC04C7F509FE
310
83898A8B421181AF492861CE81E4A2DD0A30850CFA95E05F097FF70F9E777310D584A75BA7018922E271DAB1D785671157685B7D383D3E074DDB4F1E44EF04B07BAAC75A062077C54B9752C738C9D804D402E02851F3F89605AF189738C18C021D2139EAF72513824E10DDD3047BACC8521ED7E98B257D1166903B1B08FA6F
310
918FD7E162913FEC7D0EF4787E29C35FBA8C6E2C9C20E9AB30AE42CA2A01A090E7D010C1B5BF9CEE2A304BF3A987FB40D836979B79E18D70F257DA61E808472DD85B82761825779D6B90CAEB0F23360C6F80A7D7D77545E95B3DFF0CF96A827F9B5BCECD2C9698718417EF80FEEDEE938AFF55859D0D540B7FE09435583A6F
310
04874A0C7E8CF234DF4879722000167F5872CEC6BF3EF7E5A8CC8121E6A359227C8A29C95212F9F735BC72A887D56B8F309FC525BFB4FD767AAEC4AEFF249CFBBD2DE1AB9969A6155C7D8DABC307E47324C1F916C7BCFF40ABA5644E9FFB9238D19ADADA49D9610F01ABBA57E4DFCBDCCBB2B93C8953206C91DE01B0E2651A
310
6D6C31721915B31F7B7CBCE55466F6D70402788FA91D73BE4ADCBA99A35F17D6B83383704917D6833F0FA3CD45C926ADB8BC17999A4A0AFBCE2541F7B8CF4C2F5FBA611B3E626D64407CB32C122DFF4EF8674D6EDBB86C8F7C6A16D50FA685E2CCA34F8F7D1D8265BB0042E9D7F1F666F7BE5FAA5184DF58E12122A42EF02F
310
461B3F369AC746F96528AD208512AB56844CF75B97F352DF7995024FB02855385854F3798670D01CAC771AC3E1889EC25F61A20C1F8CAB46898817F9C47E2CDA1F286BF2F358298709FE567C91133E2638C8B53975E753EA8BFD3578B5F7186B7BF084EBA3F77BAC3132A5779902EC22AF2D2E79F42D324E083386DAEE9810
310
D1B44A5DAA54513C7A71E52A4AB9257D975B621308FE4D2141CC3DCFE946C154A3C1DFCCA7629EC69ACFA831634ADDA93C0388D2A9A2DDAFCF957C6995BCE7FBB6DC4EBAE79E63EB08E9A25F52F67076F7093CA545CA3053B5BF576DEAD4E0017143C5F759F32B2D6F145B52B67B48909B7C7FCA6586EE385A2189C16932CB
310
6DDFD9152AE317C430492A578ED27B72D85D40C7C93C097939E1B50F4D67F05334FE9DC362C30B7FF561B95259138ECFD9274C8D695C31B14D4EAA9F3D7FA8DDF652F8C5DEFA23284C799B7D94416DEE81E05A866302DC70192A5368EA65E1CED8BF107A1E2D3119A71E85DC1A7B0C1E93274CE04DD0F2ABC8AC7C987FDB00
310
2B6F81757B43502EF7A0D92E416494FAEEA4C9C090CD9557AA4D532F4996A272B94355C5A0E4974EEA9627476F30809B94D8D8D860062E02204643BEC7D0438AF800FC7E2B26955D595421E83C69E1A07E0E3122285835F014AD538188CF9737CE76D464A353FA55A001AB2526B84E985083693BC76FE211CA1D000679C889
310
E3C009832C87E1AC2EDD05C302557422DF0800E316FCAC86978A371F025A6C7DAA9F333E7BD160403A1A06EA75AA9888FF01504B03041400060808003685324F51464CB48900000043010000360000006662782F44364231463031332D373539392D344539392D383431422D4330423343384635464143352F646972656374
310
6F72792E786D6C9D8F310EC2300C45AF127987122606C71DD918B841D4B851A43646695A717C52A85029031293A5A76FBF6FACEF7DA7264E43906840EF0FA03836E242F406C6DCEE4EA06AC22492573150D1F66C60C640E8938CB705396EEDD86DE9B5042FE27813D640EA63BB001C722AF6E55CB61E4863F58284D5D3F53D
310
D715CE1C3985E63FD7F1B7EBDD617E9F1E504B03041400060808003685324F9A6A957044070000551C0000340000006662782F44364231463031332D373539392D344539392D383431422D4330423343384635464143352F6F626A656374732E786D6CDD59596FDB3810FE2B84F665F7C1BA7CC42E1C17B19D144691B6A8D1
310
C5BE09B44C29DCE8022525CEFEFA1D52A42C2AB2ADF40016EB00B64251C3996FEED1FCFD218ED01361394D936BC3316D0391C44FF73409AF8DB208065303BD5FA0394BD3A2B1CF40098EC9B5C1978DC53C646999C9A53D097019B557EF967FA1DC270931901FE13CBF3672FF81C4D8C46591EE49FE68EE7181CD3038988E59
310
6DD4C9860C670FADA332CC485200ABB09E0015C981A3FF0B22598BB9C53768DB86FDB6B967B65942709D519AE4054EFC575CB58E734F70D53A6EE88CD6B7EE7836188F46C3C168E23A83E5DD723D70AE86F66AB25ACD6E6E67065ACC77691AD50AC848B2072DBE180B676EF13BB5F812852EBEFD3449882FD1ECDAB027922E
310
25791B130D584788D65048256B6361D853F813DB7A81A2B1A4A1AD8453BF4DEB4D777F0308791F2B6539E1569E170C742DB1AFFCC19E5BD5AAA6179AA3181784511CA188EE1866A020D85A294823C3BD8593421C33A14545AFC92B18F6655FEAE23228A388FBAFB1109EE6813F9222179CD17F083B72DF3C0D7802694B9A14
310
53296CF1920189D9DC128BD5BDA12B6F5640A220C221580B88C9370DDD165E2B1E0B366B63F1F16E77D8F2F8D07D78C6D28CB0825B9E7066E9774A830DD302E3EB014A85ABAEBB232A5F01FA4F807CCD0B9A83E6183D8C0E23253BC3491EA42C06ED201B0D6CF8B211BF7C7535B7EA87170869B1F214A6E0B63F09534D0CED
310
EC06A48BF913187DCA8652B8AD8F23B0E97B9A703F074341510A4B10EF83DDC1586C2098C2223C8523901EFEE616BF44F053D18178D3D25057F8EDA128E5306D3F3BEAEA03D80CA37EAD2A4DC653F88E7F0ABE37EBEDC76DC902EC937BE9D86B12D08416904CBB19D240D75CFEDBE693F0C8E5CB12C07E3C3EAEEDF2E19C30
310
E581A3432F5BA917241403ACF03C5CA946ACDC5370F728C20949CB5CAE77052A3F8D52E6ED5EBCCA873BCFFA5319417598B480CE6006D9DD6734E3A0180BA9AE3A129A0D41C1C430932618566AF576659C79384ECB84C7DAD7B6D8E603020D3745A02AA829CB566EABC8EE6910943944AF4E922B0D48E9D08A7065E2230864
310
5DFC3212300C59344D3C0A4918BCA5F304ED801ABCF33CE7240A3C1A4565EC05348244E2C5383B41BFA704CDD4F5485E9E53B6EF24A85B96724A65431C7009AC0249A5AB2AE84B9D32F244799D29129A4A07DA0E59881A8BD1897CC1534507A0CA188599DFAEA633E776B21ED8A3F5D560747B351E4C97EE643019BA93DBAB
310
E9D85DB9D3369F2A5C35131EA892D7399AFF150F65BC4B308DE006171BEFB377EF45FABCB620365AEBC9D2B9B39DE1E06A3C9BC1D9F0351D39CBC1CA5E0E57D3BBF1DDCD6A6C3192A725F3496EB996ED2993CC92F014578ABBD74114EA9ACBD94EE9AB2DCCFF37887E6827054D89FFD5205AC7AE8E8AB06F10E58FB64328F6
310
1F798EF27C28FB3ADDA71544DB7C74C5B937C665DB1CDAE2E33833D79EB9D3D978DC33EC89937E38D275C9E043EB59165E9A619F16DD29B5854C4F96DF945DCCA133AEB051DFAE8B00AFDEAB3553E7339364CAA3310E891760DE587484D24B127766BD304AF39C2624178DE1AB82B145D336A1FED2B37487D9D2DC8B4981BF
310
C76245A7D1F20288E691072D6CC1870817EB88DA0564D3728A226F9821D50BF95FBC1CC7595435C79730705C05816A8BBA2C9433CD8F7802FBF470E1D97B22661D97A8D7ECAB8AA2536B6DEAB3EF267F021E5509FD4278D411FD8B2D73ECCCF8670A616832768693AB5A1597D0528715BCF98B4A6857FD17EF99D0F0A15771
310
DA4F2B8D32AF2AC40B1243EF8B8B92F5F2D8094413655B4A2019195A2ED138E98D05A568FA54DB078789AEEF5449DC38066A579AC070AC9720AFA4E83462A10B3108E4F3AE3778B6C2E622D51F8E98BFBCCA6EBA5F2C26469771800ABB0AC132FE68757867A5AED550F9332E7C08A55BF13B588247ECC9FED8CC69E4BACA7A
310
55D35EAAB8373CA4C630E6C53CD2DEF38BE82B065543CB9D5BB2D0B3AAF50D4F6D264CB48F7C684CEBB43E7FD8B6A8C04AEFA7BF708CC8738B825C5DF10EFA0CA96F9BE3A0A045414AF46D73E6F1FF4417A214D898BDC108394F230A937CB2472149217FC3A8A24787C262928BBC0CC62B83947A8DD0E3E9A76A105BE05DA4
310
9EF61F304CB323D9BF953E4C5221675E1B721DFD06B3533EBE14132DF3115A3719C30C54327A6D80C516143A3473073330317114D45B334E706C9C843CE3574FD5FF1F1FE3E840543ACA55EFE9838B944C7326288533F17201EABEEAC662FEFDA22B76102EE0725716B530C785A3341204F516A1120E46858F12DE039414E7
310
E5724CB14783A4D738FFAC1D5454070566A198C937F0BE597FB1F8387DF31965511972759EEB98354A03DEA9476535B99A8361483133CCABC8D53BEB0B4BE1BD548CEE281801FAFD309DFC61ADD2384E936AC9BA916FB7D0F601DE55ED2D352784D6DF766696981CC87701DE0EE7C4C4FBFC111640B58CF2816A05B1660075
310
346D1880D208D7053CA6EDDFAC91AC8E1A539566D8E5F0881701081C89BF00E26ED3DCD0985A822F0057E2E6F1422DCC2D0693F3C5BF504B03041400060808003685324F655F8F84E2000000550100003C0000006662782F44364231463031332D373539392D344539392D383431422D4330423343384635464143352F7265
310
736F75726365732F322F636E782E786D6C4D90CD6E03210C845F0521F5B82C446995445EF2123DF51251D6A128BB78C54FD5BC7D20A5524FB6663E59E381F3CFBAB06F8CC95398B81292330C96661FDCC44BBE0E07CECE1A2251FE877116CC8A136F32D7E02295AD4B335E4D599ABAF870EBA2BC380C18BDBD6CC171661793
310
D2C493FDC2D5085332CD986E6236D9082522262AD1623D91FD8AFD848D6832CE5CEFA43A0EF238A8C3BB7A3BEDD569FFFA016323357C122D9DF72163A4ED65272DD535D44412C6066828D177AABD518DBF78A2C683B1DA1A528EB5838EE5FB5631BF1A87E313F975358CEDC93A9E0DD4D90AD10F504B030414000608080036
310
85324FFF15A4A45D000000800000003A0000006662782F44364231463031332D373539392D344539392D383431422D4330423343384635464143352F7265736F75726365732F636E782E786D6C4D8B3B0E80201005AF42B6F75B59F0390B113044D83508C6E30BC6C26AF226F3B8BA6360974DA7271430F523308B2B198F9B
310
80925DB700539227A2FCCB80A18E5640D320F996A81C9F32D6E9129A0D1EF74FCE750E6D57BC7165FBCA07504B03041400060808003685324F080169494301000056050000300000006662782F44364231463031332D373539392D344539392D383431422D4330423343384635464143352F636E782E786D6CCD94CF4A0331
310
10C65F650978DC3F29555AC9A6E0C127F020DEB2D9E91ABB9B599289D8B737A9DB5691A287427B0B935FE0FB66BE8C587D0C7DF60ECE1BB435E345C532B01A5B63BB9A055AE70B96ADA47088F40D63995503D42C9599149DC3304EA516D62AF4A9DA1BBB998A8AC89926107896E95E795F33AF5F6150850A842DF84DD12A52
310
052F1C780C4E437C4F6680E9BD76A0085A2667155FE6D532E78B277E773FE7F7F3DB175126528A06B19F7863091C8E37B34A633CDA28A7126502A408CE4C54F2C0E4515BD1182BCA782F858F7A6D3771B41D13378EBDD18A62A34AD404944708D420CA2F588A3239FEE1FBF1E1F9A8219E5AE34013BAEDC5DAC04FB5E120AD
310
8889F85F1776E05FE6B1798B962F37F79386276167B3BB4FAE8FD1FD9D84982765BBFE1A3FC041DAF9F31F170B197D8DA6F7CACEE4B9DCADC038F8B411E527504B03041400060808003685324FE361891D7E000000A30000000B0000006662782F636E782E786D6C4D8CD10AC22018855F45FE7B4BD92C07CE9196EF319A1B
310
92D3B0193D7E1ABBE8E67CF071CE11C367F5E86DD3CBC5D0033D104036DCE3E4C2D243DE66CC010D52A418B7BF1AA030AEB687AA418A25C5FCDCD564E731FB6ABD0B8F5D5E4F8A1A421B7C665D87DB5B09DE528535518DE686998B666571AC9382DF5F61BD975F504B03041400060808003685324FA6D797065F0000008200
310
000007000000636E782E786D6C4DCB3B0E80201045D1AD90E9FD7516806B51190811670C8A61F982B1B0BAC9C97B72CA7B1037C6D3332918DA1E04D2CAC69353902EDB8C20262D23F3F59B81A079470595414B17391D1F19B4730A5583A7ED43BBE4025D9592775E5ADFFA01504B03041400060808003685324FECFD112DA8
310
00000026010000130000005B436F6E74656E745F54797065735D2E786D6C7D4F4B0EC22010BD0A61DF525D18634ABB506FE00510A79458060253536F2FD89D5197F3FED3F68B9BD80362B21E25DFD40D6780DADF2C1AC9671AAA3D677DD75E9E0112CB5A4C928F44E12044D22338956A1F003333F8E814E5331A1194BE2B03
310
62DB343BA13D122055543278D79E6050F344ECBC6478EDCD76CE8EABAE5449AE4298AC56946789C28AAFBEABC53F3EAF09A84A1441B91F0101CD4780756578C173A578FFDDBD00504B03041400060808003685324F3DEE336E64000000790000001B0000006175746F6465736B2D64657369676E2D7061636B6167652E786D
310
6C35CBC10E83200C00D05F21DCA56CA76D41FC96062B120735B69A7DBE268BB7777961F8D5AF396893C2ADB70FE7ADA196782C2DF776D7A97B5933C430F15651E5469C55D70F80A4992A3ADC954792C525AE70A1E4D6AD9816CC044FEFDF01FE3FDE907802504B03041400060808003685324F6E659B09F30000008E010000
310
3D0000006662782F44364231463031332D373539392D344539392D383431422D4330423343384635464143352F7265736F75726365732F322F636F72652E786D6C8550CB6E833010FC15B47703061220328E02E20F7AEACDB21D6A25D8C88FAA9F5F3B50A93DF5B4ABD999D9DD21D7AFF5997D4AEB94D103E0BC844C6A6E84
310
D2CB00C1DF5107D995126B8CFF45834CB3550E9060A064B1266C07C48DF65227541B210F9039273D64FC199B011CFF902BCB59F091E11EF9C6F8832D32C7F9CEA32404250EA912D14DDD95B440A71E9753DF56A8EDE60935CD7446638D5B34DE6E4D3F4FF57C1A6B522431255EAD3FDBB995CC4B01B42A718FCA1EE1EE0D9F
310
2F0DBE34A77752242625CEDBF8F3B1347D17E9A4D8D13F6E6113FFBB05A57D5D1D6EBBC201C5F1B8D7809222A513CB2BBA585392F41B504B03041400060808003685324F915FC8C9F9000000960100003B0000006662782F44364231463031332D373539392D344539392D383431422D4330423343384635464143352F7265
310
736F75726365732F636F72652E786D6C8550CB6E833010FC15B477030E2440641C05C41FF4D49B6536A99560233FAA7E7EED40A5F6D4D3AE66676677875DBE9667F689D629A37BA07909196A6966A5EF3D047F232D6417CEAC31FE170D322D16EC21C1C0D9DD9AB0EE9034DAA34EA83633EEA0700E3D64F2199B1E9CFCC045
310
E422F8C8708F7C15F221EE98D37CE37116829A77A99AA39BBA29B4C0C78E9663D71C48D34E23A9EBF144868A3664B85EEB6E1AABE93854AC4862CEBC5A7EB64B8BC2E30CFC50D28E941DA1ED1B3D9D6B7AAE8FEFAC484CCE9CB7F1E77D69FA0EB845678295E858B14DFFB88675FEDF3528EDABC3EEBA291C701A8F7C0D382B
310
524AB1BC228C3525CABF01504B03041400060808003685324FAC2D5450F2000000B1010000310000006662782F44364231463031332D373539392D344539392D383431422D4330423343384635464143352F636F72652E786D6C8D50CD6E8420187C15F3DD515975AB1B64536D7D829E7A23C0BA645730FC347DFCC26A93F6
310
B6173E32CC30F30D397F2FF7EC4B5AA78CEE01E72564527323949E7B08FE825AC8CE945863FC1F1A649A2DB287040325B33561DD216EB4973AA1DA08B983CC39E921E3F778E9C1F1AB5C58CE828F0C77CB57C66F6C9639CE371E255E2DBF526E25F352003D94B843658770FB818FA71A9FEAE69314894949084AEC564A4477
310
7551D2027D3B0E782A71855E9AAE43F57B3CDA1A0F682C876A6CA7667A1D1B52243125CEDBB8F3FE49DAEE59F926FC9739ACE289CC4AFBEAB01B6E0A0714C73C8F074A8A54601C8F76E34C65D31F504B03041400060808003685324F3C4CB07B53010000DD0200000C0000006662782F636F72652E786D6C8D52DB8E832014
310
FC15C33B2A6A2F3648D39AFEC13EED1B45EA922A1804D3CF5FF012D787ED6E4C90CC3967E6CC047C7EB54D3070DD0B250B80C218045C3255095917C09A073C82E04CB056CAFC680381A42D2F808701C1B556B69B21A6A4E1D2A352557C0669DF730302D6B84B017AF6C55B1A526B5C47FF0C3BCA9EB4E6210AA73E82AD15D5
310
3C2A2AC7261E826B40CA1CC5657E48E0E1782B6196957B784DD1015E2F972CBF95E96D774D71E4870936A25DD499E6D4F00A902446398C73888E1F687FCAD029DB7DE2C87712DC1BED3CCFA2DE1D208FFB0B4713BEE1B35DF5379F15D2A4C9CC374DF48020B7DE582038F2F9B8DF18DE364327ECF233F4DE2C169E0E1A3833
310
4A67AE5229BB9606DA58EEA8E360FC7034551DF348F01B4FF286E73D870B8ACADAAD468DBBDEADF1EADB9D3AAEE1605E8154BAA5CDBADCB4E27AAE421B4BCB38538DD2FF995EAC2E6146FE61926F504B03041400060808003685324F455E9F1007010000B201000008000000636F72652E786D6C8D50C18E832014FC15F2EE
310
A8A8ADB5419A6AFC833DED8D156A49150C60B3FBF70BD54D766F7B7A6466DE9B61E8E5739ED0535AA78C6E80241920A90723941E1B58FD0D9F005D18B5C6F85F32409ACFB2810803A3A335EBB24383D15EEA886A23E40E72E7A407344CE1D1801BEE72E6095F7D50B847B2F0E1C147999064D331EAD5FCB33A58C9BD14C0F2
310
8CD438AB3139BD91E3B924E7F2F04ED3A864745D95D8AD9408EEEAA6A405D6D524EBEA2AC7D5A9EF70597647DC16A4C2EDF55AD67D57F487B6A0695C66D4791BFEBC1F09393D72FC197D69BA518C7E1833ED82104A20A3A72F60194D23F127F4BA887F8456DA17F97E70DB70C04808F42282716C308C57BD61C6B6D937504B
310
010214001400060808003685324F0000000000000000000000003700000000000000000000000000000000006662782F44364231463031332D373539392D344539392D383431422D4330423343384635464143352F617474726962757465732E62696E504B010214001400060808003685324F000000000000000000000000
310
3500000000000000000000000000550000006662782F44364231463031332D373539392D344539392D383431422D4330423343384635464143352F76657274696365732E62696E504B010214001400060808003685324FF270F13306000000040000003600000000000000000000000000A80000006662782F443642314630
310
31332D373539392D344539392D383431422D4330423343384635464143352F747269616E676C65732E62696E504B010214001400060808003685324F88E57597CD3F0000904100004200000000000000000000000000020100006662782F44364231463031332D373539392D344539392D383431422D433042334338463546
310
4143352F7265736F75726365732F322F305F67656E657269632E706E67504B010214001400060808003685324F51464CB4890000004301000036000000000000000000000000002F4100006662782F44364231463031332D373539392D344539392D383431422D4330423343384635464143352F6469726563746F72792E78
310
6D6C504B010214001400060808003685324F9A6A957044070000551C000034000000000000000000000000000C4200006662782F44364231463031332D373539392D344539392D383431422D4330423343384635464143352F6F626A656374732E786D6C504B010214001400060808003685324F655F8F84E2000000550100
310
003C00000000000000000000000000A24900006662782F44364231463031332D373539392D344539392D383431422D4330423343384635464143352F7265736F75726365732F322F636E782E786D6C504B010214001400060808003685324FFF15A4A45D000000800000003A00000000000000000000000000DE4A00006662
310
782F44364231463031332D373539392D344539392D383431422D4330423343384635464143352F7265736F75726365732F636E782E786D6C504B010214001400060808003685324F0801694943010000560500003000000000000000000000000000934B00006662782F44364231463031332D373539392D344539392D3834
310
31422D4330423343384635464143352F636E782E786D6C504B010214001400060808003685324FE361891D7E000000A30000000B00000000000000000000000000244D00006662782F636E782E786D6C504B010214001400060808003685324FA6D797065F000000820000000700000000000000000000000000CB4D000063
310
6E782E786D6C504B010214001400060808003685324FECFD112DA80000002601000013000000000000000000000000004F4E00005B436F6E74656E745F54797065735D2E786D6C504B010214001400060808003685324F3DEE336E64000000790000001B00000000000000000000000000284F00006175746F6465736B2D64
310
657369676E2D7061636B6167652E786D6C504B010214001400060808003685324F6E659B09F30000008E0100003D00000000000000000000000000C54F00006662782F44364231463031332D373539392D344539392D383431422D4330423343384635464143352F7265736F75726365732F322F636F72652E786D6C504B01
310
0214001400060808003685324F915FC8C9F9000000960100003B00000000000000000000000000135100006662782F44364231463031332D373539392D344539392D383431422D4330423343384635464143352F7265736F75726365732F636F72652E786D6C504B010214001400060808003685324FAC2D5450F2000000B1
310
0100003100000000000000000000000000655200006662782F44364231463031332D373539392D344539392D383431422D4330423343384635464143352F636F72652E786D6C504B010214001400060808003685324F3C4CB07B53010000DD0200000C00000000000000000000000000A65300006662782F636F72652E786D
310
6C504B010214001400060808003685324F455E9F1007010000B2010000080000000000000000000000000023550000636F72652E786D6C504B050600000000120012002D060000505600000000
  0
DICTIONARY
  5
57
102
{ACAD_REACTORS
330
B
102
}
330
B
100
AcDbDictionary
281
     1
  0
DICTIONARY
  5
58
102
{ACAD_REACTORS
330
B
102
}
330
B
100
AcDbDictionary
281
     1
  3
A0
350
62
  3
A1
350
63
  3
A2
350
64
  3
A3
350
65
  3
A4
350
66
  3
A5
350
67
  3
A6
350
68
  3
A7
350
69
  3
A8
350
6A
  3
A9
350
6B
  3
B0
350
6C
  3
B1
350
6D
  3
B2
350
6E
  3
B3
350
6F
  3
B4
350
70
  3
B5
350
71
  3
B6
350
72
  0
DICTIONARY
  5
59
102
{ACAD_REACTORS
330
B
102
}
330
B
100
AcDbDictionary
281
     1
  3
Standard
350
5F
  0
DICTIONARY
  5
5A
102
{ACAD_REACTORS
330
B
102
}
330
B
100
AcDbDictionary
281
     1
  3
Standard
350
865
  0
DICTIONARY
  5
5C
330
5B
100
AcDbDictionary
280
     1
281
     1
  3
ADSK_XREC_LAYER_RECONCILED
360
5D
  0
XRECORD
  5
5D
102
{ACAD_REACTORS
330
5C
102
}
330
5C
100
AcDbXrecord
280
     1
290
     1
  0
MLINESTYLE
  5
5E
102
{ACAD_REACTORS
330
4F
102
}
330
4F
100
AcDbMlineStyle
  2
STANDARD
 70
     0
  3

 62
     0
 51
90.0
 52
90.0
 71
     2
 49
0.5
 62
     0
  6
ByLayer
 49
-0.5
 62
     0
  6
ByLayer
  0
VISUALSTYLE
  5
60
102
{ACAD_REACTORS
330
2B
102
}
330
2B
100
AcDbVisualStyle
  2
Realistic
 70
     8
177
     2
291
     0
 70
    58
 90
        2
176
     1
 90
        2
176
     1
 90
        1
176
     1
 90
        0
176
     1
 40
0.6
176
     1
 40
30.0
176
     1
 62
     7
420
-1023410177
176
     1
 90
        1
176
     1
 90
        0
176
     1
 62
     7
176
     1
 62
   257
176
     1
 90
        1
176
     1
 90
        1
176
     1
 40
1.0
176
     1
 90
        8
176
     1
 62
   256
420
-1032292232
176
     1
 40
1.0
176
     1
 90
        1
176
     1
 90
        6
176
     1
 90
        2
176
     1
 62
     7
176
     1
 90
        5
176
     1
 90
        0
176
     1
 90
        0
176
     1
290
     0
176
     1
 90
       13
176
     1
 40
0.0
176
     1
 90
        0
176
     1
290
     0
176
     1
290
     1
176
     1
290
     1
176
     1
290
     0
290
     0
176
     1
290
     0
290
     0
176
     1
290
     0
176
     1
290
     0
176
     1
 90
       50
176
     1
 40
0.0
176
     1
 40
1.0
176
     1
 90
        0
176
     1
 62
     0
420
-1040187392
176
     1
 90
       50
176
     1
 90
        3
176
     1
 62
     5
420
-1040187137
176
     1
290
     0
176
     1
 90
       50
176
     1
 90
       50
176
     1
 90
       50
176
     1
290
     0
176
     1
 90
       50
176
     1
 62
     0
176
     0
 40
1.0
176
     0
 90
        2
176
     1
  1
strokes_ogs.tif
176
     1
290
     0
176
     1
 40
1.0
176
     1
 40
1.0
176
     1
  0
VISUALSTYLE
  5
61
102
{ACAD_REACTORS
330
2B
102
}
330
2B
100
AcDbVisualStyle
  2
3dWireframe
 70
     5
177
     2
291
     0
 70
    58
 90
        0
176
     1
 90
        2
176
     1
 90
        1
176
     1
 90
        0
176
     1
 40
0.6
176
     1
 40
30.0
176
     1
 62
     7
420
-1023410177
176
     1
 90
        1
176
     1
 90
        4
176
     1
 62
     7
176
     1
 62
   257
176
     1
 90
        1
176
     1
 90
        1
176
     1
 40
1.0
176
     1
 90
        0
176
     1
 62
   257
176
     1
 40
1.0
176
     1
 90
        1
176
     1
 90
        6
176
     1
 90
        2
176
     1
 62
     7
176
     1
 90
        5
176
     1
 90
        0
176
     1
 90
        0
176
     1
290
     0
176
     1
 90
        1
176
     1
 40
0.0
176
     1
 90
        0
176
     1
290
     0
176
     1
290
     1
176
     1
290
     1
176
     1
290
     0
290
     0
176
     1
290
     0
290
     0
176
     1
290
     0
176
     1
290
     0
176
     1
 90
       50
176
     1
 40
0.0
176
     1
 40
1.0
176
     1
 90
        0
176
     1
 62
     0
420
-1040187392
176
     1
 90
       50
176
     1
 90
        3
176
     1
 62
     5
420
-1040187137
176
     1
290
     0
176
     1
 90
       50
176
     1
 90
       50
176
     1
 90
       50
176
     1
290
     0
176
     1
 90
       50
176
     1
 62
     0
176
     0
 40
1.0
176
     0
 90
        2
176
     1
  1
strokes_ogs.tif
176
     1
290
     0
176
     1
 40
1.0
176
     1
 40
1.0
176
     1
  0
SCALE
  5
62
102
{ACAD_REACTORS
330
58
102
}
330
58
100
AcDbScale
 70
     0
300
1:1
140
1.0
141
1.0
290
     1
  0
SCALE
  5
63
102
{ACAD_REACTORS
330
58
102
}
330
58
100
AcDbScale
 70
     0
300
1/128" = 1'-0"
140
0.0078125
141
12.0
290
     0
  0
SCALE
  5
64
102
{ACAD_REACTORS
330
58
102
}
330
58
100
AcDbScale
 70
     0
300
1/64" = 1'-0"
140
0.015625
141
12.0
290
     0
  0
SCALE
  5
65
102
{ACAD_REACTORS
330
58
102
}
330
58
100
AcDbScale
 70
     0
300
1/32" = 1'-0"
140
0.03125
141
12.0
290
     0
  0
SCALE
  5
66
102
{ACAD_REACTORS
330
58
102
}
330
58
100
AcDbScale
 70
     0
300
1/16" = 1'-0"
140
0.0625
141
12.0
290
     0
  0
SCALE
  5
67
102
{ACAD_REACTORS
330
58
102
}
330
58
100
AcDbScale
 70
     0
300
3/32" = 1'-0"
140
0.09375
141
12.0
290
     0
  0
SCALE
  5
68
102
{ACAD_REACTORS
330
58
102
}
330
58
100
AcDbScale
 70
     0
300
1/8" = 1'-0"
140
0.125
141
12.0
290
     0
  0
SCALE
  5
69
102
{ACAD_REACTORS
330
58
102
}
330
58
100
AcDbScale
 70
     0
300
3/16" = 1'-0"
140
0.1875
141
12.0
290
     0
  0
SCALE
  5
6A
102
{ACAD_REACTORS
330
58
102
}
330
58
100
AcDbScale
 70
     0
300
1/4" = 1'-0"
140
0.25
141
12.0
290
     0
  0
SCALE
  5
6B
102
{ACAD_REACTORS
330
58
102
}
330
58
100
AcDbScale
 70
     0
300
3/8" = 1'-0"
140
0.375
141
12.0
290
     0
  0
SCALE
  5
6C
102
{ACAD_REACTORS
330
58
102
}
330
58
100
AcDbScale
 70
     0
300
1/2" = 1'-0"
140
0.5
141
12.0
290
     0
  0
SCALE
  5
6D
102
{ACAD_REACTORS
330
58
102
}
330
58
100
AcDbScale
 70
     0
300
3/4" = 1'-0"
140
0.75
141
12.0
290
     0
  0
SCALE
  5
6E
102
{ACAD_REACTORS
330
58
102
}
330
58
100
AcDbScale
 70
     0
300
1" = 1'-0"
140
1.0
141
12.0
290
     0
  0
SCALE
  5
6F
102
{ACAD_REACTORS
330
58
102
}
330
58
100
AcDbScale
 70
     0
300
1-1/2" = 1'-0"
140
1.5
141
12.0
290
     0
  0
SCALE
  5
70
102
{ACAD_REACTORS
330
58
102
}
330
58
100
AcDbScale
 70
     0
300
3" = 1'-0"
140
3.0
141
12.0
290
     0
  0
SCALE
  5
71
102
{ACAD_REACTORS
330
58
102
}
330
58
100
AcDbScale
 70
     0
300
6" = 1'-0"
140
6.0
141
12.0
290
     0
  0
SCALE
  5
72
102
{ACAD_REACTORS
330
58
102
}
330
58
100
AcDbScale
 70
     0
300
1'-0" = 1'-0"
140
12.0
141
12.0
290
     0
  0
DICTIONARY
  5
75
330
74
100
AcDbDictionary
280
     1
281
     1
  3
ADSK_XREC_LAYER_RECONCILED
360
76
  0
XRECORD
  5
76
102
{ACAD_REACTORS
330
75
102
}
330
75
100
AcDbXrecord
280
     1
290
     1
  0
DICTIONARY
  5
88
330
87
100
AcDbDictionary
280
     1
281
     1
  3
ADSK_XREC_LAYER_RECONCILED
360
89
  0
XRECORD
  5
89
102
{ACAD_REACTORS
330
88
102
}
330
88
100
AcDbXrecord
280
     1
290
     1
  0
DICTIONARY
  5
A3
330
A2
100
AcDbDictionary
280
     1
281
     1
  3
ADSK_XREC_LAYER_RECONCILED
360
A4
  0
XRECORD
  5
A4
102
{ACAD_REACTORS
330
A3
102
}
330
A3
100
AcDbXrecord
280
     1
290
     1
  0
DICTIONARY
  5
133
330
132
100
AcDbDictionary
280
     1
281
     1
  3
ADSK_XREC_LAYER_RECONCILED
360
134
  0
XRECORD
  5
134
102
{ACAD_REACTORS
330
133
102
}
330
133
100
AcDbXrecord
280
     1
290
     1
  0
DICTIONARY
  5
136
330
135
100
AcDbDictionary
280
     1
281
     1
  3
ACAD_SORTENTS
360
83C
  0
DICTIONARY
  5
140
330
13F
100
AcDbDictionary
280
     1
281
     1
  3
ADSK_XREC_LAYER_RECONCILED
360
141
  0
XRECORD
  5
141
102
{ACAD_REACTORS
330
140
102
}
330
140
100
AcDbXrecord
280
     1
290
     1
  0
DICTIONARY
  5
2EB
330
2EA
100
AcDbDictionary
280
     1
281
     1
  3
ACAD_SORTENTS
360
835
  0
DICTIONARY
  5
2F0
330
2EF
100
AcDbDictionary
280
     1
281
     1
  3
ADSK_XREC_LAYER_RECONCILED
360
2F1
  0
XRECORD
  5
2F1
102
{ACAD_REACTORS
330
2F0
102
}
330
2F0
100
AcDbXrecord
280
     1
290
     1
  0
DICTIONARY
  5
2F3
330
2F2
100
AcDbDictionary
280
     1
281
     1
  0
DICTIONARY
  5
2F7
330
2F6
100
AcDbDictionary
280
     1
281
     1
  3
ADSK_XREC_LAYER_RECONCILED
360
2F8
  0
XRECORD
  5
2F8
102
{ACAD_REACTORS
330
2F7
102
}
330
2F7
100
AcDbXrecord
280
     1
290
     1
  0
DICTIONARY
  5
313
330
312
100
AcDbDictionary
280
     1
281
     1
  3
ADSK_XREC_LAYER_RECONCILED
360
314
  0
XRECORD
  5
314
102
{ACAD_REACTORS
330
313
102
}
330
313
100
AcDbXrecord
280
     1
290
     1
  0
DICTIONARY
  5
318
330
317
100
AcDbDictionary
280
     1
281
     1
  3
ADSK_XREC_LAYER_RECONCILED
360
319
  0
XRECORD
  5
319
102
{ACAD_REACTORS
330
318
102
}
330
318
100
AcDbXrecord
280
     1
290
     1
  0
DICTIONARY
  5
325
330
324
100
AcDbDictionary
280
     1
281
     1
  3
ACAD_SORTENTS
360
838
  0
DICTIONARY
  5
33E
330
33D
100
AcDbDictionary
280
     1
281
     1
  3
ADSK_XREC_LAYER_RECONCILED
360
33F
  0
XRECORD
  5
33F
102
{ACAD_REACTORS
330
33E
102
}
330
33E
100
AcDbXrecord
280
     1
290
     1
  0
DICTIONARY
  5
34B
330
34A
100
AcDbDictionary
280
     1
281
     1
  3
ACAD_SORTENTS
360
833
  0
DICTIONARY
  5
36C
330
36B
100
AcDbDictionary
280
     1
281
     1
  3
ACAD_SORTENTS
360
834
  0
DICTIONARY
  5
420
330
41F
100
AcDbDictionary
280
     1
281
     1
  3
ADSK_XREC_LAYER_RECONCILED
360
421
  0
XRECORD
  5
421
102
{ACAD_REACTORS
330
420
102
}
330
420
100
AcDbXrecord
280
     1
290
     1
  0
DICTIONARY
  5
423
330
422
100
AcDbDictionary
280
     1
281
     1
  3
ACAD_SORTENTS
360
83A
  0
DICTIONARY
  5
428
330
427
100
AcDbDictionary
280
     1
281
     1
  3
ADSK_XREC_LAYER_RECONCILED
360
429
  0
XRECORD
  5
429
102
{ACAD_REACTORS
330
428
102
}
330
428
100
AcDbXrecord
280
     1
290
     1
  0
DICTIONARY
  5
4B0
330
4AF
100
AcDbDictionary
280
     1
281
     1
  3
ADSK_XREC_LAYER_RECONCILED
360
4B1
  0
XRECORD
  5
4B1
102
{ACAD_REACTORS
330
4B0
102
}
330
4B0
100
AcDbXrecord
280
     1
290
     1
  0
DICTIONARY
  5
4CE
330
4CD
100
AcDbDictionary
280
     1
281
     1
  3
ACAD_SORTENTS
360
839
  0
DICTIONARY
  5
50C
330
50B
100
AcDbDictionary
280
     1
281
     1
  3
ACAD_SORTENTS
360
83B
  0
DICTIONARY
  5
511
330
510
100
AcDbDictionary
280
     1
281
     1
  3
ADSK_XREC_LAYER_RECONCILED
360
512
  0
XRECORD
  5
512
102
{ACAD_REACTORS
330
511
102
}
330
511
100
AcDbXrecord
280
     1
290
     1
  0
DICTIONARY
  5
523
330
522
100
AcDbDictionary
280
     1
281
     1
  3
ADSK_XREC_LAYER_RECONCILED
360
524
  0
XRECORD
  5
524
102
{ACAD_REACTORS
330
523
102
}
330
523
100
AcDbXrecord
280
     1
290
     1
  0
DICTIONARY
  5
52A
330
529
100
AcDbDictionary
280
     1
281
     1
  3
ADSK_XREC_LAYER_RECONCILED
360
52B
  0
XRECORD
  5
52B
102
{ACAD_REACTORS
330
52A
102
}
330
52A
100
AcDbXrecord
280
     1
290
     1
  0
DICTIONARY
  5
574
330
573
100
AcDbDictionary
280
     1
281
     1
  3
ACAD_SORTENTS
360
837
  0
DICTIONARY
  5
79D
330
79C
100
AcDbDictionary
280
     1
281
     1
  3
ACAD_SORTENTS
360
836
  0
SORTENTSTABLE
  5
833
102
{ACAD_REACTORS
330
34B
102
}
330
34B
100
AcDbSortentsTable
  0
SORTENTSTABLE
  5
834
102
{ACAD_REACTORS
330
36C
102
}
330
36C
100
AcDbSortentsTable
  0
SORTENTSTABLE
  5
835
102
{ACAD_REACTORS
330
2EB
102
}
330
2EB
100
AcDbSortentsTable
  0
SORTENTSTABLE
  5
836
102
{ACAD_REACTORS
330
79D
102
}
330
79D
100
AcDbSortentsTable
  0
SORTENTSTABLE
  5
837
102
{ACAD_REACTORS
330
574
102
}
330
574
100
AcDbSortentsTable
  0
SORTENTSTABLE
  5
838
102
{ACAD_REACTORS
330
325
102
}
330
325
100
AcDbSortentsTable
  0
SORTENTSTABLE
  5
839
102
{ACAD_REACTORS
330
4CE
102
}
330
4CE
100
AcDbSortentsTable
  0
SORTENTSTABLE
  5
83A
102
{ACAD_REACTORS
330
423
102
}
330
423
100
AcDbSortentsTable
  0
SORTENTSTABLE
  5
83B
102
{ACAD_REACTORS
330
50C
102
}
330
50C
100
AcDbSortentsTable
  0
SORTENTSTABLE
  5
83C
102
{ACAD_REACTORS
330
136
102
}
330
136
100
AcDbSortentsTable
  0
SORTENTSTABLE
  5
83D
102
{ACAD_REACTORS
330
3
102
}
330
3
100
AcDbSortentsTable
  0
DICTIONARY
  5
841
102
{ACAD_REACTORS
330
B
102
}
330
B
100
AcDbDictionary
281
     1
  3
ASEBlockHierarchyIndexRecord
350
843
1001
DCO15
1040
1999947843.0
  0
XRECORD
  5
843
102
{ACAD_REACTORS
330
841
102
}
330
841
100
AcDbXrecord
280
     1
330
3EC
330
41E
330
349
330
35E
330
362
330
363
330
364
330
36A
330
39D
330
3A5
330
3A6
330
3B1
330
3BD
330
2E9
330
323
330
342
330
2BB
330
131
330
15D
330
A1
330
D3
330
883
330
4BF
330
4C0
330
4CC
330
4EB
330
50A
330
54F
330
563
330
564
330
572
330
79B
330
7A8
330
7AF
330
7B8
330
2EE
330
528
330
7B2
330
7B3
330
7B5
  0
DICTIONARY
  5
844
102
{ACAD_REACTORS
330
B
102
}
330
B
100
AcDbDictionary
281
     1
  3
CANNOSCALE
350
84A
  3
CMLEADERSTYLE
350
846
  3
CTABLESTYLE
350
845
  3
CVIEWDETAILSTYLE
350
847
  3
CVIEWSECTIONSTYLE
350
848
  3
LAYEREVAL
350
84C
  3
LAYERNOTIFY
350
84D
  3
LIGHTINGUNITS
350
84B
  3
MSLTSCALE
350
849
  0
DICTIONARYVAR
  5
845
102
{ACAD_REACTORS
330
844
102
}
330
844
100
DictionaryVariables
280
     0
  1
STANDARD
  0
DICTIONARYVAR
  5
846
102
{ACAD_REACTORS
330
844
102
}
330
844
100
DictionaryVariables
280
     0
  1
STANDARD
  0
DICTIONARYVAR
  5
847
102
{ACAD_REACTORS
330
844
102
}
330
844
100
DictionaryVariables
280
     0
  1
Imperial24
  0
DICTIONARYVAR
  5
848
102
{ACAD_REACTORS
330
844
102
}
330
844
100
DictionaryVariables
280
     0
  1
Imperial24
  0
DICTIONARYVAR
  5
849
102
{ACAD_REACTORS
330
844
102
}
330
844
100
DictionaryVariables
280
     0
  1
0
  0
DICTIONARYVAR
  5
84A
102
{ACAD_REACTORS
330
844
102
}
330
844
100
DictionaryVariables
280
     0
  1
1:1
  0
DICTIONARYVAR
  5
84B
102
{ACAD_REACTORS
330
844
102
}
330
844
100
DictionaryVariables
280
     0
  1
0
  0
DICTIONARYVAR
  5
84C
102
{ACAD_REACTORS
330
844
102
}
330
844
100
DictionaryVariables
280
     0
  1
1
  0
DICTIONARYVAR
  5
84D
102
{ACAD_REACTORS
330
844
102
}
330
844
100
DictionaryVariables
280
     0
  1
15
  0
VISUALSTYLE
  5
84F
102
{ACAD_REACTORS
330
2B
102
}
330
2B
100
AcDbVisualStyle
  2
Flat
 70
     0
177
     2
291
     1
 70
    58
 90
        2
176
     1
 90
        1
176
     1
 90
        1
176
     1
 90
        2
176
     1
 40
0.6
176
     1
 40
30.0
176
     1
 62
     7
420
-1023410177
176
     1
 90
        0
176
     1
 90
        0
176
     1
 62
     7
176
     1
 62
   257
176
     1
 90
        1
176
     1
 90
        1
176
     1
 40
1.0
176
     1
 90
        8
176
     1
 62
     7
176
     1
 40
1.0
176
     1
 90
        1
176
     1
 90
        6
176
     1
 90
        2
176
     1
 62
     7
176
     1
 90
        5
176
     1
 90
        0
176
     1
 90
        0
176
     1
290
     0
176
     1
 90
       13
176
     1
 40
0.0
176
     1
 90
        0
176
     1
290
     0
176
     1
290
     1
176
     1
290
     1
176
     1
290
     0
290
     0
176
     1
290
     0
290
     0
176
     1
290
     0
176
     1
290
     0
176
     1
 90
       50
176
     1
 40
0.0
176
     1
 40
1.0
176
     1
 90
        0
176
     1
 62
     0
420
-1040187392
176
     1
 90
       50
176
     1
 90
        3
176
     1
 62
     5
420
-1040187137
176
     1
290
     0
176
     1
 90
       50
176
     1
 90
       50
176
     1
 90
       50
176
     1
290
     0
176
     1
 90
       50
176
     1
 62
     0
176
     0
 40
1.0
176
     0
 90
        2
176
     1
  1
strokes_ogs.tif
176
     1
290
     0
176
     1
 40
1.0
176
     1
 40
1.0
176
     1
  0
VISUALSTYLE
  5
850
102
{ACAD_REACTORS
330
2B
102
}
330
2B
100
AcDbVisualStyle
  2
FlatWithEdges
 70
     1
177
     2
291
     1
 70
    58
 90
        2
176
     1
 90
        1
176
     1
 90
        1
176
     1
 90
        2
176
     1
 40
0.6
176
     1
 40
30.0
176
     1
 62
     7
420
-1023410177
176
     1
 90
        1
176
     1
 90
        0
176
     1
 62
     7
176
     1
 62
   257
176
     1
 90
        1
176
     1
 90
        1
176
     1
 40
1.0
176
     1
 90
        0
176
     1
 62
   257
176
     1
 40
1.0
176
     1
 90
        1
176
     1
 90
        6
176
     1
 90
        2
176
     1
 62
     7
176
     1
 90
        5
176
     1
 90
        0
176
     1
 90
        0
176
     1
290
     0
176
     1
 90
       13
176
     1
 40
0.0
176
     1
 90
        0
176
     1
290
     0
176
     1
290
     1
176
     1
290
     1
176
     1
290
     0
290
     0
176
     1
290
     0
290
     0
176
     1
290
     0
176
     1
290
     0
176
     1
 90
       50
176
     1
 40
0.0
176
     1
 40
1.0
176
     1
 90
        0
176
     1
 62
     0
420
-1040187392
176
     1
 90
       50
176
     1
 90
        3
176
     1
 62
     5
420
-1040187137
176
     1
290
     0
176
     1
 90
       50
176
     1
 90
       50
176
     1
 90
       50
176
     1
290
     0
176
     1
 90
       50
176
     1
 62
     0
176
     0
 40
1.0
176
     0
 90
        2
176
     1
  1
strokes_ogs.tif
176
     1
290
     0
176
     1
 40
1.0
176
     1
 40
1.0
176
     1
  0
VISUALSTYLE
  5
851
102
{ACAD_REACTORS
330
2B
102
}
330
2B
100
AcDbVisualStyle
  2
Gouraud
 70
     2
177
     2
291
     1
 70
    58
 90
        2
176
     1
 90
        2
176
     1
 90
        1
176
     1
 90
        2
176
     1
 40
0.6
176
     1
 40
30.0
176
     1
 62
     7
420
-1023410177
176
     1
 90
        0
176
     1
 90
        0
176
     1
 62
     7
176
     1
 62
   257
176
     1
 90
        1
176
     1
 90
        1
176
     1
 40
1.0
176
     1
 90
        0
176
     1
 62
     7
176
     1
 40
1.0
176
     1
 90
        1
176
     1
 90
        6
176
     1
 90
        2
176
     1
 62
     7
176
     1
 90
        5
176
     1
 90
        0
176
     1
 90
        0
176
     1
290
     0
176
     1
 90
       13
176
     1
 40
0.0
176
     1
 90
        0
176
     1
290
     0
176
     1
290
     1
176
     1
290
     1
176
     1
290
     0
290
     0
176
     1
290
     0
290
     0
176
     1
290
     0
176
     1
290
     0
176
     1
 90
       50
176
     1
 40
0.0
176
     1
 40
1.0
176
     1
 90
        0
176
     1
 62
     0
420
-1040187392
176
     1
 90
       50
176
     1
 90
        3
176
     1
 62
     5
420
-1040187137
176
     1
290
     0
176
     1
 90
       50
176
     1
 90
       50
176
     1
 90
       50
176
     1
290
     0
176
     1
 90
       50
176
     1
 62
     0
176
     0
 40
1.0
176
     0
 90
        2
176
     1
  1
strokes_ogs.tif
176
     1
290
     0
176
     1
 40
1.0
176
     1
 40
1.0
176
     1
  0
VISUALSTYLE
  5
852
102
{ACAD_REACTORS
330
2B
102
}
330
2B
100
AcDbVisualStyle
  2
GouraudWithEdges
 70
     3
177
     2
291
     1
 70
    58
 90
        2
176
     1
 90
        2
176
     1
 90
        1
176
     1
 90
        2
176
     1
 40
0.6
176
     1
 40
30.0
176
     1
 62
     7
420
-1023410177
176
     1
 90
        1
176
     1
 90
        0
176
     1
 62
     7
176
     1
 62
   257
176
     1
 90
        1
176
     1
 90
        1
176
     1
 40
1.0
176
     1
 90
        0
176
     1
 62
   257
176
     1
 40
1.0
176
     1
 90
        1
176
     1
 90
        6
176
     1
 90
        2
176
     1
 62
     7
176
     1
 90
        5
176
     1
 90
        0
176
     1
 90
        0
176
     1
290
     0
176
     1
 90
       13
176
     1
 40
0.0
176
     1
 90
        0
176
     1
290
     0
176
     1
290
     1
176
     1
290
     1
176
     1
290
     0
290
     0
176
     1
290
     0
290
     0
176
     1
290
     0
176
     1
290
     0
176
     1
 90
       50
176
     1
 40
0.0
176
     1
 40
1.0
176
     1
 90
        0
176
     1
 62
     0
420
-1040187392
176
     1
 90
       50
176
     1
 90
        3
176
     1
 62
     5
420
-1040187137
176
     1
290
     0
176
     1
 90
       50
176
     1
 90
       50
176
     1
 90
       50
176
     1
290
     0
176
     1
 90
       50
176
     1
 62
     0
176
     0
 40
1.0
176
     0
 90
        2
176
     1
  1
strokes_ogs.tif
176
     1
290
     0
176
     1
 40
1.0
176
     1
 40
1.0
176
     1
  0
VISUALSTYLE
  5
853
102
{ACAD_REACTORS
330
2B
102
}
330
2B
100
AcDbVisualStyle
  2
Basic
 70
     7
177
     2
291
     1
 70
    58
 90
        1
176
     1
 90
        0
176
     1
 90
        1
176
     1
 90
        0
176
     1
 40
0.6
176
     1
 40
30.0
176
     1
 62
     7
420
-1023410177
176
     1
 90
        0
176
     1
 90
        4
176
     1
 62
     7
176
     1
 62
   257
176
     1
 90
        1
176
     1
 90
        1
176
     1
 40
1.0
176
     1
 90
        8
176
     1
 62
     7
176
     1
 40
1.0
176
     1
 90
        1
176
     1
 90
        6
176
     1
 90
        2
176
     1
 62
     7
176
     1
 90
        5
176
     1
 90
        0
176
     1
 90
        0
176
     1
290
     0
176
     1
 90
        1
176
     1
 40
0.0
176
     1
 90
        0
176
     1
290
     0
176
     1
290
     1
176
     1
290
     1
176
     1
290
     0
290
     0
176
     1
290
     0
290
     0
176
     1
290
     0
176
     1
290
     0
176
     1
 90
       50
176
     1
 40
0.0
176
     1
 40
1.0
176
     1
 90
        0
176
     1
 62
     0
420
-1040187392
176
     1
 90
       50
176
     1
 90
        3
176
     1
 62
     5
420
-1040187137
176
     1
290
     0
176
     1
 90
       50
176
     1
 90
       50
176
     1
 90
       50
176
     1
290
     0
176
     1
 90
       50
176
     1
 62
     0
176
     0
 40
1.0
176
     0
 90
        2
176
     1
  1
strokes_ogs.tif
176
     1
290
     0
176
     1
 40
1.0
176
     1
 40
1.0
176
     1
  0
VISUALSTYLE
  5
854
102
{ACAD_REACTORS
330
2B
102
}
330
2B
100
AcDbVisualStyle
  2
Wireframe
 70
     5
177
     2
291
     0
 70
    58
 90
        0
176
     1
 90
        2
176
     1
 90
        0
176
     1
 90
        0
176
     1
 40
0.6
176
     1
 40
30.0
176
     1
 62
     7
420
-1023410177
176
     1
 90
        1
176
     1
 90
        4
176
     1
 62
     7
176
     1
 62
   257
176
     1
 90
        1
176
     1
 90
        1
176
     1
 40
1.0
176
     1
 90
        0
176
     1
 62
   257
176
     1
 40
1.0
176
     1
 90
        1
176
     1
 90
        6
176
     1
 90
        2
176
     1
 62
     7
176
     1
 90
        3
176
     1
 90
        0
176
     1
 90
        0
176
     1
290
     0
176
     1
 90
        1
176
     1
 40
0.0
176
     1
 90
        0
176
     1
290
     0
176
     1
290
     1
176
     1
290
     1
176
     1
290
     0
290
     0
176
     1
290
     0
290
     0
176
     1
290
     0
176
     1
290
     0
176
     1
 90
       50
176
     1
 40
0.0
176
     1
 40
1.0
176
     1
 90
        0
176
     1
 62
     0
420
-1040187392
176
     1
 90
       50
176
     1
 90
        3
176
     1
 62
     5
420
-1040187137
176
     1
290
     0
176
     1
 90
       50
176
     1
 90
       50
176
     1
 90
       50
176
     1
290
     0
176
     1
 90
       50
176
     1
 62
     0
176
     0
 40
1.0
176
     0
 90
        2
176
     1
  1
strokes_ogs.tif
176
     1
290
     0
176
     1
 40
1.0
176
     1
 40
1.0
176
     1
  0
VISUALSTYLE
  5
855
102
{ACAD_REACTORS
330
2B
102
}
330
2B
100
AcDbVisualStyle
  2
Hidden
 70
     6
177
     2
291
     0
 70
    58
 90
        1
176
     1
 90
        2
176
     1
 90
        2
176
     1
 90
        0
176
     1
 40
0.6
176
     1
 40
30.0
176
     1
 62
     7
420
-1023410177
176
     1
 90
        2
176
     1
 90
        2
176
     1
 62
     7
176
     1
 62
   257
176
     1
 90
        2
176
     1
 90
        1
176
     1
 40
40.0
176
     1
 90
        0
176
     1
 62
   257
176
     1
 40
1.0
176
     1
 90
        1
176
     1
 90
        6
176
     1
 90
        2
176
     1
 62
     7
176
     1
 90
        3
176
     1
 90
        0
176
     1
 90
        0
176
     1
290
     0
176
     1
 90
        1
176
     1
 40
0.0
176
     1
 90
        0
176
     1
290
     0
176
     1
290
     1
176
     1
290
     1
176
     1
290
     0
290
     0
176
     1
290
     0
290
     0
176
     1
290
     0
176
     1
290
     0
176
     1
 90
       50
176
     1
 40
0.0
176
     1
 40
1.0
176
     1
 90
        0
176
     1
 62
     0
420
-1040187392
176
     1
 90
       50
176
     1
 90
        3
176
     1
 62
     5
420
-1040187137
176
     1
290
     0
176
     1
 90
       50
176
     1
 90
       50
176
     1
 90
       50
176
     1
290
     0
176
     1
 90
       50
176
     1
 62
     0
176
     0
 40
1.0
176
     0
 90
        2
176
     1
  1
strokes_ogs.tif
176
     1
290
     0
176
     1
 40
1.0
176
     1
 40
1.0
176
     1
  0
VISUALSTYLE
  5
856
102
{ACAD_REACTORS
330
2B
102
}
330
2B
100
AcDbVisualStyle
  2
Conceptual
 70
     9
177
     2
291
     0
 70
    58
 90
        3
176
     1
 90
        2
176
     1
 90
        0
176
     1
 90
        0
176
     1
 40
0.6
176
     1
 40
30.0
176
     1
 62
     7
420
-1023410177
176
     1
 90
        2
176
     1
 90
        2
176
     1
 62
     7
176
     1
 62
   257
176
     1
 90
        1
176
     1
 90
        1
176
     1
 40
179.0
176
     1
 90
        8
176
     1
 62
     7
176
     1
 40
1.0
176
     1
 90
        1
176
     1
 90
        6
176
     1
 90
        2
176
     1
 62
     7
176
     1
 90
        3
176
     1
 90
        0
176
     1
 90
        0
176
     1
290
     0
176
     1
 90
        1
176
     1
 40
0.0
176
     1
 90
        0
176
     1
290
     0
176
     1
290
     1
176
     1
290
     1
176
     1
290
     0
290
     0
176
     1
290
     0
290
     0
176
     1
290
     0
176
     1
290
     0
176
     1
 90
       50
176
     1
 40
0.0
176
     1
 40
1.0
176
     1
 90
        0
176
     1
 62
     0
420
-1040187392
176
     1
 90
       50
176
     1
 90
        3
176
     1
 62
     5
420
-1040187137
176
     1
290
     0
176
     1
 90
       50
176
     1
 90
       50
176
     1
 90
       50
176
     1
290
     0
176
     1
 90
       50
176
     1
 62
     0
176
     0
 40
1.0
176
     0
 90
        2
176
     1
  1
strokes_ogs.tif
176
     1
290
     0
176
     1
 40
1.0
176
     1
 40
1.0
176
     1
  0
VISUALSTYLE
  5
857
102
{ACAD_REACTORS
330
2B
102
}
330
2B
100
AcDbVisualStyle
  2
Dim
 70
    11
177
     2
291
     1
 70
    58
 90
        2
176
     1
 90
        2
176
     1
 90
        0
176
     1
 90
        0
176
     1
 40
0.6
176
     1
 40
30.0
176
     1
 62
     7
420
-1023410177
176
     1
 90
        1
176
     1
 90
        4
176
     1
 62
     7
176
     1
 62
   257
176
     1
 90
        1
176
     1
 90
        1
176
     1
 40
1.0
176
     1
 90
        8
176
     1
 62
     7
176
     1
 40
1.0
176
     1
 90
        1
176
     1
 90
        6
176
     1
 90
        2
176
     1
 62
     7
176
     1
 90
        5
176
     1
 90
        0
176
     1
 90
        0
176
     1
290
     0
176
     1
 90
        1
176
     1
 40
-50.0
176
     1
 90
        0
176
     1
290
     0
176
     1
290
     1
176
     1
290
     1
176
     1
290
     0
290
     0
176
     1
290
     0
290
     0
176
     1
290
     0
176
     1
290
     0
176
     1
 90
       50
176
     1
 40
0.0
176
     1
 40
1.0
176
     1
 90
        0
176
     1
 62
     0
420
-1040187392
176
     1
 90
       50
176
     1
 90
        3
176
     1
 62
     5
420
-1040187137
176
     1
290
     0
176
     1
 90
       50
176
     1
 90
       50
176
     1
 90
       50
176
     1
290
     0
176
     1
 90
       50
176
     1
 62
     0
176
     0
 40
1.0
176
     0
 90
        2
176
     1
  1
strokes_ogs.tif
176
     1
290
     0
176
     1
 40
1.0
176
     1
 40
1.0
176
     1
  0
VISUALSTYLE
  5
858
102
{ACAD_REACTORS
330
2B
102
}
330
2B
100
AcDbVisualStyle
  2
Brighten
 70
    12
177
     2
291
     1
 70
    58
 90
        2
176
     1
 90
        2
176
     1
 90
        0
176
     1
 90
        0
176
     1
 40
0.6
176
     1
 40
30.0
176
     1
 62
     7
420
-1023410177
176
     1
 90
        1
176
     1
 90
        4
176
     1
 62
     7
176
     1
 62
   257
176
     1
 90
        1
176
     1
 90
        1
176
     1
 40
1.0
176
     1
 90
        8
176
     1
 62
     7
176
     1
 40
1.0
176
     1
 90
        1
176
     1
 90
        6
176
     1
 90
        2
176
     1
 62
     7
176
     1
 90
        5
176
     1
 90
        0
176
     1
 90
        0
176
     1
290
     0
176
     1
 90
        1
176
     1
 40
50.0
176
     1
 90
        0
176
     1
290
     0
176
     1
290
     1
176
     1
290
     1
176
     1
290
     0
290
     0
176
     1
290
     0
290
     0
176
     1
290
     0
176
     1
290
     0
176
     1
 90
       50
176
     1
 40
0.0
176
     1
 40
1.0
176
     1
 90
        0
176
     1
 62
     0
420
-1040187392
176
     1
 90
       50
176
     1
 90
        3
176
     1
 62
     5
420
-1040187137
176
     1
290
     0
176
     1
 90
       50
176
     1
 90
       50
176
     1
 90
       50
176
     1
290
     0
176
     1
 90
       50
176
     1
 62
     0
176
     0
 40
1.0
176
     0
 90
        2
176
     1
  1
strokes_ogs.tif
176
     1
290
     0
176
     1
 40
1.0
176
     1
 40
1.0
176
     1
  0
VISUALSTYLE
  5
859
102
{ACAD_REACTORS
330
2B
102
}
330
2B
100
AcDbVisualStyle
  2
Thicken
 70
    13
177
     2
291
     1
 70
    58
 90
        2
176
     1
 90
        2
176
     1
 90
        0
176
     1
 90
        0
176
     1
 40
0.6
176
     1
 40
30.0
176
     1
 62
     7
420
-1023410177
176
     1
 90
        1
176
     1
 90
        4
176
     1
 62
     7
176
     1
 62
   257
176
     1
 90
        1
176
     1
 90
        1
176
     1
 40
1.0
176
     1
 90
       12
176
     1
 62
     7
176
     1
 40
1.0
176
     1
 90
        1
176
     1
 90
        6
176
     1
 90
        2
176
     1
 62
     7
176
     1
 90
        5
176
     1
 90
        0
176
     1
 90
        0
176
     1
290
     0
176
     1
 90
        1
176
     1
 40
0.0
176
     1
 90
        0
176
     1
290
     0
176
     1
290
     1
176
     1
290
     1
176
     1
290
     0
290
     0
176
     1
290
     0
290
     0
176
     1
290
     0
176
     1
290
     0
176
     1
 90
       50
176
     1
 40
0.0
176
     1
 40
1.0
176
     1
 90
        0
176
     1
 62
     0
420
-1040187392
176
     1
 90
       50
176
     1
 90
        3
176
     1
 62
     5
420
-1040187137
176
     1
290
     0
176
     1
 90
       50
176
     1
 90
       50
176
     1
 90
       50
176
     1
290
     0
176
     1
 90
       50
176
     1
 62
     0
176
     0
 40
1.0
176
     0
 90
        2
176
     1
  1
strokes_ogs.tif
176
     1
290
     0
176
     1
 40
1.0
176
     1
 40
1.0
176
     1
  0
VISUALSTYLE
  5
85A
102
{ACAD_REACTORS
330
2B
102
}
330
2B
100
AcDbVisualStyle
  2
Linepattern
 70
    14
177
     2
291
     1
 70
    58
 90
        2
176
     1
 90
        2
176
     1
 90
        0
176
     1
 90
        0
176
     1
 40
0.6
176
     1
 40
30.0
176
     1
 62
     7
420
-1023410177
176
     1
 90
        1
176
     1
 90
        4
176
     1
 62
     7
176
     1
 62
   257
176
     1
 90
        7
176
     1
 90
        7
176
     1
 40
1.0
176
     1
 90
        8
176
     1
 62
     7
176
     1
 40
1.0
176
     1
 90
        1
176
     1
 90
        6
176
     1
 90
        2
176
     1
 62
     7
176
     1
 90
        5
176
     1
 90
        0
176
     1
 90
        0
176
     1
290
     0
176
     1
 90
        1
176
     1
 40
0.0
176
     1
 90
        0
176
     1
290
     0
176
     1
290
     1
176
     1
290
     1
176
     1
290
     0
290
     0
176
     1
290
     0
290
     0
176
     1
290
     0
176
     1
290
     0
176
     1
 90
       50
176
     1
 40
0.0
176
     1
 40
1.0
176
     1
 90
        0
176
     1
 62
     0
420
-1040187392
176
     1
 90
       50
176
     1
 90
        3
176
     1
 62
     5
420
-1040187137
176
     1
290
     0
176
     1
 90
       50
176
     1
 90
       50
176
     1
 90
       50
176
     1
290
     0
176
     1
 90
       50
176
     1
 62
     0
176
     0
 40
1.0
176
     0
 90
        2
176
     1
  1
strokes_ogs.tif
176
     1
290
     0
176
     1
 40
1.0
176
     1
 40
1.0
176
     1
  0
VISUALSTYLE
  5
85B
102
{ACAD_REACTORS
330
2B
102
}
330
2B
100
AcDbVisualStyle
  2
Facepattern
 70
    15
177
     2
291
     1
 70
    58
 90
        2
176
     1
 90
        2
176
     1
 90
        0
176
     1
 90
        0
176
     1
 40
0.6
176
     1
 40
30.0
176
     1
 62
     7
420
-1023410177
176
     1
 90
        1
176
     1
 90
        4
176
     1
 62
     7
176
     1
 62
   257
176
     1
 90
        1
176
     1
 90
        1
176
     1
 40
1.0
176
     1
 90
        8
176
     1
 62
     7
176
     1
 40
1.0
176
     1
 90
        1
176
     1
 90
        6
176
     1
 90
        2
176
     1
 62
     7
176
     1
 90
        5
176
     1
 90
        0
176
     1
 90
        0
176
     1
290
     0
176
     1
 90
        1
176
     1
 40
0.0
176
     1
 90
        0
176
     1
290
     0
176
     1
290
     1
176
     1
290
     1
176
     1
290
     0
290
     0
176
     1
290
     0
290
     0
176
     1
290
     0
176
     1
290
     0
176
     1
 90
       50
176
     1
 40
0.0
176
     1
 40
1.0
176
     1
 90
        0
176
     1
 62
     0
420
-1040187392
176
     1
 90
       50
176
     1
 90
        3
176
     1
 62
     5
420
-1040187137
176
     1
290
     0
176
     1
 90
       50
176
     1
 90
       50
176
     1
 90
       50
176
     1
290
     0
176
     1
 90
       50
176
     1
 62
     0
176
     0
 40
1.0
176
     0
 90
        2
176
     1
  1
strokes_ogs.tif
176
     1
290
     0
176
     1
 40
1.0
176
     1
 40
1.0
176
     1
  0
VISUALSTYLE
  5
85C
102
{ACAD_REACTORS
330
2B
102
}
330
2B
100
AcDbVisualStyle
  2
ColorChange
 70
    16
177
     2
291
     1
 70
    58
 90
        2
176
     1
 90
        2
176
     1
 90
        3
176
     1
 90
        0
176
     1
 40
0.6
176
     1
 40
30.0
176
     1
 62
     9
420
-1031765888
176
     1
 90
        1
176
     1
 90
        4
176
     1
 62
     7
176
     1
 62
   257
176
     1
 90
        1
176
     1
 90
        1
176
     1
 40
1.0
176
     1
 90
        8
176
     1
 62
     9
420
-1031765888
176
     1
 40
1.0
176
     1
 90
        1
176
     1
 90
        6
176
     1
 90
        2
176
     1
 62
     7
176
     1
 90
        5
176
     1
 90
        0
176
     1
 90
        0
176
     1
290
     0
176
     1
 90
        1
176
     1
 40
0.0
176
     1
 90
        0
176
     1
290
     0
176
     1
290
     1
176
     1
290
     1
176
     1
290
     0
290
     0
176
     1
290
     0
290
     0
176
     1
290
     0
176
     1
290
     0
176
     1
 90
       50
176
     1
 40
0.0
176
     1
 40
1.0
176
     1
 90
        0
176
     1
 62
     0
420
-1040187392
176
     1
 90
       50
176
     1
 90
        3
176
     1
 62
     5
420
-1040187137
176
     1
290
     0
176
     1
 90
       50
176
     1
 90
       50
176
     1
 90
       50
176
     1
290
     0
176
     1
 90
       50
176
     1
 62
     0
176
     0
 40
1.0
176
     0
 90
        2
176
     1
  1
strokes_ogs.tif
176
     1
290
     0
176
     1
 40
1.0
176
     1
 40
1.0
176
     1
  0
VISUALSTYLE
  5
85D
102
{ACAD_REACTORS
330
2B
102
}
330
2B
100
AcDbVisualStyle
  2
Shades of Gray
 70
    23
177
     2
291
     0
 70
    58
 90
        2
176
     1
 90
        2
176
     1
 90
        3
176
     1
 90
        0
176
     1
 40
0.6
176
     1
 40
30.0
176
     1
 62
     7
420
-1023410177
176
     1
 90
        2
176
     1
 90
        2
176
     1
 62
     7
176
     1
 62
     7
176
     1
 90
        1
176
     1
 90
        1
176
     1
 40
40.0
176
     1
 90
        8
176
     1
 62
     7
176
     1
 40
1.0
176
     1
 90
        1
176
     1
 90
        6
176
     1
 90
        2
176
     1
 62
     7
176
     1
 90
        3
176
     1
 90
        0
176
     1
 90
        0
176
     1
290
     0
176
     1
 90
        1
176
     1
 40
0.0
176
     1
 90
        0
176
     1
290
     0
176
     1
290
     1
176
     1
290
     1
176
     1
290
     0
290
     0
176
     1
290
     0
290
     0
176
     1
290
     0
176
     1
290
     0
176
     1
 90
       50
176
     1
 40
0.0
176
     1
 40
1.0
176
     1
 90
        0
176
     1
 62
     0
420
-1040187392
176
     1
 90
       50
176
     1
 90
        3
176
     1
 62
     5
420
-1040187137
176
     1
290
     0
176
     1
 90
       50
176
     1
 90
       50
176
     1
 90
       50
176
     1
290
     0
176
     1
 90
       50
176
     1
 62
     0
176
     0
 40
1.0
176
     0
 90
        2
176
     1
  1
strokes_ogs.tif
176
     1
290
     0
176
     1
 40
1.0
176
     1
 40
1.0
176
     1
  0
VISUALSTYLE
  5
85E
102
{ACAD_REACTORS
330
2B
102
}
330
2B
100
AcDbVisualStyle
  2
Sketchy
 70
    24
177
     2
291
     0
 70
    58
 90
        1
176
     1
 90
        2
176
     1
 90
        2
176
     1
 90
        0
176
     1
 40
0.6
176
     1
 40
30.0
176
     1
 62
     7
420
-1023410177
176
     1
 90
        2
176
     1
 90
        2
176
     1
 62
     7
176
     1
 62
     7
176
     1
 90
        1
176
     1
 90
        1
176
     1
 40
40.0
176
     1
 90
       11
176
     1
 62
     7
176
     1
 40
1.0
176
     1
 90
        1
176
     1
 90
        6
176
     1
 90
        2
176
     1
 62
     7
176
     1
 90
        6
176
     1
 90
        0
176
     1
 90
        0
176
     1
290
     0
176
     1
 90
        1
176
     1
 40
0.0
176
     1
 90
        0
176
     1
290
     0
176
     1
290
     1
176
     1
290
     1
176
     1
290
     0
290
     0
176
     1
290
     0
290
     0
176
     1
290
     0
176
     1
290
     0
176
     1
 90
       50
176
     1
 40
0.0
176
     1
 40
1.0
176
     1
 90
        0
176
     1
 62
     0
420
-1040187392
176
     1
 90
       50
176
     1
 90
        3
176
     1
 62
     5
420
-1040187137
176
     1
290
     0
176
     1
 90
       50
176
     1
 90
       50
176
     1
 90
       50
176
     1
290
     0
176
     1
 90
       50
176
     1
 62
     0
176
     0
 40
1.0
176
     0
 90
        2
176
     1
  1
strokes_ogs.tif
176
     1
290
     0
176
     1
 40
1.0
176
     1
 40
1.0
176
     1
  0
VISUALSTYLE
  5
85F
102
{ACAD_REACTORS
330
2B
102
}
330
2B
100
AcDbVisualStyle
  2
X-Ray
 70
    25
177
     2
291
     0
 70
    58
 90
        2
176
     1
 90
        2
176
     1
 90
        1
176
     1
 90
        1
176
     1
 40
0.5
176
     1
 40
30.0
176
     1
 62
     7
420
-1023410177
176
     1
 90
        1
176
     1
 90
        0
176
     1
 62
     7
176
     1
 62
   257
176
     1
 90
        1
176
     1
 90
        1
176
     1
 40
1.0
176
     1
 90
        8
176
     1
 62
     7
176
     1
 40
1.0
176
     1
 90
        1
176
     1
 90
        6
176
     1
 90
        2
176
     1
 62
     7
176
     1
 90
        3
176
     1
 90
        0
176
     1
 90
        0
176
     1
290
     0
176
     1
 90
       13
176
     1
 40
0.0
176
     1
 90
        0
176
     1
290
     0
176
     1
290
     1
176
     1
290
     1
176
     1
290
     0
290
     0
176
     1
290
     0
290
     0
176
     1
290
     0
176
     1
290
     0
176
     1
 90
       50
176
     1
 40
0.0
176
     1
 40
1.0
176
     1
 90
        0
176
     1
 62
     0
420
-1040187392
176
     1
 90
       50
176
     1
 90
        3
176
     1
 62
     5
420
-1040187137
176
     1
290
     0
176
     1
 90
       50
176
     1
 90
       50
176
     1
 90
       50
176
     1
290
     0
176
     1
 90
       50
176
     1
 62
     0
176
     0
 40
1.0
176
     0
 90
        2
176
     1
  1
strokes_ogs.tif
176
     1
290
     0
176
     1
 40
1.0
176
     1
 40
1.0
176
     1
  0
VISUALSTYLE
  5
860
102
{ACAD_REACTORS
330
2B
102
}
330
2B
100
AcDbVisualStyle
  2
Shaded with edges
 70
    26
177
     2
291
     0
 70
    58
 90
        2
176
     1
 90
        2
176
     1
 90
        1
176
     1
 90
        2
176
     1
 40
0.6
176
     1
 40
30.0
176
     1
 62
     7
420
-1023410177
176
     1
 90
        1
176
     1
 90
        2
176
     1
 62
     7
176
     1
 62
   257
176
     1
 90
        2
176
     1
 90
        1
176
     1
 40
1.0
176
     1
 90
        8
176
     1
 62
   257
176
     1
 40
1.0
176
     1
 90
        1
176
     1
 90
        6
176
     1
 90
        2
176
     1
 62
     7
176
     1
 90
        3
176
     1
 90
        0
176
     1
 90
        0
176
     1
290
     0
176
     1
 90
        5
176
     1
 40
0.0
176
     1
 90
        0
176
     1
290
     0
176
     1
290
     1
176
     1
290
     1
176
     1
290
     0
290
     0
176
     1
290
     0
290
     0
176
     1
290
     0
176
     1
290
     0
176
     1
 90
       50
176
     1
 40
0.0
176
     1
 40
1.0
176
     1
 90
        0
176
     1
 62
     0
420
-1040187392
176
     1
 90
       50
176
     1
 90
        3
176
     1
 62
     5
420
-1040187137
176
     1
290
     0
176
     1
 90
       50
176
     1
 90
       50
176
     1
 90
       50
176
     1
290
     0
176
     1
 90
       50
176
     1
 62
     0
176
     0
 40
1.0
176
     0
 90
        2
176
     1
  1
strokes_ogs.tif
176
     1
290
     0
176
     1
 40
1.0
176
     1
 40
1.0
176
     1
  0
VISUALSTYLE
  5
861
102
{ACAD_REACTORS
330
2B
102
}
330
2B
100
AcDbVisualStyle
  2
Shaded
 70
    27
177
     2
291
     0
 70
    58
 90
        2
176
     1
 90
        2
176
     1
 90
        1
176
     1
 90
        2
176
     1
 40
0.6
176
     1
 40
30.0
176
     1
 62
     7
420
-1023410177
176
     1
 90
        0
176
     1
 90
        4
176
     1
 62
     7
176
     1
 62
   257
176
     1
 90
        1
176
     1
 90
        1
176
     1
 40
1.0
176
     1
 90
        8
176
     1
 62
   257
176
     1
 40
1.0
176
     1
 90
        1
176
     1
 90
        6
176
     1
 90
        2
176
     1
 62
   256
420
-1032292232
176
     1
 90
        3
176
     1
 90
        0
176
     1
 90
        0
176
     1
290
     0
176
     1
 90
        5
176
     1
 40
0.0
176
     1
 90
        0
176
     1
290
     0
176
     1
290
     1
176
     1
290
     1
176
     1
290
     0
290
     0
176
     1
290
     0
290
     0
176
     1
290
     0
176
     1
290
     0
176
     1
 90
       50
176
     1
 40
0.0
176
     1
 40
1.0
176
     1
 90
        0
176
     1
 62
     0
420
-1040187392
176
     1
 90
       50
176
     1
 90
        3
176
     1
 62
     5
420
-1040187137
176
     1
290
     0
176
     1
 90
       50
176
     1
 90
       50
176
     1
 90
       50
176
     1
290
     0
176
     1
 90
       50
176
     1
 62
     0
176
     0
 40
1.0
176
     0
 90
        2
176
     1
  1
strokes_ogs.tif
176
     1
290
     0
176
     1
 40
1.0
176
     1
 40
1.0
176
     1
  0
VISUALSTYLE
  5
862
102
{ACAD_REACTORS
330
2B
102
}
330
2B
100
AcDbVisualStyle
  2
JitterOff
 70
    20
177
     2
291
     1
 70
    58
 90
        2
176
     0
 90
        2
176
     0
 90
        0
176
     0
 90
        0
176
     0
 40
0.6
176
     0
 40
30.0
176
     0
 62
     7
420
-1023410177
176
     0
 90
        1
176
     0
 90
        4
176
     0
 62
     7
176
     0
 62
   257
176
     0
 90
        1
176
     0
 90
        1
176
     0
 40
1.0
176
     0
 90
       10
176
     2
 62
     7
176
     0
 40
1.0
176
     0
 90
        1
176
     0
 90
        6
176
     0
 90
        2
176
     0
 62
     7
176
     0
 90
        5
176
     0
 90
        0
176
     0
 90
        0
176
     0
290
     0
176
     0
 90
        1
176
     0
 40
0.0
176
     0
 90
        0
176
     0
290
     0
176
     0
290
     1
176
     0
290
     1
176
     0
290
     0
290
     0
176
     0
290
     0
290
     0
176
     0
290
     0
176
     0
290
     0
176
     0
 90
       50
176
     0
 40
0.0
176
     0
 40
1.0
176
     0
 90
        0
176
     0
 62
     0
420
-1040187392
176
     0
 90
       50
176
     0
 90
        3
176
     0
 62
     5
420
-1040187137
176
     0
290
     0
176
     0
 90
       50
176
     0
 90
       50
176
     0
 90
       50
176
     0
290
     0
176
     0
 90
       50
176
     0
 62
     0
176
     0
 40
1.0
176
     0
 90
        2
176
     0
  1
strokes_ogs.tif
176
     0
290
     0
176
     0
 40
1.0
176
     0
 40
1.0
176
     0
  0
VISUALSTYLE
  5
863
102
{ACAD_REACTORS
330
2B
102
}
330
2B
100
AcDbVisualStyle
  2
OverhangOff
 70
    21
177
     2
291
     1
 70
    58
 90
        2
176
     0
 90
        2
176
     0
 90
        0
176
     0
 90
        0
176
     0
 40
0.6
176
     0
 40
30.0
176
     0
 62
     7
420
-1023410177
176
     0
 90
        1
176
     0
 90
        4
176
     0
 62
     7
176
     0
 62
   257
176
     0
 90
        1
176
     0
 90
        1
176
     0
 40
1.0
176
     0
 90
        9
176
     2
 62
     7
176
     0
 40
1.0
176
     0
 90
        1
176
     0
 90
        6
176
     0
 90
        2
176
     0
 62
     7
176
     0
 90
        5
176
     0
 90
        0
176
     0
 90
        0
176
     0
290
     0
176
     0
 90
        1
176
     0
 40
0.0
176
     0
 90
        0
176
     0
290
     0
176
     0
290
     1
176
     0
290
     1
176
     0
290
     0
290
     0
176
     0
290
     0
290
     0
176
     0
290
     0
176
     0
290
     0
176
     0
 90
       50
176
     0
 40
0.0
176
     0
 40
1.0
176
     0
 90
        0
176
     0
 62
     0
420
-1040187392
176
     0
 90
       50
176
     0
 90
        3
176
     0
 62
     5
420
-1040187137
176
     0
290
     0
176
     0
 90
       50
176
     0
 90
       50
176
     0
 90
       50
176
     0
290
     0
176
     0
 90
       50
176
     0
 62
     0
176
     0
 40
1.0
176
     0
 90
        2
176
     0
  1
strokes_ogs.tif
176
     0
290
     0
176
     0
 40
1.0
176
     0
 40
1.0
176
     0
  0
VISUALSTYLE
  5
864
102
{ACAD_REACTORS
330
2B
102
}
330
2B
100
AcDbVisualStyle
  2
EdgeColorOff
 70
    22
177
     2
291
     1
 70
    58
 90
        2
176
     0
 90
        2
176
     0
 90
        0
176
     0
 90
        0
176
     0
 40
0.6
176
     0
 40
30.0
176
     0
 62
     7
420
-1023410177
176
     0
 90
        1
176
     0
 90
        4
176
     0
 62
     7
176
     0
 62
   257
176
     0
 90
        1
176
     0
 90
        1
176
     0
 40
1.0
176
     0
 90
        8
176
     2
 62
     7
176
     0
 40
1.0
176
     0
 90
        1
176
     0
 90
        6
176
     0
 90
        2
176
     0
 62
     7
176
     0
 90
        5
176
     0
 90
        0
176
     0
 90
        0
176
     0
290
     0
176
     0
 90
        1
176
     0
 40
0.0
176
     0
 90
        0
176
     0
290
     0
176
     0
290
     1
176
     0
290
     1
176
     0
290
     0
290
     0
176
     0
290
     0
290
     0
176
     0
290
     0
176
     0
290
     0
176
     0
 90
       50
176
     0
 40
0.0
176
     0
 40
1.0
176
     0
 90
        0
176
     0
 62
     0
420
-1040187392
176
     0
 90
       50
176
     0
 90
        3
176
     0
 62
     5
420
-1040187137
176
     0
290
     0
176
     0
 90
       50
176
     0
 90
       50
176
     0
 90
       50
176
     0
290
     0
176
     0
 90
       50
176
     0
 62
     0
176
     0
 40
1.0
176
     0
 90
        2
176
     0
  1
strokes_ogs.tif
176
     0
290
     0
176
     0
 40
1.0
176
     0
 40
1.0
176
     0
  0
DICTIONARY
  5
866
102
{ACAD_REACTORS
330
B
102
}
330
B
100
AcDbDictionary
281
     1
  3
Imperial24
350
867
  0
ACDBSECTIONVIEWSTYLE
  5
867
102
{ACAD_REACTORS
330
866
102
}
330
866
100
AcDbModelDocViewStyle
 70
     0
  3
Imperial24
290
     1
300
Imperial24
 90
        0
100
AcDbSectionViewStyle
 70
     0
 71
     0
 90
       78
 71
     1
340
21
 62
     0
 40
0.24
340
0
340
0
 62
     0
 40
0.24
300
I, O, Q, S, X, Z
 40
0.48
 90
        3
 40
0.18
 90
        1
 71
     2
340
10
 90
       25
 62
     0
340
10
 90
       50
 62
     0
 40
0.24
 40
0.0
 40
0.24
 71
     3
340
21
 62
     0
 40
0.24
 90
        1
 40
0.75
 90
        1
300
%<\AcVar ViewType \f "%tc1">% %<\AcVar ViewSectionStartId>%-%<\AcVar ViewSectionEndId>%\PSCALE %<\AcVar ViewScale \f "%sn">%
 71
     4
 62
     0
 62
   257
300
ANSI31
 40
1.0
 90
        0
290
     0
290
     0
 90
        6
 40
0.0
 40
1.570796326794897
 40
0.2617993877991494
 40
1.308996938995747
 40
-0.2617993877991494
 40
1.832595714594046
  0
DICTIONARY
  5
868
102
{ACAD_REACTORS
330
B
102
}
330
B
100
AcDbDictionary
281
     1
  3
Imperial24
350
869
  0
ACDBDETAILVIEWSTYLE
  5
869
102
{ACAD_REACTORS
330
868
102
}
330
868
100
AcDbModelDocViewStyle
 70
     0
  3
Imperial24
290
     1
300
Imperial24
 90
        0
100
AcDbDetailViewStyle
 70
     0
 71
     0
 90
        3
 71
     1
340
21
 62
     0
 40
0.24
340
0
 62
     0
 40
0.24
300

 40
0.36
280
     3
 71
     2
340
10
 90
       25
 62
     0
 71
     3
340
21
 62
     0
 40
0.24
 90
        1
 40
0.75
 90
        1
300
%<\AcVar ViewType \f "%tc1">% %<\AcVar ViewDetailId>%\PSCALE %<\AcVar ViewScale \f "%sn">%
 71
     4
340
10
 90
       25
 62
     0
340
10
 90
       25
 62
     0
280
     0
  0
XRECORD
  5
871
102
{ACAD_REACTORS
330
B
102
}
330
B
100
AcDbXrecord
280
     1
300
ACD
300
2019
300
ACD_F_S
  0
XRECORD
  5
88B
102
{ACAD_REACTORS
330
88A
102
}
330
88A
100
AcDbXrecord
280
     1
340
62
  0
XRECORD
  5
88E
102
{ACAD_REACTORS
330
88D
102
}
330
88D
100
AcDbXrecord
280
     1
330
62
  0
XRECORD
  5
88F
102
{ACAD_REACTORS
330
88A
102
}
330
88A
100
AcDbXrecord
280
     1
290
     0
292
     0
293
     0
294
     0
  0
XRECORD
  5
892
102
{ACAD_REACTORS
330
891
102
}
330
891
100
AcDbXrecord
280
     1
340
62
  0
XRECORD
  5
895
102
{ACAD_REACTORS
330
894
102
}
330
894
100
AcDbXrecord
280
     1
330
62
  0
XRECORD
  5
896
102
{ACAD_REACTORS
330
891
102
}
330
891
100
AcDbXrecord
280
     1
290
     0
292
     0
293
     0
294
     0
  0
XRECORD
  5
8A1
102
{ACAD_REACTORS
330
8A0
102
}
330
8A0
100
AcDbXrecord
280
     1
340
62
  0
XRECORD
  5
8A4
102
{ACAD_REACTORS
330
8A3
102
}
330
8A3
100
AcDbXrecord
280
     1
330
62
  0
XRECORD
  5
8A5
102
{ACAD_REACTORS
330
8A0
102
}
330
8A0
100
AcDbXrecord
280
     1
290
     0
292
     0
293
     0
294
     0
  0
XRECORD
  5
8A8
102
{ACAD_REACTORS
330
8A7
102
}
330
8A7
100
AcDbXrecord
280
     1
340
62
  0
XRECORD
  5
8AB
102
{ACAD_REACTORS
330
8AA
102
}
330
8AA
100
AcDbXrecord
280
     1
330
62
  0
XRECORD
  5
8AC
102
{ACAD_REACTORS
330
8A7
102
}
330
8A7
100
AcDbXrecord
280
     1
290
     0
292
     0
293
     0
294
     0
  0
ENDSEC
  0
SECTION
  2
THUMBNAILIMAGE
 90
     2121
310
22080000020147380400500000000697380400BF070000000000000000000000000000000000000000000000000000000000000000000000000000000000000000000000000000000000000000000000000000000000000000000000000000000000000000000089504E470D0A1A0A0000000D494844520000010000000071
310
08030000000DA58D8400000300504C5445000000FFFFFF0000000000000000000000000000000000000000000000000000000000330000660000990000CC0000FF0033000033330033660033990033CC0033FF0066000066330066660066990066CC0066FF0099000099330099660099990099CC0099FF00CC0000CC3300CC
310
6600CC9900CCCC00CCFF00FF0000FF3300FF6600FF9900FFCC00FFFF3300003300333300663300993300CC3300FF3333003333333333663333993333CC3333FF3366003366333366663366993366CC3366FF3399003399333399663399993399CC3399FF33CC0033CC3333CC6633CC9933CCCC33CCFF33FF0033FF3333FF66
310
33FF9933FFCC33FFFF6600006600336600666600996600CC6600FF6633006633336633666633996633CC6633FF6666006666336666666666996666CC6666FF6699006699336699666699996699CC6699FF66CC0066CC3366CC6666CC9966CCCC66CCFF66FF0066FF3366FF6666FF9966FFCC66FFFF99000099003399006699
310
00999900CC9900FF9933009933339933669933999933CC9933FF9966009966339966669966999966CC9966FF9999009999339999669999999999CC9999FF99CC0099CC3399CC6699CC9999CCCC99CCFF99FF0099FF3399FF6699FF9999FFCC99FFFFCC0000CC0033CC0066CC0099CC00CCCC00FFCC3300CC3333CC3366CC33
310
99CC33CCCC33FFCC6600CC6633CC6666CC6699CC66CCCC66FFCC9900CC9933CC9966CC9999CC99CCCC99FFCCCC00CCCC33CCCC66CCCC99CCCCCCCCCCFFCCFF00CCFF33CCFF66CCFF99CCFFCCCCFFFFFF0000FF0033FF0066FF0099FF00CCFF00FFFF3300FF3333FF3366FF3399FF33CCFF33FFFF6600FF6633FF6666FF6699
310
FF66CCFF66FFFF9900FF9933FF9966FF9999FF99CCFF99FFFFCC00FFCC33FFCC66FFCC99FFCCCCFFCCFFFFFF00FFFF33FFFF66FFFF99FFFFCCFFFFFF0000000D0D0D1A1A1A2828283535354343435050505D5D5D6B6B6B787878868686939393A1A1A1AEAEAEBBBBBBC9C9C9D6D6D6E4E4E4F1F1F1FFFFFF00000000000000
310
00000000000000000000000000000000000000000000003AE5ACE90000047A4944415478DAED9D4B76AB300C86B583AEC4C34EB2B6ACA94BF024DBF028634F352F06BF1FB4013F482CE570CAA509763E7E4BB20CBD006464646464A9C977B62A00DEF9E211000240000800012000954E728DA83C1240214FD21B9437FDD119
310
01E8CB3E2900A5FA1FF9B3D874006EB79B05F0FDFDFD33AD026076001FA600C46C705387970DD5F69092732EB93AFE3807A046B8AD0B0097576AF8E5197EA9EFAF102C0C1EA88C29C32300507D8AF9B6FCD35C83AD35D782B3E53AF405A00F7EE9576C4C6D87006C1F8F01A0DF1ABAB7D8B7423B00F81780E7F379DB2C0420
310
E50900EB2998D9CD0130BFD33BCD00E4CFB6F6482CB674488867AA80C56A0158055E508093C910005601F501F823C00A2E06006608C05000591F700E4061C445438019A18C5080F2C762D9F8FA7217AD3E807508E870A32DF00130D0070070DFED99EE5405E0FB00FDFDA501E05A64D02A0F90FB0AE800007C05B8F75C0080
310
504320B8521E807361F00D00E83C80B707B00E01E1B73A04807670C6CD99543819023A1F3A9E0A171420D488435C4F6F01B8ECAB83025447600BBD0A804814D01400AAAC0B46023097DE2A60F100A1130C87406D052C8D09110C81682ED04101BE9B575D1162C707D4031084C1F2197B384166BF5F2E0A2461F00480DB2D9C
310
5E65A240E2969B2B80C50A501AE06D001482CE4800890FD84C845265AC4E3DA0507FF133C1FE0A08A3401206AB1644B27997692D5BA0E8A180200F4812A10C80AAB3411506799486755540BE26D80B4034F3884A222300EC2B60EB57DD7A401074119CC385A600E090025677211B2900EFF73BDE7B29000E2A00AA5784AC02
310
4C59C4AF8923CEA080E7567D949833394601B0E303EA01C02DF3165BFD59AE477431749D06B44C855F00603B14FACFD3006C5B46014B8ABC1C7371F91A00A242B607E0A5B5BD1C80B86B1B0047BD2D80FD95217FD4C7BB267397D106A555F5FF02F0DBEF00000603489A97B634EEF7F512004C35E80C80FC6A3C862E312420
310
DBE601796BA680FF35674EBF160D1A0338EC046BF9805517B0E31BAE01200D83AD0158023302403521B85F0C40E13DF500E0AE7D3680BB01104E808290310480CBC899B7DB06805D15F77EA26C5D16373B51A1DA02D0D5420700A2CA712D00E6B68030D4F4035052402700A521371E80D63DE87B555A0E814B01900F1F0078
310
B7F4B501208B00B4B1DE00BCF5121696832D009BDC3605602E436F00FC050027EB01AAF4B8036075CDECD314102D8E5E500132F001D19CA81D80702D400130DEB833001E2BC0DDAAF10F0037FD70C9CB3EC0662376894E82BEBDFCCA3EE03C009E2AC002809E00AC2E396F3B04FE04000E8022F0660AA80960D064E83200D0
310
4E93E704E015CA3F2B0C9632C1EB0078F42D885C0E40EF8A9077AF5A547B9E0400E68BEF5EC238030016DB6C0AD09597F069996B00489E1B9C4001880FA99F97DD1E1A5E2D7C82F60880C2DAA0B92F080BBFC076B7C9157BB45BDDF001BC5410B9DCC3D3B2DA99BA19012000048000540430FB5F927A432300048000100002
310
400008000120000480001000024000080001387692D9FF8F113232323232B2CFB75FA32FDA62F4B1C97B0000000049454E44AE426082E0DA92F82BC9D7D762A835C062BBEFD400BF11D9BB022E0000000049454E44AE426082
  0
ENDSEC
  0
EOF
